failedPasswords,failedCodes,requestsPerMinute,mouseMovements,keystrokeAvgMs,isProxy,isHosting,hasSuspiciousUA,isOffHoursIST,previousBlocks,timeOnPageSeconds,scrollEvents,pageViews,isAttacker,scenario
0,0,2,185,274.5,False,False,False,False,0,11.4,13,1,0,casual_legit
0,1,5,120,,False,False,False,False,0,25.1,8,3,1,casual_legit
0,0,4,250,261.0,False,False,False,False,0,15.0,10,3,0,casual_legit
1,0,2,4,267.6,False,False,False,False,0,36.8,15,3,0,mobile_legit
0,0,3,142,266.8,False,False,False,False,0,24.4,8,2,0,legit_password_typo
2,0,2,6,318.8,False,False,False,True,0,69.4,3,2,0,mobile_legit
0,0,4,131,318.0,False,False,False,False,0,110.2,11,3,0,casual_legit
0,1,2,104,182.9,False,False,False,False,0,44.9,6,1,0,casual_legit
2,0,5,228,220.3,False,False,False,False,0,104.6,10,2,0,legit_password_typo
0,0,3,11,238.1,False,False,False,True,0,17.3,5,1,0,mobile_legit
0,0,2,138,182.0,False,False,False,False,0,49.0,5,4,0,casual_legit
0,0,3,28,219.2,False,False,False,False,0,57.3,5,2,0,mobile_legit
0,0,2,15,351.3,True,False,False,False,0,37.8,4,1,0,mobile_legit
0,0,0,112,,False,False,False,False,0,16.0,13,3,0,legit_password_typo
0,0,7,131,175.7,False,False,False,True,0,17.8,12,2,0,legit_password_typo
1,0,8,176,222.2,True,True,False,False,0,104.8,13,2,0,legit_on_vpn
1,0,11,4,,False,True,False,False,2,3.0,1,2,1,repeat_offender
6,0,15,0,27.8,True,False,True,False,0,1.1,0,1,1,credential_stuffing_bot
0,0,4,5,249.5,False,False,False,False,0,41.7,8,3,0,mobile_legit
0,0,1,156,225.6,False,False,False,False,0,15.6,12,1,0,casual_legit
1,0,3,165,261.1,False,False,False,False,0,79.9,12,2,0,legit_password_typo
1,0,35,1,,False,True,False,False,0,5.5,1,19,1,scraper_bot
1,0,44,0,,False,False,True,False,0,3.3,1,18,1,scraper_bot
5,1,16,12,60.6,False,True,True,False,2,2.2,2,3,1,repeat_offender
0,0,2,91,,False,False,False,False,0,7.3,8,1,0,casual_legit
0,0,2,15,286.5,False,False,False,False,0,46.3,7,1,1,mobile_legit
0,1,7,8,15.0,True,True,False,False,3,1.4,1,4,1,repeat_offender
1,0,5,28,233.6,False,False,False,False,0,169.7,8,2,0,mobile_legit
0,0,3,137,248.6,False,False,False,False,0,21.1,8,2,0,casual_legit
0,0,5,32,295.5,False,False,True,False,0,8.2,3,3,0,mobile_legit
0,0,3,211,233.2,False,False,False,False,0,102.5,9,4,0,casual_legit
1,2,13,157,213.1,False,False,False,False,0,42.6,7,2,1,careful_human_attacker
6,2,9,119,206.6,False,False,False,True,2,39.7,9,2,1,careful_human_attacker
0,0,5,299,195.3,False,False,False,False,0,54.9,7,2,0,casual_legit
8,3,12,122,212.6,True,True,False,False,1,21.7,11,1,1,careful_human_attacker
1,0,6,137,229.5,False,False,False,False,0,52.0,7,1,0,casual_legit
2,2,19,0,50.7,False,False,True,True,2,7.9,0,1,1,credential_stuffing_bot
0,0,6,106,253.3,True,False,False,False,0,78.9,11,2,0,legit_on_vpn
0,0,0,91,201.9,False,False,False,False,0,28.5,13,3,0,casual_legit
0,0,4,221,353.8,False,False,False,False,0,80.4,11,4,0,casual_legit
0,0,1,0,293.9,False,False,False,True,0,46.3,7,1,0,mobile_legit
0,0,5,21,292.2,False,False,False,False,0,5.7,11,1,0,mobile_legit
5,0,20,0,32.5,True,True,False,True,0,5.1,0,2,1,credential_stuffing_bot
1,0,2,7,156.2,False,False,False,False,0,26.8,9,2,0,mobile_legit
2,0,2,33,262.5,False,False,False,False,0,80.7,4,1,0,mobile_legit
2,0,23,0,46.4,False,False,True,True,0,0.2,0,2,1,credential_stuffing_bot
0,0,6,136,241.4,False,False,False,True,0,33.3,6,3,0,casual_legit
1,0,41,2,,False,True,True,False,0,4.6,1,17,1,scraper_bot
3,1,31,0,,False,False,True,False,2,1.4,0,1,1,credential_stuffing_bot
0,0,60,0,,False,True,True,False,0,1.6,1,21,1,scraper_bot
0,0,3,8,,False,False,False,False,0,8.6,3,2,0,mobile_legit
1,0,5,144,188.7,False,False,False,False,0,45.7,4,1,0,legit_password_typo
1,1,5,150,201.2,False,False,False,False,0,94.2,11,3,0,legit_password_typo
4,2,15,65,187.3,True,False,False,False,1,6.4,6,7,1,careful_human_attacker
0,0,1,211,217.6,False,False,False,False,0,20.6,7,3,0,casual_legit
0,1,15,12,85.0,True,False,False,True,3,4.2,2,5,1,repeat_offender
1,0,0,231,222.8,False,False,False,True,0,33.3,8,2,0,casual_legit
1,0,22,2,22.6,False,True,True,False,0,0.3,0,19,1,scraper_bot
4,4,0,130,266.1,False,False,False,True,0,45.6,5,3,1,careful_human_attacker
0,0,4,156,156.4,False,False,False,False,0,66.1,7,3,0,casual_legit
3,0,29,0,38.5,True,True,False,True,0,1.2,0,2,1,credential_stuffing_bot
0,0,5,203,195.5,False,False,False,True,0,9.3,11,6,0,casual_legit
0,0,4,208,150.4,False,False,False,False,0,19.5,3,1,0,casual_legit
0,0,4,0,313.3,False,False,False,False,0,57.2,3,1,0,mobile_legit
3,0,15,0,,True,True,True,True,0,0.8,2,2,1,credential_stuffing_bot
3,1,13,169,176.7,True,False,False,False,0,106.4,5,2,1,careful_human_attacker
0,0,21,1,,True,True,False,False,0,1.1,0,11,1,scraper_bot
2,0,28,0,64.2,False,False,True,False,2,3.1,0,2,1,credential_stuffing_bot
1,0,4,58,255.8,False,False,False,False,0,13.3,14,1,0,casual_legit
1,1,6,201,243.9,False,False,False,False,0,59.4,11,2,0,legit_password_typo
0,1,5,28,335.7,True,False,False,False,0,18.5,5,1,0,mobile_legit
2,0,1,101,227.7,False,False,False,True,0,17.7,10,3,0,casual_legit
0,0,1,22,291.1,False,False,True,False,0,10.8,4,1,0,mobile_legit
2,0,4,136,138.5,False,False,False,True,0,59.4,11,3,0,legit_password_typo
2,1,15,9,,True,True,False,False,1,5.7,3,2,1,repeat_offender
0,0,2,170,215.6,False,False,False,False,0,22.8,10,2,0,casual_legit
1,0,2,214,214.5,False,False,False,False,0,8.8,5,1,0,casual_legit
4,0,17,0,41.0,True,False,True,False,0,0.2,0,2,1,credential_stuffing_bot
0,0,4,179,248.7,False,False,False,False,0,9.8,9,4,0,casual_legit
0,0,5,136,275.4,False,False,False,False,0,11.8,13,4,0,legit_password_typo
0,0,28,1,31.2,True,True,True,False,0,1.9,1,25,1,scraper_bot
1,0,3,16,308.6,False,False,False,False,1,16.1,8,1,0,mobile_legit
0,0,2,193,280.9,False,False,False,True,0,7.2,6,1,0,casual_legit
1,1,0,27,,False,False,False,False,0,65.9,7,3,0,mobile_legit
1,0,3,176,220.6,False,False,False,False,0,74.3,6,1,0,casual_legit
3,3,10,90,224.7,True,False,False,False,0,18.9,10,1,1,careful_human_attacker
6,1,27,0,38.6,True,True,False,False,0,1.8,0,1,1,credential_stuffing_bot
3,0,3,72,147.3,False,False,False,False,0,69.3,5,3,0,legit_password_typo
2,0,5,150,249.9,False,False,False,True,0,60.8,10,1,0,casual_legit
0,1,5,159,236.9,False,False,False,False,0,38.6,9,1,0,casual_legit
1,0,3,21,238.2,False,False,False,False,0,4.3,10,4,0,mobile_legit
4,0,3,146,171.9,False,False,False,False,0,82.0,12,4,0,legit_password_typo
0,0,1,83,183.6,False,False,False,False,0,10.8,6,2,0,casual_legit
4,3,14,239,174.7,False,False,False,False,1,27.7,6,4,1,careful_human_attacker
0,0,0,96,192.3,False,False,False,False,0,30.8,7,2,0,casual_legit
0,1,4,76,142.2,False,False,False,False,0,44.0,6,2,0,casual_legit
0,0,3,185,188.3,True,False,True,True,0,71.9,8,2,0,casual_legit
1,1,22,1,,True,True,True,True,0,1.3,1,12,1,scraper_bot
1,0,52,1,15.0,True,True,True,False,0,3.7,0,20,1,scraper_bot
0,0,2,13,333.6,False,False,False,False,0,62.8,7,2,0,mobile_legit
0,0,4,206,219.3,False,False,False,False,0,89.3,6,1,0,casual_legit
0,0,1,181,215.0,False,False,True,False,0,23.8,6,2,0,casual_legit
0,0,6,9,237.4,False,False,False,False,0,23.0,7,2,0,mobile_legit
2,1,8,6,80.3,False,False,True,True,3,9.8,0,3,1,repeat_offender
5,3,10,141,329.0,True,True,False,True,3,8.9,10,3,1,careful_human_attacker
0,0,4,96,243.3,True,False,False,True,0,7.1,9,2,0,legit_on_vpn
0,0,3,0,265.7,False,False,False,True,0,28.4,10,2,0,mobile_legit
2,0,3,303,233.1,False,False,False,False,0,20.1,12,4,0,casual_legit
2,0,36,0,,False,False,False,False,1,7.4,1,2,1,credential_stuffing_bot
1,0,1,127,181.9,False,False,False,False,0,31.9,6,6,0,casual_legit
0,0,1,54,188.2,False,False,False,False,0,16.8,7,2,1,casual_legit
6,0,7,0,,True,False,True,True,1,0.7,1,1,1,credential_stuffing_bot
0,0,5,167,203.0,False,False,False,False,0,57.3,6,2,1,casual_legit
0,0,0,173,310.6,False,False,False,False,0,7.2,4,3,0,casual_legit
0,0,1,262,199.5,False,False,False,False,0,138.0,8,3,0,legit_password_typo
3,0,5,153,177.5,False,False,False,False,0,55.2,5,3,0,legit_password_typo
1,0,8,11,77.4,True,False,False,False,1,1.3,2,3,1,repeat_offender
0,0,2,372,169.2,True,False,False,False,0,22.2,7,6,0,casual_legit
1,0,1,72,203.7,False,False,False,False,0,10.7,10,1,0,casual_legit
3,0,34,0,,False,True,True,False,0,1.6,0,1,1,credential_stuffing_bot
0,0,2,127,177.4,False,False,False,True,0,20.3,6,2,0,casual_legit
0,0,37,2,36.5,False,True,True,True,0,2.9,2,13,1,scraper_bot
2,5,11,123,164.8,True,False,False,False,0,6.0,4,3,1,careful_human_attacker
2,0,1,246,189.6,False,False,False,False,0,23.9,8,2,0,casual_legit
3,1,27,0,,False,True,False,False,0,0.9,1,1,1,credential_stuffing_bot
0,0,2,179,233.7,False,False,False,True,0,17.7,8,2,0,casual_legit
0,0,3,115,198.3,False,False,False,False,0,16.6,12,2,0,casual_legit
7,0,8,85,193.1,False,False,False,True,1,11.3,6,2,1,careful_human_attacker
2,1,24,1,49.5,True,False,True,False,2,3.1,0,1,1,credential_stuffing_bot
0,1,1,118,184.9,True,False,False,False,0,57.7,4,3,0,legit_on_vpn
4,1,24,0,,True,True,False,True,1,0.4,0,1,1,credential_stuffing_bot
0,0,2,158,183.1,False,False,False,True,0,32.6,6,7,0,casual_legit
0,0,1,190,171.2,True,False,False,False,0,18.1,4,1,0,legit_on_vpn
1,0,40,1,,False,True,True,False,2,4.6,0,15,1,scraper_bot
0,0,1,3,219.1,False,False,False,False,0,50.6,6,1,0,mobile_legit
3,1,41,0,20.4,True,True,False,False,0,3.4,0,1,1,credential_stuffing_bot
0,0,3,182,196.4,False,False,False,False,0,25.9,8,1,0,casual_legit
0,1,52,0,17.6,False,True,True,False,0,0.4,1,11,1,scraper_bot
0,0,0,33,388.4,False,False,False,False,0,24.6,5,2,0,mobile_legit
2,0,48,0,,False,True,True,True,0,1.2,2,18,1,scraper_bot
0,2,30,1,,False,True,True,True,0,5.7,1,12,1,scraper_bot
0,0,32,1,,False,True,True,True,0,5.7,1,11,1,scraper_bot
0,0,6,15,354.1,False,False,False,False,0,29.8,7,1,0,mobile_legit
3,1,3,94,227.8,False,True,False,True,3,35.0,4,1,1,careful_human_attacker
0,0,1,159,194.7,False,False,False,False,0,23.8,3,2,0,casual_legit
0,0,3,200,298.2,False,False,False,False,0,18.7,6,1,0,casual_legit
0,0,2,144,241.9,False,False,False,False,0,13.1,5,2,0,casual_legit
0,0,4,41,278.9,False,False,False,False,0,106.1,5,1,0,casual_legit
2,0,11,58,254.5,True,False,False,True,2,36.0,6,2,1,careful_human_attacker
0,0,2,31,328.6,False,False,False,False,0,134.7,6,1,0,mobile_legit
0,0,4,156,204.1,False,False,False,False,0,9.6,13,1,0,casual_legit
0,0,3,19,257.3,False,False,False,True,0,7.8,5,4,0,mobile_legit
0,1,2,21,183.2,False,False,False,False,0,17.1,4,1,0,mobile_legit
0,0,4,32,371.9,False,False,False,False,0,14.5,6,2,0,mobile_legit
0,0,3,19,326.1,True,False,False,True,0,15.5,4,1,0,mobile_legit
0,0,4,144,250.6,False,False,False,False,0,18.9,1,1,0,casual_legit
1,0,3,133,232.3,False,True,False,True,1,17.4,7,3,0,careful_human_attacker
1,0,53,1,19.8,False,True,True,True,0,0.9,1,18,1,scraper_bot
0,0,5,153,,False,False,False,False,0,21.1,13,1,0,casual_legit
0,0,3,151,277.4,False,False,False,False,0,33.0,6,3,0,casual_legit
6,0,9,156,,False,False,True,False,0,30.2,11,4,1,careful_human_attacker
2,1,32,8,55.7,False,True,True,False,3,2.6,1,4,1,repeat_offender
0,0,1,143,296.4,False,False,False,False,0,18.5,14,2,0,casual_legit
0,0,2,164,232.3,False,False,False,False,0,23.0,10,2,0,casual_legit
1,0,4,212,186.7,False,False,False,False,0,39.9,10,3,0,legit_password_typo
0,0,1,157,232.3,False,False,True,False,0,11.4,6,2,0,casual_legit
9,2,33,1,41.9,False,False,False,True,2,3.4,0,2,1,credential_stuffing_bot
4,2,29,0,26.0,True,False,True,False,2,0.9,0,1,1,credential_stuffing_bot
2,0,20,5,,False,False,False,False,2,4.0,2,6,1,repeat_offender
2,1,42,0,,True,False,True,False,0,2.3,3,1,1,credential_stuffing_bot
5,1,23,0,,True,True,True,False,1,2.1,1,1,1,credential_stuffing_bot
0,0,3,134,205.1,False,False,False,False,0,31.2,8,2,0,casual_legit
0,0,0,143,204.1,False,False,False,False,0,56.0,7,2,0,casual_legit
0,0,34,3,,False,False,True,False,0,0.4,0,11,1,scraper_bot
0,0,3,170,213.3,False,False,False,False,0,31.3,14,4,0,casual_legit
0,1,16,0,62.2,True,True,True,True,0,0.6,2,14,1,scraper_bot
0,1,32,9,,False,False,False,False,3,3.8,3,4,1,repeat_offender
0,0,2,105,260.0,True,False,False,False,0,89.5,7,2,0,legit_on_vpn
0,0,1,163,223.3,False,False,False,False,0,22.7,11,3,0,casual_legit
9,0,17,0,42.9,False,True,False,True,0,1.8,0,1,1,credential_stuffing_bot
4,2,33,0,33.8,True,True,True,True,0,4.3,0,1,0,credential_stuffing_bot
6,2,14,0,61.7,False,False,False,False,0,0.4,0,3,1,credential_stuffing_bot
0,0,3,88,271.1,False,False,False,False,0,26.4,12,3,0,casual_legit
4,0,11,264,180.9,False,False,False,False,1,32.1,7,2,1,careful_human_attacker
2,1,6,190,197.9,False,False,False,False,0,103.6,12,3,0,legit_password_typo
7,0,36,1,30.4,True,True,True,True,0,3.1,1,3,1,credential_stuffing_bot
1,0,4,8,254.7,False,False,False,False,0,158.5,5,2,0,mobile_legit
0,0,2,191,213.2,False,False,False,False,0,90.6,8,4,0,casual_legit
3,2,3,85,236.1,True,False,False,True,0,29.4,2,3,1,careful_human_attacker
0,0,2,159,219.2,False,False,False,True,0,23.1,6,3,0,casual_legit
0,0,0,167,246.3,False,False,False,False,0,23.3,6,1,0,casual_legit
0,0,1,0,185.9,False,False,False,False,0,118.6,8,1,0,mobile_legit
0,0,2,87,284.4,False,False,False,False,0,25.4,11,2,0,casual_legit
0,0,2,131,250.1,False,False,False,False,0,16.6,10,4,0,casual_legit
0,0,2,1,378.2,True,False,True,False,0,69.3,8,2,0,mobile_legit
0,0,4,297,241.7,False,False,False,True,0,10.4,9,1,0,casual_legit
1,0,5,161,,False,False,False,False,0,8.0,10,5,0,legit_password_typo
0,0,4,204,247.8,False,False,False,False,0,27.2,10,3,0,casual_legit
0,0,2,28,358.4,False,False,False,False,0,54.9,10,1,0,mobile_legit
2,1,0,4,57.3,True,True,False,True,1,7.2,2,3,1,repeat_offender
6,1,39,0,,True,True,True,True,0,0.9,0,2,1,credential_stuffing_bot
0,0,5,280,208.1,False,False,False,False,0,11.5,6,3,0,casual_legit
6,0,23,0,31.4,True,True,True,False,1,1.1,0,1,1,credential_stuffing_bot
0,0,2,105,236.1,False,False,False,False,0,116.6,7,2,0,casual_legit
2,0,29,0,15.8,False,False,True,False,1,1.0,0,1,1,credential_stuffing_bot
0,0,2,0,173.2,False,False,False,True,0,13.4,5,1,0,mobile_legit
0,0,3,294,261.0,True,False,False,False,0,31.3,11,3,0,legit_on_vpn
0,0,27,6,115.0,False,False,True,False,4,4.6,1,5,1,repeat_offender
5,2,7,180,226.9,False,False,True,False,0,58.8,10,4,1,careful_human_attacker
0,0,3,236,210.8,False,False,False,False,0,108.6,8,4,0,casual_legit
1,0,3,0,373.5,False,False,False,False,0,59.4,5,3,0,mobile_legit
0,0,2,7,320.2,False,False,False,False,0,23.0,8,1,0,mobile_legit
0,0,37,0,15.0,False,True,True,False,0,2.1,0,7,1,scraper_bot
0,0,2,14,,False,False,False,True,0,19.5,7,4,1,mobile_legit
1,0,2,154,268.1,False,False,False,False,0,109.8,11,3,0,casual_legit
0,0,1,181,280.1,False,False,False,True,0,15.7,12,2,1,casual_legit
0,0,3,216,277.3,True,False,False,False,0,59.9,9,2,0,legit_on_vpn
1,0,2,29,301.2,False,False,False,False,0,77.9,7,3,0,mobile_legit
0,0,2,105,247.9,False,False,False,False,0,35.1,8,1,0,casual_legit
1,0,1,116,186.9,False,False,False,False,0,7.2,11,1,0,casual_legit
0,0,4,244,252.7,False,False,False,False,0,17.0,10,1,0,casual_legit
0,0,4,97,168.6,True,False,False,False,0,53.2,8,3,0,casual_legit
1,0,3,217,167.5,False,False,False,False,0,37.2,9,1,0,legit_password_typo
4,1,12,194,245.2,False,False,False,False,0,4.2,4,2,1,careful_human_attacker
0,0,49,0,60.4,True,True,True,False,1,3.5,0,10,1,scraper_bot
0,0,1,302,229.5,False,False,False,False,0,31.2,12,4,0,casual_legit
4,1,4,199,264.5,False,False,False,True,0,24.1,6,1,1,careful_human_attacker
0,0,50,1,15.0,False,True,True,False,0,2.6,1,16,1,scraper_bot
0,0,6,197,157.5,False,False,False,False,0,20.9,8,1,0,casual_legit
8,2,19,1,21.4,False,False,True,False,1,2.5,1,2,1,credential_stuffing_bot
0,0,2,255,219.3,False,False,False,False,0,11.3,5,3,0,casual_legit
3,2,12,5,67.7,True,False,False,False,4,3.1,0,3,1,repeat_offender
0,0,1,5,380.4,False,False,False,False,0,115.3,4,1,0,mobile_legit
0,0,1,83,185.6,True,False,False,False,0,7.7,11,2,0,casual_legit
1,1,30,0,23.4,False,True,True,False,0,3.1,0,1,1,credential_stuffing_bot
1,0,7,163,208.4,False,False,False,False,0,122.6,12,2,0,legit_password_typo
2,0,1,114,261.5,False,False,False,False,0,34.5,11,2,0,legit_password_typo
0,0,0,252,163.1,False,False,False,False,0,6.2,8,2,0,casual_legit
1,0,4,189,133.5,True,False,False,False,0,29.6,13,1,0,legit_password_typo
1,0,4,139,212.2,False,False,False,True,0,13.1,10,5,0,casual_legit
1,1,15,202,207.9,False,False,True,False,0,14.7,10,2,1,careful_human_attacker
6,2,7,1,,False,False,True,False,0,1.0,0,3,1,credential_stuffing_bot
1,0,1,195,290.0,False,False,False,False,0,71.6,13,3,0,casual_legit
5,1,7,107,216.0,False,False,False,False,1,29.1,6,3,1,careful_human_attacker
0,0,4,220,200.3,False,False,False,False,0,19.6,6,2,0,casual_legit
1,1,5,308,190.8,False,False,False,False,0,13.5,6,5,0,casual_legit
0,0,5,292,,False,False,False,False,0,15.9,8,3,0,casual_legit
0,0,6,137,,False,False,False,True,0,10.7,9,1,0,legit_password_typo
2,1,12,234,273.0,True,False,True,True,0,23.0,9,3,0,careful_human_attacker
0,0,5,136,257.7,True,False,False,False,0,15.7,6,3,0,legit_on_vpn
0,0,5,169,294.4,False,False,False,True,0,69.3,4,4,0,casual_legit
1,0,3,150,238.6,False,False,False,False,0,67.8,12,3,0,legit_password_typo
0,0,29,1,,False,True,True,True,0,1.3,0,15,1,scraper_bot
0,0,4,247,229.8,False,False,False,False,0,28.7,6,4,0,casual_legit
0,0,2,113,176.3,False,False,False,False,0,6.1,8,1,0,casual_legit
1,0,33,1,,False,True,True,False,0,1.1,1,17,1,scraper_bot
0,1,3,234,220.3,False,False,False,False,0,46.0,10,2,0,casual_legit
0,0,2,79,131.6,False,False,False,False,1,14.7,9,3,0,casual_legit
5,1,5,9,,True,True,True,False,0,7.7,1,3,0,repeat_offender
0,1,17,8,51.8,True,False,True,True,3,4.5,2,4,1,repeat_offender
0,0,2,206,256.2,False,False,False,False,0,25.3,12,2,0,casual_legit
0,0,3,227,175.6,False,False,False,False,0,13.9,14,4,0,casual_legit
1,0,4,245,158.2,False,False,False,False,0,101.2,11,2,0,casual_legit
0,0,2,132,250.7,False,False,False,False,0,44.8,11,2,0,casual_legit
1,2,8,8,118.5,True,False,True,True,1,1.2,1,2,1,repeat_offender
0,0,1,251,,False,False,False,False,0,149.3,12,2,0,casual_legit
3,0,14,7,107.2,True,False,True,True,1,15.3,4,3,1,repeat_offender
0,0,0,270,256.1,False,False,False,True,0,17.6,10,3,1,casual_legit
0,0,2,136,,False,False,False,False,0,36.4,4,3,0,casual_legit
0,0,23,1,44.3,True,True,True,False,0,0.8,0,17,1,scraper_bot
1,1,21,3,105.9,True,True,False,False,1,3.3,0,4,0,repeat_offender
5,1,20,1,35.9,False,True,True,False,0,1.7,0,1,1,credential_stuffing_bot
1,0,1,73,196.3,False,False,False,True,0,96.2,9,1,0,casual_legit
0,0,1,69,301.9,False,False,False,True,0,63.8,6,2,0,casual_legit
5,1,23,1,27.5,False,True,True,False,2,1.0,0,2,1,credential_stuffing_bot
0,0,4,19,345.1,False,False,False,False,0,43.1,8,2,0,mobile_legit
0,0,4,20,306.9,False,False,False,False,0,123.5,7,2,0,mobile_legit
0,0,4,236,235.2,False,False,False,False,0,65.5,5,4,0,casual_legit
0,0,27,0,18.5,True,True,True,False,2,4.1,0,21,1,scraper_bot
0,0,3,8,335.7,False,False,False,False,0,11.7,7,1,0,mobile_legit
0,0,0,27,268.3,False,False,False,False,0,5.4,5,2,0,mobile_legit
0,0,4,160,173.2,False,False,False,False,0,44.3,10,2,0,casual_legit
0,0,45,1,,False,True,True,False,1,3.7,0,17,1,scraper_bot
0,0,2,147,209.2,False,False,False,False,0,82.2,9,2,0,casual_legit
2,2,21,12,45.3,True,False,True,False,2,6.3,1,5,1,repeat_offender
0,0,4,128,249.0,False,False,False,False,0,8.1,13,1,0,casual_legit
0,0,4,223,201.0,True,False,False,False,0,46.8,8,2,0,legit_on_vpn
1,0,34,1,73.2,True,True,True,True,0,1.2,1,16,1,scraper_bot
0,0,6,41,221.0,False,False,False,True,0,21.6,6,2,0,casual_legit
0,0,5,180,233.5,False,False,False,False,0,23.1,8,3,0,casual_legit
0,2,11,7,38.5,False,True,False,True,4,1.1,1,5,1,repeat_offender
1,0,2,189,227.4,False,False,False,False,0,75.7,6,1,0,casual_legit
0,0,2,161,224.0,False,False,False,False,0,14.7,6,3,0,casual_legit
3,1,11,7,94.2,True,False,True,False,2,2.1,6,4,1,repeat_offender
0,0,0,133,162.6,True,False,False,True,0,13.5,11,2,1,legit_on_vpn
2,0,4,172,220.7,False,False,False,False,0,38.3,11,5,0,legit_password_typo
0,0,3,26,276.1,False,False,False,False,0,33.1,7,1,0,mobile_legit
4,4,6,103,202.0,False,True,False,False,2,57.6,4,3,1,careful_human_attacker
0,0,4,179,249.8,False,False,False,False,0,38.0,12,1,0,casual_legit
1,0,4,164,199.7,False,False,False,False,0,46.9,9,3,0,casual_legit
0,0,3,74,153.7,False,False,False,False,0,103.7,13,1,1,casual_legit
0,0,4,107,307.8,False,False,False,False,0,94.7,9,1,0,casual_legit
0,0,5,165,233.8,False,False,False,False,0,34.3,15,2,0,casual_legit
0,0,1,213,168.1,False,False,False,True,0,6.4,15,5,0,casual_legit
0,1,3,6,429.2,False,False,False,False,0,12.1,4,3,0,mobile_legit
0,0,53,3,,False,True,True,True,0,5.1,1,14,0,scraper_bot
0,0,6,254,168.5,False,False,False,False,0,18.5,5,4,0,casual_legit
0,0,30,0,15.0,True,True,True,False,0,1.3,0,9,1,scraper_bot
0,0,2,171,144.8,False,False,False,False,0,140.3,8,3,0,casual_legit
0,0,6,113,248.4,False,False,False,False,0,32.7,8,3,0,casual_legit
0,0,1,60,171.1,False,False,False,False,0,22.3,13,5,0,legit_password_typo
3,0,3,147,,False,False,False,False,0,19.8,7,2,0,legit_password_typo
0,0,3,31,323.4,False,False,False,False,0,56.5,1,3,0,mobile_legit
2,2,4,125,280.6,True,False,False,True,0,52.0,6,4,1,careful_human_attacker
0,0,2,289,223.8,False,False,False,False,0,86.5,9,6,0,casual_legit
0,0,1,11,384.5,False,False,False,False,0,45.1,6,2,0,mobile_legit
5,1,36,0,,False,True,True,False,0,1.3,1,1,1,credential_stuffing_bot
0,0,0,0,237.6,False,False,False,False,0,53.0,4,2,0,mobile_legit
0,0,2,248,202.2,False,False,False,False,0,60.5,5,2,0,casual_legit
0,0,3,223,195.4,False,False,False,False,0,5.8,8,5,0,casual_legit
0,0,6,24,232.0,False,False,False,True,0,9.5,5,1,0,casual_legit
0,0,2,260,,False,False,False,False,0,65.4,6,3,0,casual_legit
3,3,13,6,97.3,False,False,False,True,4,1.1,4,4,1,repeat_offender
0,0,3,10,248.0,False,False,False,False,0,37.1,3,2,1,mobile_legit
0,0,38,1,45.3,False,True,True,False,1,2.0,0,15,1,scraper_bot
0,0,3,247,,False,False,False,False,0,82.0,12,1,0,casual_legit
3,2,7,130,231.4,False,False,False,False,0,56.5,12,3,1,careful_human_attacker
0,0,31,1,,False,True,True,False,1,10.4,1,11,1,scraper_bot
1,0,4,10,167.4,False,False,False,False,5,2.1,4,3,1,repeat_offender
0,0,15,6,92.6,False,False,False,True,3,16.9,4,2,1,repeat_offender
3,1,16,10,90.5,True,True,True,True,4,2.1,2,5,1,repeat_offender
0,0,2,70,218.5,False,False,False,False,0,81.1,8,2,0,casual_legit
0,0,29,1,41.9,False,True,True,False,0,5.1,0,22,1,scraper_bot
2,0,5,190,104.8,False,False,False,False,0,50.1,11,1,0,legit_password_typo
4,0,7,1,29.7,False,False,True,False,1,3.0,1,2,1,credential_stuffing_bot
0,0,0,234,228.4,False,False,False,False,0,119.9,6,2,0,casual_legit
0,0,2,165,186.8,False,False,True,False,0,86.9,14,3,0,casual_legit
0,0,4,67,,False,False,False,False,0,28.0,13,2,0,casual_legit
6,0,34,0,,False,True,True,False,1,0.4,0,1,1,credential_stuffing_bot
1,2,16,6,83.1,True,False,False,False,1,8.4,2,5,1,repeat_offender
1,0,43,1,,False,True,True,False,1,0.9,0,11,1,scraper_bot
0,0,3,18,285.8,False,False,False,False,0,41.7,2,2,0,mobile_legit
0,0,4,191,307.6,False,False,False,False,0,12.7,6,4,0,casual_legit
1,0,8,222,209.0,False,False,False,False,0,59.0,14,2,0,legit_password_typo
2,0,68,1,,True,True,True,True,0,2.2,0,11,1,scraper_bot
1,0,6,286,231.0,False,False,False,False,0,107.3,11,2,0,legit_password_typo
1,0,2,229,230.8,False,False,False,True,0,6.4,12,6,0,casual_legit
0,0,21,8,93.9,False,True,False,False,3,7.0,5,1,1,repeat_offender
5,2,8,193,224.0,True,False,False,False,2,24.8,6,8,1,careful_human_attacker
5,0,19,0,30.8,True,False,False,False,1,2.8,1,1,1,credential_stuffing_bot
1,0,6,113,207.4,False,False,False,False,0,117.1,15,3,0,legit_password_typo
1,0,6,222,179.0,True,False,False,False,0,52.5,9,3,0,legit_on_vpn
3,1,3,7,44.3,True,False,False,False,1,1.3,2,3,1,repeat_offender
0,0,3,186,139.8,False,False,False,False,0,118.8,11,4,0,casual_legit
5,0,23,2,,False,False,True,True,0,0.6,2,1,1,credential_stuffing_bot
0,0,6,189,313.8,False,False,False,False,0,13.8,8,3,0,casual_legit
1,0,4,182,330.7,True,False,False,True,1,46.5,6,2,0,legit_on_vpn
0,0,61,1,,False,False,False,False,0,0.7,1,14,1,scraper_bot
0,0,15,0,,False,True,True,False,0,1.6,0,8,1,scraper_bot
2,3,23,7,53.5,False,False,True,True,1,35.4,1,5,1,repeat_offender
7,0,45,1,,False,True,True,False,0,0.3,1,1,1,credential_stuffing_bot
0,0,3,28,311.6,False,False,False,False,0,24.2,6,2,0,mobile_legit
0,0,6,62,294.6,True,False,False,False,0,13.8,7,2,0,legit_on_vpn
2,2,10,10,95.2,True,True,False,False,2,2.3,2,1,1,repeat_offender
0,0,3,30,393.3,True,False,False,False,0,22.4,11,2,0,mobile_legit
0,0,2,84,258.7,False,False,False,False,0,36.2,10,5,0,casual_legit
0,0,3,248,264.3,False,False,False,False,0,35.0,11,2,0,casual_legit
1,0,6,177,145.8,False,False,False,False,0,22.6,11,2,0,legit_password_typo
0,0,5,17,256.9,True,False,False,False,0,145.0,5,2,0,legit_on_vpn
0,1,35,6,,True,False,False,False,4,7.3,0,6,1,repeat_offender
0,0,4,179,182.2,True,False,False,False,0,36.7,13,2,0,legit_on_vpn
1,0,3,73,214.2,True,False,False,False,0,55.7,8,5,0,legit_on_vpn
0,0,0,18,379.8,False,False,False,False,0,6.4,4,2,0,mobile_legit
0,1,43,0,,False,True,True,False,0,0.5,1,18,1,scraper_bot
4,1,34,0,,True,True,False,False,0,2.6,0,1,1,credential_stuffing_bot
2,0,19,0,26.8,False,False,False,True,1,1.0,0,2,1,credential_stuffing_bot
0,0,4,227,263.7,False,False,False,True,0,27.7,10,3,0,casual_legit
0,0,2,293,315.2,False,False,False,False,0,24.9,7,4,0,casual_legit
0,1,0,177,155.3,False,False,False,False,0,30.1,14,1,0,casual_legit
3,3,13,223,,False,False,False,True,1,8.8,12,2,1,careful_human_attacker
0,0,2,180,166.8,False,False,False,False,0,24.3,11,2,0,casual_legit
0,0,0,242,119.0,False,False,False,False,0,9.5,13,3,0,casual_legit
0,0,22,1,15.0,False,False,True,False,0,1.8,2,12,1,scraper_bot
0,0,2,155,209.5,False,False,False,False,0,100.0,15,1,0,casual_legit
0,0,51,1,,False,True,False,False,0,0.8,1,14,1,scraper_bot
3,2,18,100,282.6,True,False,True,False,0,10.4,6,4,1,careful_human_attacker
1,0,28,0,,True,True,True,True,1,0.4,0,20,1,scraper_bot
6,0,21,0,45.5,False,False,False,False,1,3.0,1,2,1,credential_stuffing_bot
3,0,15,0,,False,False,True,False,0,4.5,0,2,1,credential_stuffing_bot
1,0,3,47,115.7,False,False,False,False,0,26.1,13,4,0,casual_legit
1,0,30,1,,False,True,False,False,1,0.4,0,20,1,scraper_bot
2,0,5,175,183.3,True,False,False,False,0,17.9,17,4,0,legit_password_typo
2,0,39,0,40.7,False,True,False,False,2,2.7,0,2,1,credential_stuffing_bot
0,0,1,151,191.8,False,False,True,False,0,28.5,11,3,0,casual_legit
0,0,0,0,200.4,False,False,False,False,0,52.9,4,2,0,mobile_legit
1,1,10,133,251.4,True,True,False,False,0,18.1,5,5,1,careful_human_attacker
0,0,2,254,198.7,False,False,False,False,0,26.4,6,2,0,casual_legit
0,0,40,1,,False,True,True,False,1,1.9,0,16,1,scraper_bot
5,0,23,9,74.9,False,True,True,True,3,2.1,3,2,1,repeat_offender
0,0,3,12,241.5,False,False,False,False,0,15.3,6,2,0,mobile_legit
1,0,3,233,215.3,False,False,False,False,0,30.9,4,1,0,casual_legit
0,0,1,204,273.0,False,False,False,False,0,11.6,8,2,0,casual_legit
0,0,6,228,199.5,True,False,False,False,1,36.3,11,3,0,casual_legit
1,0,11,7,,True,False,False,False,0,5.2,3,1,1,repeat_offender
0,0,0,186,183.2,False,False,False,False,0,40.7,13,2,0,casual_legit
0,0,1,193,238.3,False,False,False,False,0,36.9,7,2,0,casual_legit
2,0,27,0,,False,False,True,False,0,2.7,1,16,1,scraper_bot
0,0,2,150,232.6,False,False,False,False,0,37.6,5,2,0,casual_legit
2,0,12,178,246.3,True,False,False,True,1,27.8,5,2,1,careful_human_attacker
0,0,4,263,299.7,True,False,False,False,0,23.0,12,5,0,casual_legit
0,0,0,23,356.6,False,False,False,False,0,97.7,4,4,0,mobile_legit
0,0,5,75,274.7,False,False,False,False,0,23.8,8,2,0,casual_legit
1,0,22,13,,False,True,False,True,2,1.3,4,7,0,repeat_offender
1,0,25,0,62.9,True,True,False,False,2,1.6,1,17,1,scraper_bot
0,0,4,210,170.9,False,False,False,False,0,42.8,9,2,0,casual_legit
4,1,7,91,107.4,False,True,False,True,1,6.6,5,5,1,careful_human_attacker
1,0,2,172,277.5,False,False,False,False,0,165.1,16,3,1,legit_password_typo
0,0,1,210,228.8,False,False,False,False,0,20.2,5,4,0,casual_legit
0,0,3,14,295.3,False,False,False,False,0,94.9,5,2,0,mobile_legit
3,3,12,159,254.2,False,False,False,False,0,94.0,7,6,1,careful_human_attacker
0,0,3,237,237.2,False,False,False,False,0,5.6,7,4,0,casual_legit
0,0,9,167,,True,False,False,False,0,8.0,9,3,0,legit_on_vpn
0,0,3,155,209.2,True,False,False,False,0,6.3,7,3,0,casual_legit
0,0,3,156,,False,False,False,False,0,41.2,10,4,0,casual_legit
2,1,8,7,157.9,True,False,True,False,3,13.3,0,4,1,repeat_offender
0,0,3,20,,False,False,False,False,0,5.8,7,2,0,mobile_legit
0,0,2,248,199.6,True,False,False,False,0,86.0,6,2,0,casual_legit
1,0,40,0,15.0,False,True,False,False,0,1.6,0,18,1,scraper_bot
0,0,3,187,232.6,False,False,False,False,0,5.1,8,2,0,casual_legit
2,1,14,125,294.2,False,False,False,False,0,26.0,8,2,1,careful_human_attacker
0,0,3,263,306.0,False,False,False,False,0,6.7,9,2,0,casual_legit
2,0,12,0,50.4,False,True,True,False,0,0.5,0,2,1,credential_stuffing_bot
2,1,28,1,45.3,True,True,True,False,2,0.8,0,2,1,credential_stuffing_bot
3,0,8,1,,True,False,False,True,2,1.8,1,1,1,credential_stuffing_bot
0,0,1,269,231.6,False,False,False,True,0,46.8,14,4,0,casual_legit
0,0,18,0,54.6,False,False,True,True,1,2.7,1,8,1,scraper_bot
0,0,36,0,,False,True,False,False,0,4.1,0,14,1,scraper_bot
0,0,1,0,225.1,False,False,False,False,0,28.6,8,2,0,mobile_legit
0,0,0,9,,False,False,False,False,0,46.7,8,1,0,mobile_legit
5,1,29,2,33.4,False,False,True,True,0,2.4,0,2,1,credential_stuffing_bot
0,0,2,1,255.2,False,False,False,True,0,12.8,8,1,0,mobile_legit
2,0,65,0,,False,False,True,False,3,2.1,0,14,1,scraper_bot
3,1,10,81,215.9,False,False,True,False,0,13.9,3,4,1,careful_human_attacker
0,0,42,1,,True,True,False,False,0,2.4,1,15,1,scraper_bot
1,0,0,34,303.3,False,False,False,False,0,21.4,10,3,0,mobile_legit
0,0,4,191,220.6,False,False,False,False,0,31.5,9,2,0,casual_legit
0,0,4,271,204.2,False,False,False,False,0,5.9,6,3,0,casual_legit
0,0,1,144,225.7,False,False,False,False,0,20.7,6,2,0,casual_legit
0,0,24,0,,False,True,True,False,0,5.6,0,11,1,scraper_bot
0,2,14,4,,True,False,False,False,1,1.7,4,4,1,repeat_offender
5,1,10,5,26.0,False,False,False,True,3,2.6,5,3,1,repeat_offender
0,0,3,130,270.8,False,False,False,False,0,94.0,13,3,0,casual_legit
0,0,2,5,278.8,False,False,False,False,0,86.7,4,4,0,mobile_legit
0,0,3,226,237.9,False,False,False,False,0,20.1,13,2,0,casual_legit
1,0,4,218,219.3,False,False,True,False,0,62.4,7,3,0,legit_password_typo
3,2,20,8,97.8,False,False,False,True,0,16.0,1,5,1,repeat_offender
1,0,16,0,41.5,False,True,False,True,2,0.9,0,21,1,scraper_bot
1,0,11,94,203.6,True,False,True,True,2,30.8,7,5,1,careful_human_attacker
0,1,1,196,174.5,False,False,False,False,0,5.1,4,1,0,casual_legit
0,0,1,20,324.4,False,False,False,False,0,15.2,5,3,0,mobile_legit
0,0,3,87,226.4,False,False,False,False,0,8.9,9,2,0,casual_legit
1,1,12,0,,True,True,True,True,1,2.3,1,19,1,scraper_bot
0,0,3,0,201.8,True,False,False,False,0,14.0,6,1,0,mobile_legit
6,1,30,0,32.4,True,True,False,True,0,0.6,0,2,1,credential_stuffing_bot
0,0,4,53,275.1,False,False,False,False,0,142.9,7,2,0,casual_legit
0,0,3,145,221.4,False,False,False,False,0,10.2,5,5,0,casual_legit
3,0,7,55,103.5,False,False,False,False,2,79.2,8,3,1,careful_human_attacker
2,1,0,150,241.6,True,False,False,True,1,34.5,7,5,1,careful_human_attacker
0,0,0,158,183.0,False,False,False,True,0,12.0,10,2,1,legit_on_vpn
2,3,8,136,162.0,False,False,False,True,1,22.6,8,5,1,careful_human_attacker
0,0,46,0,,False,True,True,False,0,0.8,0,15,1,scraper_bot
0,0,5,216,182.0,True,False,False,False,0,15.4,8,1,0,legit_on_vpn
1,0,1,171,158.1,False,False,False,False,0,7.4,10,2,0,casual_legit
1,0,5,175,223.4,False,False,False,False,0,60.1,3,2,0,casual_legit
0,0,2,129,302.2,False,False,False,False,0,21.5,7,2,0,casual_legit
1,0,2,117,173.6,False,False,True,False,0,30.0,10,2,0,casual_legit
0,1,3,198,224.6,False,False,False,False,0,34.7,11,4,0,casual_legit
5,0,38,0,,False,True,True,False,1,1.1,0,1,1,credential_stuffing_bot
0,0,4,226,254.2,False,False,False,True,0,20.7,11,3,0,casual_legit
1,0,2,205,220.6,False,False,False,False,0,77.3,8,2,0,casual_legit
0,0,2,30,432.6,False,False,False,True,0,30.4,3,3,1,mobile_legit
0,0,3,213,251.1,False,False,False,False,0,59.8,9,3,0,casual_legit
2,0,20,2,,False,False,True,False,2,0.9,0,1,1,credential_stuffing_bot
0,0,3,0,57.4,False,True,True,False,0,2.4,0,17,1,scraper_bot
1,2,19,7,83.4,False,False,False,False,2,3.0,3,3,1,repeat_offender
0,0,4,290,285.3,False,False,False,False,0,16.2,12,1,0,casual_legit
5,2,9,90,220.8,False,False,False,False,0,18.6,7,4,1,careful_human_attacker
1,1,14,10,76.7,False,False,True,True,1,1.7,5,4,1,repeat_offender
7,0,25,0,,False,True,True,False,1,0.4,0,2,1,credential_stuffing_bot
0,0,4,157,203.9,False,False,False,True,0,59.4,13,2,0,casual_legit
0,0,6,249,206.5,False,False,False,False,0,92.4,12,2,0,casual_legit
4,1,41,1,,False,False,True,False,1,3.8,0,1,1,credential_stuffing_bot
5,2,31,1,69.2,True,False,False,False,0,1.3,0,3,1,credential_stuffing_bot
0,1,6,7,44.2,True,False,False,False,1,1.4,2,4,1,repeat_offender
0,0,4,316,245.9,False,True,False,False,0,28.7,9,1,0,casual_legit
0,1,2,167,221.7,False,False,False,False,0,31.8,11,7,0,casual_legit
0,0,3,271,260.4,False,False,False,False,0,12.6,11,3,0,casual_legit
0,0,3,98,212.4,False,False,False,False,0,65.2,10,1,1,casual_legit
0,0,1,206,264.6,False,False,False,False,0,44.7,14,2,0,casual_legit
0,0,6,191,211.9,True,False,False,False,0,31.5,5,4,0,legit_on_vpn
0,0,4,219,174.0,False,False,False,False,0,15.4,5,1,0,casual_legit
0,0,1,21,340.1,False,False,False,False,0,53.9,6,1,0,mobile_legit
0,0,1,172,129.1,False,False,False,False,0,22.6,9,1,0,casual_legit
0,0,6,73,208.0,False,False,False,False,0,29.1,13,2,0,casual_legit
0,0,3,157,124.1,True,False,False,False,0,50.7,9,2,0,casual_legit
4,0,37,0,,False,True,True,False,0,0.7,0,1,1,credential_stuffing_bot
4,0,24,0,66.6,False,False,True,True,0,2.3,0,1,1,credential_stuffing_bot
0,0,1,149,217.6,False,False,False,False,0,43.5,6,1,0,casual_legit
2,0,4,214,212.9,False,False,False,False,0,41.6,10,4,0,legit_password_typo
0,0,2,34,292.2,False,False,False,False,0,32.4,5,3,0,mobile_legit
0,0,3,187,158.3,True,False,False,False,0,61.1,10,3,0,casual_legit
0,0,2,102,283.8,False,False,False,False,0,34.9,4,3,0,casual_legit
1,0,3,253,270.4,True,False,False,False,0,11.1,5,1,0,casual_legit
0,0,3,157,223.0,True,False,False,False,0,31.6,7,3,1,legit_on_vpn
0,0,2,105,190.3,True,False,False,False,0,12.2,14,2,0,legit_on_vpn
0,0,2,12,371.1,False,False,False,False,0,61.6,5,1,0,mobile_legit
6,2,23,1,57.5,True,True,True,False,2,1.9,0,1,1,credential_stuffing_bot
1,0,3,12,329.8,False,False,False,False,0,38.0,6,4,0,mobile_legit
0,0,2,35,,False,False,False,False,0,10.5,4,2,0,mobile_legit
0,0,4,42,226.3,False,False,False,False,0,21.7,7,1,0,mobile_legit
2,0,32,1,27.4,True,True,True,False,1,2.5,0,1,1,credential_stuffing_bot
1,0,4,210,198.7,False,False,False,False,0,27.2,13,1,0,casual_legit
0,2,4,115,196.0,True,False,False,False,0,14.8,9,2,0,legit_on_vpn
0,0,5,146,318.5,False,False,False,False,0,12.3,10,2,0,casual_legit
0,0,5,120,233.9,False,False,False,False,0,89.5,3,2,0,casual_legit
4,0,28,1,36.5,False,True,True,False,0,0.7,0,1,1,credential_stuffing_bot
2,0,0,208,286.8,True,False,False,True,0,17.6,4,2,0,legit_on_vpn
3,1,0,158,47.6,False,False,True,True,1,29.7,5,1,1,careful_human_attacker
2,3,4,229,191.3,False,False,False,False,1,5.9,8,5,1,careful_human_attacker
0,0,1,133,146.0,True,False,False,False,0,20.1,12,2,0,legit_on_vpn
5,3,11,128,269.2,False,False,False,False,0,13.2,6,7,1,careful_human_attacker
4,1,2,174,186.1,False,False,False,False,0,20.8,7,4,1,careful_human_attacker
2,2,24,0,,False,False,True,False,0,0.7,0,1,1,credential_stuffing_bot
0,0,3,214,349.5,False,False,False,False,0,85.4,7,2,0,casual_legit
1,2,14,8,111.4,True,False,True,True,0,3.7,1,7,1,repeat_offender
1,0,4,41,206.4,False,False,False,False,0,11.6,5,4,0,legit_password_typo
8,1,11,0,55.3,False,True,False,False,0,0.6,0,1,1,credential_stuffing_bot
1,0,2,66,281.0,False,False,False,False,0,8.3,10,2,0,legit_password_typo
6,3,9,79,207.2,True,False,False,True,0,88.4,5,2,1,careful_human_attacker
0,0,4,241,265.3,False,False,False,False,0,34.5,10,2,0,casual_legit
0,0,3,234,196.4,False,False,False,False,0,18.0,12,3,0,casual_legit
2,1,6,155,176.6,True,False,True,True,0,14.7,3,2,1,careful_human_attacker
0,0,5,142,184.1,True,False,False,False,0,16.4,11,2,0,legit_on_vpn
0,0,33,0,22.8,False,True,True,False,0,0.7,0,12,1,scraper_bot
0,0,27,8,,True,False,False,True,4,3.7,1,8,0,repeat_offender
0,0,1,3,287.6,False,False,False,True,0,23.8,6,1,0,mobile_legit
5,2,10,1,15.0,False,False,False,False,1,0.6,0,2,1,credential_stuffing_bot
0,0,6,5,258.6,False,False,False,True,0,28.9,4,2,0,mobile_legit
0,0,3,1,,False,False,False,False,0,56.7,7,3,0,mobile_legit
0,0,4,92,220.2,False,False,False,False,0,27.4,13,3,0,legit_password_typo
0,0,24,1,,False,True,True,False,1,1.2,1,18,1,scraper_bot
0,0,0,256,155.6,False,False,False,False,0,63.5,9,1,0,casual_legit
1,0,20,10,84.5,True,True,False,False,1,2.4,5,5,1,repeat_offender
2,1,40,0,31.5,False,True,True,True,0,1.0,0,1,1,credential_stuffing_bot
0,0,2,172,,False,False,False,False,0,41.7,11,2,0,casual_legit
1,0,6,0,82.9,True,False,False,False,0,3.8,0,13,1,scraper_bot
1,0,2,194,226.1,False,False,False,False,0,29.1,9,4,0,casual_legit
2,0,30,0,15.0,True,False,True,False,0,1.4,0,1,1,credential_stuffing_bot
5,2,25,0,17.5,False,True,True,True,1,0.5,1,3,1,credential_stuffing_bot
0,0,3,14,218.9,False,False,False,False,0,147.1,3,2,0,mobile_legit
3,0,8,7,,False,False,False,False,1,13.3,1,5,1,repeat_offender
0,0,1,145,215.5,False,False,False,False,0,9.9,7,3,0,casual_legit
0,0,7,250,215.5,False,False,False,False,0,16.3,9,1,0,casual_legit
4,1,6,10,15.0,True,False,False,False,3,4.6,0,2,1,repeat_offender
2,1,26,7,28.4,True,False,False,False,3,1.3,3,2,1,repeat_offender
1,1,11,9,,True,False,False,True,0,11.5,0,5,1,repeat_offender
0,0,1,174,186.4,False,False,False,False,0,11.6,7,2,0,casual_legit
0,0,3,99,262.7,False,False,False,True,0,22.4,4,2,0,casual_legit
0,0,1,253,202.9,True,False,False,True,0,19.5,11,1,0,legit_on_vpn
0,0,2,31,,False,False,False,False,0,9.9,8,5,0,mobile_legit
1,0,5,1,259.5,False,False,False,True,0,33.3,7,2,0,mobile_legit
0,0,7,250,193.1,False,False,False,False,0,22.8,5,4,0,casual_legit
0,0,3,220,151.1,False,False,False,False,0,32.4,7,1,0,casual_legit
0,0,4,18,194.7,False,False,False,False,0,25.6,6,3,0,mobile_legit
5,1,8,133,226.2,False,True,False,True,1,6.9,6,3,1,careful_human_attacker
3,0,26,0,,False,False,False,True,0,0.4,1,2,1,credential_stuffing_bot
0,0,5,7,207.5,False,False,False,False,0,12.6,5,3,0,mobile_legit
0,0,1,92,250.9,False,False,False,False,0,13.6,7,3,0,casual_legit
1,0,3,22,138.6,True,False,False,False,0,11.3,7,1,0,mobile_legit
0,0,1,213,243.7,False,False,False,False,0,25.0,7,2,0,casual_legit
0,0,3,262,229.5,False,False,False,False,0,36.9,5,2,0,casual_legit
3,0,22,2,,True,False,True,False,1,3.7,0,1,1,credential_stuffing_bot
0,0,3,12,287.1,False,False,False,True,0,5.3,6,2,0,mobile_legit
2,0,19,0,16.3,False,True,False,False,0,1.3,0,3,1,credential_stuffing_bot
1,0,3,96,,False,False,False,False,0,20.5,10,4,0,casual_legit
5,1,12,129,203.2,False,False,False,False,1,5.9,6,4,0,careful_human_attacker
0,0,0,326,257.4,False,False,False,False,0,64.4,5,2,0,casual_legit
0,0,49,0,,True,True,True,False,1,2.2,1,19,1,scraper_bot
0,0,3,214,213.8,False,False,False,False,0,8.3,13,2,0,casual_legit
1,0,43,0,,False,False,True,False,0,0.5,0,12,1,scraper_bot
7,0,20,0,60.2,True,True,True,True,1,1.9,1,1,1,credential_stuffing_bot
2,0,4,141,245.8,False,False,False,True,0,67.1,13,6,0,legit_password_typo
1,0,2,271,260.4,False,False,False,False,0,77.4,7,2,0,casual_legit
0,0,4,225,133.8,False,False,False,False,0,48.0,12,4,0,casual_legit
0,0,6,114,214.1,False,False,False,False,0,9.1,3,5,0,casual_legit
6,0,20,0,,True,True,False,False,2,0.6,1,1,1,credential_stuffing_bot
0,0,39,2,,True,True,True,False,0,1.1,1,11,1,scraper_bot
1,1,12,46,229.1,False,True,False,False,0,13.4,8,4,1,careful_human_attacker
0,0,1,0,,False,False,False,False,0,12.2,6,4,0,mobile_legit
0,0,54,0,,False,True,True,False,1,6.1,0,13,1,scraper_bot
1,0,2,118,189.9,True,False,False,False,0,5.7,11,4,0,legit_on_vpn
0,0,2,29,330.3,False,False,False,False,0,58.3,4,2,0,mobile_legit
8,1,14,1,34.0,True,True,False,False,1,1.9,0,1,1,credential_stuffing_bot
0,1,2,199,314.5,False,False,False,False,0,63.5,13,1,0,legit_password_typo
2,0,17,141,240.1,True,True,False,True,0,23.2,7,4,1,careful_human_attacker
0,0,2,149,229.2,False,False,False,False,0,62.4,9,2,0,casual_legit
0,0,7,152,169.7,True,False,False,False,0,43.9,8,4,0,legit_on_vpn
0,0,5,152,228.7,True,False,False,False,0,21.8,11,2,0,legit_on_vpn
2,0,52,0,,False,True,False,False,0,1.8,0,2,1,credential_stuffing_bot
0,0,32,1,26.0,True,True,False,False,0,1.3,0,19,1,scraper_bot
2,2,5,9,104.0,False,False,True,False,3,9.1,4,3,1,repeat_offender
1,0,0,9,150.1,True,False,False,True,2,4.0,1,5,1,repeat_offender
0,0,3,193,211.2,False,False,False,False,0,36.1,13,3,0,casual_legit
0,0,4,109,237.3,False,False,False,False,0,9.6,19,3,0,legit_password_typo
0,0,2,42,293.3,True,False,False,True,0,64.9,7,1,1,legit_on_vpn
1,0,31,7,105.1,True,False,False,False,3,14.8,3,5,1,repeat_offender
0,0,2,284,261.4,False,False,False,False,0,9.1,18,2,0,casual_legit
5,0,24,0,,True,False,True,True,0,0.3,1,1,1,credential_stuffing_bot
3,1,8,0,59.9,True,False,True,False,2,1.3,0,1,1,credential_stuffing_bot
0,0,1,147,227.8,False,False,False,False,0,37.9,6,4,0,casual_legit
1,0,3,233,302.4,False,False,False,False,0,17.0,12,4,0,casual_legit
1,2,5,226,275.4,False,False,False,False,0,33.3,11,4,1,careful_human_attacker
0,0,2,153,212.6,False,False,False,False,0,26.3,10,4,0,casual_legit
0,1,5,4,48.1,False,False,False,False,2,9.9,3,2,1,repeat_offender
0,0,1,13,400.7,False,False,False,False,1,23.1,7,4,0,mobile_legit
0,1,3,11,319.9,False,False,False,False,0,55.1,6,2,0,mobile_legit
0,0,4,100,216.9,False,False,False,False,0,17.4,14,2,0,casual_legit
0,0,21,0,61.6,False,True,True,True,0,2.5,1,16,1,scraper_bot
0,1,3,188,166.3,False,False,False,False,0,217.8,8,3,0,legit_password_typo
0,0,4,172,165.3,False,False,False,True,0,12.8,7,2,0,legit_password_typo
7,2,7,206,,False,False,False,True,0,6.1,5,2,1,careful_human_attacker
0,1,5,186,324.5,False,False,False,False,0,49.9,10,2,0,casual_legit
0,0,5,172,,False,False,False,False,0,14.1,7,4,0,casual_legit
0,0,3,23,113.1,False,False,False,False,0,4.8,8,2,0,mobile_legit
2,1,19,1,,True,True,False,True,3,1.3,0,2,1,credential_stuffing_bot
0,0,3,21,182.6,False,False,False,False,0,36.3,10,2,0,mobile_legit
2,3,9,128,198.3,True,False,False,False,1,4.4,8,2,0,careful_human_attacker
1,0,6,161,352.3,True,False,False,False,0,103.4,7,2,0,legit_on_vpn
0,0,3,223,196.8,False,False,False,False,0,79.7,6,2,0,casual_legit
0,0,0,235,233.3,False,False,False,False,0,15.1,10,1,0,casual_legit
0,0,4,13,315.7,False,False,False,False,0,21.0,3,2,0,mobile_legit
0,0,2,209,288.5,False,False,False,True,0,7.6,7,2,0,casual_legit
4,0,18,0,40.1,True,False,True,True,3,2.2,0,1,1,credential_stuffing_bot
0,0,66,1,,True,True,True,False,1,3.9,0,19,1,scraper_bot
2,1,14,103,202.9,True,False,False,True,0,19.1,9,1,1,careful_human_attacker
1,0,29,1,25.9,False,False,True,True,0,0.5,1,14,1,scraper_bot
0,0,5,59,225.9,False,False,False,True,0,29.3,10,1,0,casual_legit
1,0,3,336,223.8,False,False,False,False,0,6.5,8,4,0,casual_legit
0,0,5,258,211.8,False,False,False,False,0,16.4,8,3,0,casual_legit
0,0,4,172,206.9,False,False,False,False,0,19.4,12,3,0,casual_legit
1,1,23,8,145.0,True,False,False,False,1,5.2,2,4,1,repeat_offender
0,0,2,24,262.4,False,False,False,False,0,4.7,3,3,0,mobile_legit
6,0,15,9,48.0,True,False,False,True,3,10.3,3,5,1,repeat_offender
0,1,3,134,209.0,True,False,False,False,0,28.3,8,3,0,legit_on_vpn
0,0,1,33,240.3,False,False,False,True,0,24.8,5,3,0,mobile_legit
0,0,1,139,,False,False,False,False,0,93.2,10,2,0,casual_legit
0,0,4,288,226.7,False,False,False,False,0,25.2,10,3,0,casual_legit
0,0,3,340,188.3,False,False,False,False,0,50.1,5,2,0,casual_legit
5,1,17,0,47.5,False,True,False,True,0,2.2,0,1,1,credential_stuffing_bot
3,1,31,0,,True,True,False,True,1,0.3,0,2,1,credential_stuffing_bot
0,0,2,21,180.4,False,False,False,False,0,4.6,3,1,0,mobile_legit
0,0,3,264,245.1,False,False,False,False,0,56.3,5,1,0,casual_legit
0,1,3,156,208.6,False,False,False,False,0,8.8,4,2,0,casual_legit
0,0,1,0,370.6,False,False,False,False,1,7.7,7,1,0,mobile_legit
1,1,5,153,187.1,False,False,False,False,0,18.9,8,2,0,legit_on_vpn
8,0,24,1,15.2,True,False,True,False,0,2.5,0,2,0,credential_stuffing_bot
3,2,3,122,179.6,True,False,False,True,0,43.3,8,3,1,careful_human_attacker
0,0,2,159,167.5,False,False,False,False,0,56.4,12,2,0,casual_legit
0,0,1,113,206.0,False,False,False,False,0,53.4,12,2,1,casual_legit
5,0,26,0,,False,False,False,True,0,0.9,0,1,1,credential_stuffing_bot
0,0,40,1,15.0,False,True,False,False,0,3.3,0,18,1,scraper_bot
0,0,1,271,234.8,False,False,False,False,0,68.9,5,2,0,casual_legit
0,1,2,297,316.6,False,False,False,False,0,36.8,10,4,0,casual_legit
0,0,0,209,243.8,False,False,False,False,0,97.7,6,4,0,casual_legit
0,0,1,19,267.7,False,False,True,False,0,52.1,2,1,0,mobile_legit
1,0,2,15,278.2,False,False,False,False,0,5.6,7,3,0,mobile_legit
0,0,1,126,161.8,False,False,False,True,0,36.4,7,3,0,casual_legit
0,0,5,266,266.9,False,False,False,False,0,46.7,11,2,0,casual_legit
0,0,1,105,199.3,False,False,False,False,0,17.7,3,4,0,casual_legit
0,0,2,23,320.5,False,False,False,True,0,27.5,8,1,0,mobile_legit
0,0,57,0,,False,True,True,False,1,1.0,0,24,1,scraper_bot
0,0,4,159,301.9,False,False,False,False,0,29.0,14,2,0,casual_legit
4,0,21,8,178.0,False,True,False,True,3,2.3,1,5,1,repeat_offender
0,0,2,0,301.7,False,False,False,False,0,7.7,11,2,0,mobile_legit
0,0,3,272,277.7,False,False,False,False,0,35.2,6,1,0,casual_legit
0,2,11,6,,True,True,False,True,1,17.3,1,6,1,repeat_offender
0,0,29,1,36.5,False,False,False,False,0,14.2,0,22,1,scraper_bot
3,0,18,1,47.1,False,True,False,False,3,0.3,0,1,1,credential_stuffing_bot
3,0,5,210,260.7,True,False,False,False,0,32.1,8,1,0,casual_legit
0,0,2,10,335.6,True,False,False,False,0,119.6,5,2,0,mobile_legit
0,0,4,0,,False,False,False,False,0,13.9,4,2,0,mobile_legit
0,0,26,1,35.7,True,False,True,False,0,2.2,1,17,1,scraper_bot
3,2,9,9,,False,True,False,True,0,14.8,0,6,1,repeat_offender
1,0,3,201,228.9,False,False,False,False,0,29.1,8,2,0,casual_legit
4,0,6,125,221.4,False,False,False,False,0,15.2,5,2,1,careful_human_attacker
0,0,53,1,88.1,True,False,True,False,0,2.3,1,13,1,scraper_bot
0,0,2,225,106.6,False,False,False,False,0,17.8,14,1,0,casual_legit
1,2,5,124,245.0,False,True,True,False,1,26.5,10,2,1,careful_human_attacker
4,1,21,0,,True,True,True,False,0,1.2,0,2,1,credential_stuffing_bot
1,0,28,2,,False,True,False,False,1,5.1,2,15,1,scraper_bot
0,0,2,70,216.9,False,False,False,False,0,111.8,8,4,0,casual_legit
0,0,2,242,220.9,False,False,False,True,0,19.9,7,1,0,casual_legit
2,2,13,13,80.8,True,False,False,False,0,1.5,0,6,1,repeat_offender
2,1,2,162,123.5,False,False,False,True,0,7.9,10,2,1,careful_human_attacker
0,0,4,171,216.0,True,False,False,True,0,113.7,10,2,0,legit_on_vpn
0,0,46,0,,False,False,False,False,1,1.0,0,11,1,scraper_bot
0,0,0,105,187.3,True,False,False,True,0,6.3,5,5,0,casual_legit
4,0,19,0,,False,True,False,True,1,0.6,0,2,1,credential_stuffing_bot
0,0,22,0,,False,True,True,False,0,0.7,1,12,1,scraper_bot
1,0,2,20,210.9,False,False,False,False,0,34.9,4,2,0,mobile_legit
0,0,3,180,228.8,False,False,False,False,0,99.6,9,3,0,casual_legit
2,2,9,117,239.4,True,False,False,False,1,11.2,11,4,1,careful_human_attacker
0,0,5,118,188.6,False,False,False,False,0,20.0,6,2,0,casual_legit
3,0,0,9,,False,True,False,True,1,3.7,4,2,1,repeat_offender
0,1,2,0,248.9,False,False,False,False,0,13.7,5,2,0,mobile_legit
0,0,6,248,263.0,False,False,False,False,0,58.5,8,3,0,casual_legit
0,0,1,220,333.8,False,False,False,False,0,58.0,11,1,0,legit_password_typo
3,1,33,0,15.0,True,False,False,False,0,0.6,1,1,1,credential_stuffing_bot
6,1,15,0,15.0,False,True,False,False,1,1.4,0,2,1,credential_stuffing_bot
0,0,0,209,257.6,False,False,False,False,0,83.5,8,1,0,casual_legit
1,0,28,0,15.0,False,False,False,False,1,3.1,0,1,1,credential_stuffing_bot
4,0,28,0,,True,True,False,False,2,1.5,0,1,1,credential_stuffing_bot
4,2,9,206,266.8,False,True,False,False,1,25.6,10,5,1,careful_human_attacker
0,0,32,2,60.0,True,True,True,False,0,1.6,1,15,1,scraper_bot
1,0,2,244,298.4,True,False,False,True,0,31.6,7,1,0,legit_on_vpn
0,0,5,174,226.2,True,False,False,False,0,22.8,14,5,0,casual_legit
0,0,2,136,282.6,False,False,False,False,0,67.5,15,2,1,casual_legit
0,1,3,253,150.8,False,False,False,False,0,11.6,10,2,0,casual_legit
0,0,0,31,,False,False,False,True,0,32.0,5,3,0,mobile_legit
0,0,2,85,,False,False,False,False,0,27.4,9,5,0,casual_legit
0,0,0,182,242.3,False,False,False,False,1,12.3,14,3,0,legit_password_typo
0,0,3,47,,False,False,False,False,0,42.8,4,2,0,mobile_legit
0,0,3,136,185.7,False,False,False,False,0,97.1,10,2,0,casual_legit
2,3,19,6,131.2,True,True,False,True,2,1.2,2,4,1,repeat_offender
1,0,1,73,318.5,False,False,False,False,0,39.9,8,1,0,casual_legit
2,0,3,179,146.7,False,False,False,False,1,73.2,15,2,0,legit_password_typo
1,0,4,203,232.1,False,False,False,False,0,33.9,11,3,0,casual_legit
1,0,1,104,232.5,True,False,False,False,0,26.2,7,5,0,legit_on_vpn
0,0,3,204,,False,False,False,False,0,90.6,6,2,0,casual_legit
0,0,3,25,,False,False,False,False,0,10.0,3,3,0,mobile_legit
0,0,42,0,,False,True,True,True,0,6.4,0,11,1,scraper_bot
3,0,13,0,,True,True,True,False,0,0.8,0,2,1,credential_stuffing_bot
0,0,30,0,48.6,False,False,True,True,0,0.4,0,12,1,scraper_bot
2,0,21,0,,True,True,True,False,1,0.5,1,1,1,credential_stuffing_bot
0,0,2,208,244.3,False,False,False,True,0,71.8,9,2,0,casual_legit
0,0,3,15,,False,False,False,True,0,27.1,8,1,0,mobile_legit
1,0,6,24,264.6,False,False,False,False,0,14.5,8,3,0,mobile_legit
0,0,3,189,222.0,True,False,False,False,0,71.3,8,1,0,legit_on_vpn
1,0,32,0,40.2,False,False,True,True,2,1.5,0,21,1,scraper_bot
0,0,4,207,183.1,True,False,False,False,0,23.1,5,3,0,legit_on_vpn
0,0,4,142,147.9,True,False,False,False,0,52.8,14,1,0,legit_password_typo
7,0,28,0,,True,True,True,False,0,1.0,0,1,1,credential_stuffing_bot
1,0,3,149,243.5,False,False,False,False,0,81.8,7,7,0,legit_password_typo
1,0,5,128,211.4,True,False,False,False,0,22.6,7,3,0,legit_on_vpn
0,1,5,5,245.4,False,False,False,False,0,11.0,1,1,0,mobile_legit
4,2,0,7,86.7,True,False,False,False,2,1.9,3,3,1,repeat_offender
2,1,20,3,,False,False,False,True,1,3.5,1,4,1,repeat_offender
0,0,1,201,188.7,False,False,False,False,0,5.0,9,1,0,casual_legit
0,0,6,25,366.0,False,False,False,False,0,5.9,8,1,0,mobile_legit
0,0,0,232,326.8,False,False,False,False,0,33.2,5,1,0,casual_legit
0,0,7,17,333.3,False,False,False,True,0,44.8,12,4,0,mobile_legit
0,0,5,7,,False,False,False,False,0,21.4,5,2,0,mobile_legit
2,0,29,0,48.4,False,False,False,False,0,1.2,0,11,0,scraper_bot
2,3,17,11,119.4,False,False,True,True,2,8.9,0,4,1,repeat_offender
0,0,3,235,227.8,False,False,False,False,0,10.7,12,3,0,casual_legit
2,3,18,10,24.0,False,False,False,False,1,19.0,2,4,1,repeat_offender
0,0,0,205,183.0,False,False,False,False,0,33.9,8,2,0,casual_legit
0,0,4,2,295.6,False,False,False,True,0,57.0,13,1,0,mobile_legit
3,0,23,0,68.5,True,False,True,False,1,0.6,0,1,1,credential_stuffing_bot
3,1,10,1,,True,True,True,False,0,0.7,0,2,1,credential_stuffing_bot
2,0,0,0,21.8,False,True,True,True,0,4.0,0,10,1,scraper_bot
1,1,17,5,181.6,True,True,False,False,4,17.8,2,1,1,repeat_offender
3,0,32,1,55.7,False,True,True,True,0,2.5,1,3,1,credential_stuffing_bot
0,0,3,0,279.6,False,False,False,False,0,32.7,4,3,0,mobile_legit
0,0,1,277,141.6,False,False,False,False,0,177.1,9,2,0,casual_legit
1,1,30,2,,True,False,False,False,0,0.3,0,2,1,credential_stuffing_bot
1,0,2,83,182.9,True,False,False,False,0,151.8,14,7,0,legit_password_typo
0,0,4,164,131.3,False,False,False,False,0,25.6,12,3,0,legit_password_typo
6,0,13,8,,True,True,False,False,1,1.7,2,5,1,repeat_offender
0,0,26,1,,False,True,False,True,0,1.1,1,11,1,scraper_bot
2,1,5,6,117.1,False,True,True,False,1,7.1,1,7,1,repeat_offender
0,0,4,143,247.5,False,False,False,False,0,31.1,9,2,0,casual_legit
1,1,18,7,,True,False,True,False,4,11.6,1,5,1,repeat_offender
2,2,11,126,122.6,False,False,False,True,2,7.6,9,3,1,careful_human_attacker
2,0,8,188,174.0,False,False,False,False,0,27.9,9,4,1,careful_human_attacker
1,1,1,210,217.5,False,False,False,False,0,84.4,8,5,0,legit_password_typo
0,1,0,158,304.2,False,False,False,False,0,7.2,12,2,0,casual_legit
6,0,20,0,36.4,True,True,False,False,1,0.5,0,2,1,credential_stuffing_bot
0,0,6,230,218.9,False,False,False,False,0,37.4,9,3,0,casual_legit
0,0,3,149,249.8,False,False,False,False,0,54.4,7,2,0,casual_legit
5,1,11,0,37.6,False,False,True,False,0,2.8,0,1,1,credential_stuffing_bot
0,0,2,165,184.5,False,False,False,False,0,6.4,4,1,0,casual_legit
3,1,7,140,191.1,True,False,False,True,0,8.6,6,1,1,careful_human_attacker
0,0,3,311,229.5,False,True,False,False,0,39.2,7,3,0,casual_legit
0,0,2,129,211.5,False,False,False,False,0,8.6,3,1,0,casual_legit
0,0,34,2,,False,True,True,False,0,3.7,1,13,1,scraper_bot
2,1,4,145,185.0,False,False,False,False,0,48.9,13,2,1,legit_password_typo
1,2,25,7,143.6,False,False,True,False,1,9.7,4,3,1,repeat_offender
0,0,41,0,,False,False,True,False,0,1.0,0,14,1,scraper_bot
2,0,6,180,234.4,True,False,False,False,0,18.6,8,3,0,legit_password_typo
3,0,14,10,,True,False,True,False,2,9.9,1,3,1,repeat_offender
3,0,7,279,215.9,True,False,False,False,0,5.8,8,2,0,legit_on_vpn
1,0,3,1,266.2,False,False,False,False,0,27.4,4,2,0,mobile_legit
2,0,4,136,203.8,False,False,False,False,0,32.8,13,2,1,legit_password_typo
1,0,2,4,268.1,False,False,False,False,0,31.4,6,2,0,mobile_legit
0,0,2,262,188.0,False,False,False,False,0,20.5,14,3,0,casual_legit
0,0,3,205,170.2,False,False,False,False,0,16.3,16,1,0,casual_legit
0,0,3,168,235.2,False,False,False,False,0,48.8,12,2,0,casual_legit
0,0,2,220,173.5,False,False,False,False,0,85.9,10,2,0,casual_legit
0,0,7,232,225.1,True,False,False,False,0,54.4,7,2,0,legit_on_vpn
0,0,5,245,278.9,False,False,False,False,0,230.5,2,3,0,casual_legit
0,0,5,218,145.6,False,False,False,False,0,24.9,9,4,0,legit_password_typo
5,0,33,0,,True,True,True,True,0,1.0,0,1,1,credential_stuffing_bot
6,1,39,0,37.3,True,False,True,False,1,0.2,0,1,1,credential_stuffing_bot
2,4,6,96,174.7,True,False,False,False,0,85.6,8,3,1,careful_human_attacker
0,0,4,48,209.8,False,False,False,False,0,10.9,15,3,0,casual_legit
1,0,16,7,70.9,True,True,False,False,2,1.8,0,4,1,repeat_offender
2,1,2,203,154.9,False,True,True,True,1,15.9,6,2,1,careful_human_attacker
1,0,69,1,54.8,False,False,True,True,1,1.7,0,18,1,scraper_bot
0,0,36,0,44.0,False,True,True,True,0,0.5,0,23,1,scraper_bot
0,0,4,214,237.4,False,False,False,False,0,26.5,10,3,0,casual_legit
0,0,4,139,324.2,True,False,False,False,0,72.5,8,3,0,legit_on_vpn
0,0,2,231,273.8,False,False,False,False,0,44.8,11,1,0,casual_legit
3,0,13,1,,False,False,True,False,0,2.2,0,1,1,credential_stuffing_bot
9,1,26,0,,False,True,True,False,1,1.0,0,3,1,credential_stuffing_bot
1,0,5,269,288.8,False,True,False,False,0,62.7,9,1,0,legit_password_typo
1,0,4,177,223.9,False,False,False,True,0,60.2,13,2,0,legit_password_typo
1,0,22,3,91.9,False,False,False,True,1,1.3,2,4,1,repeat_offender
2,0,27,0,68.6,True,False,False,False,1,0.4,0,10,1,scraper_bot
5,0,20,0,,True,True,True,False,0,0.7,0,1,1,credential_stuffing_bot
0,0,3,172,103.6,False,False,False,False,0,7.0,6,4,0,casual_legit
6,1,31,1,47.1,True,False,True,True,0,3.2,1,1,1,credential_stuffing_bot
2,4,16,5,83.7,False,False,False,False,3,10.3,1,7,1,repeat_offender
0,0,4,43,229.1,True,False,False,False,0,46.8,12,2,1,legit_on_vpn
0,0,4,169,231.6,True,False,False,False,0,13.5,6,3,0,legit_on_vpn
3,0,17,0,31.6,False,True,False,False,1,1.5,0,1,1,credential_stuffing_bot
1,0,14,0,,True,False,True,False,2,0.5,0,1,1,credential_stuffing_bot
0,0,4,226,235.7,False,False,False,False,0,86.7,9,3,0,casual_legit
3,1,16,0,54.3,True,True,True,False,0,0.6,1,2,1,credential_stuffing_bot
1,1,17,0,17.1,False,False,True,False,0,3.6,0,1,1,credential_stuffing_bot
0,0,3,177,,False,False,False,False,0,79.5,6,1,0,legit_password_typo
0,0,1,254,203.3,True,False,False,False,0,20.6,13,4,0,casual_legit
1,0,18,1,,True,True,False,True,1,5.0,0,20,1,scraper_bot
0,0,1,10,333.7,False,False,False,False,0,76.7,5,2,0,mobile_legit
1,0,20,0,41.8,False,True,True,False,0,4.1,1,13,1,scraper_bot
0,0,1,20,263.8,False,False,False,False,0,27.4,6,1,0,mobile_legit
0,0,5,231,197.0,False,True,False,False,0,11.3,4,5,0,casual_legit
0,0,2,28,338.2,False,False,False,False,0,79.4,5,2,0,mobile_legit
0,0,2,209,186.0,False,False,False,True,0,21.5,12,2,0,casual_legit
0,0,2,50,,False,False,False,False,0,13.1,6,3,0,mobile_legit
3,0,18,0,30.5,False,False,True,True,0,4.0,0,2,1,credential_stuffing_bot
3,0,21,1,42.9,False,False,True,True,0,2.8,0,1,1,credential_stuffing_bot
0,0,3,130,150.2,False,False,False,False,0,9.0,14,1,0,casual_legit
0,0,5,203,146.2,False,False,False,False,0,47.6,5,3,0,casual_legit
0,0,3,263,244.6,False,False,False,False,0,18.6,13,4,0,casual_legit
0,0,3,26,235.5,False,False,False,False,0,5.2,7,2,1,mobile_legit
1,0,2,152,238.3,False,False,False,True,0,20.1,5,2,0,casual_legit
1,0,6,97,232.0,False,False,False,False,0,12.9,11,2,0,legit_password_typo
0,0,2,22,201.8,False,False,False,True,0,39.3,5,2,0,mobile_legit
0,0,3,20,279.8,False,False,False,False,0,76.9,8,1,0,mobile_legit
5,1,15,0,26.2,True,False,True,False,0,1.6,0,1,1,credential_stuffing_bot
4,0,1,121,191.9,True,True,False,True,1,47.8,5,3,1,careful_human_attacker
4,0,40,0,32.6,False,True,False,True,0,1.2,0,3,1,credential_stuffing_bot
0,0,14,10,,True,True,False,False,1,4.6,0,3,1,repeat_offender
1,0,3,13,294.8,False,False,False,False,0,52.6,5,2,0,mobile_legit
0,0,2,290,256.4,False,False,False,False,0,37.5,10,3,0,casual_legit
0,0,1,23,,False,False,False,True,0,12.9,8,2,0,mobile_legit
0,1,5,182,208.5,False,False,False,False,0,52.7,12,5,0,casual_legit
0,0,0,0,,True,True,True,True,0,3.9,1,20,1,scraper_bot
0,0,3,247,215.9,False,False,False,False,0,48.4,9,3,0,casual_legit
6,0,27,0,29.5,True,True,True,False,2,0.3,0,3,1,credential_stuffing_bot
1,2,14,5,51.6,True,False,False,False,3,12.8,4,4,1,repeat_offender
0,0,4,185,180.3,False,False,False,True,0,16.5,6,3,0,casual_legit
0,0,1,64,236.8,False,False,False,True,0,58.0,5,2,0,casual_legit
1,1,20,14,94.0,True,False,True,True,2,8.8,2,2,1,repeat_offender
0,0,1,14,320.6,False,False,False,False,0,14.3,5,2,0,mobile_legit
2,0,13,8,108.0,True,True,False,False,3,6.7,1,4,1,repeat_offender
0,0,5,324,343.2,False,False,False,False,0,32.5,7,2,0,casual_legit
4,0,17,0,38.5,True,True,True,True,1,1.4,0,1,1,credential_stuffing_bot
5,1,31,0,,True,False,True,True,0,2.5,1,1,1,credential_stuffing_bot
0,0,1,344,237.4,False,False,False,False,0,89.1,10,2,1,legit_password_typo
3,1,17,1,15.0,False,True,True,True,0,0.7,0,1,1,credential_stuffing_bot
1,0,42,0,47.6,True,True,True,False,0,1.3,1,24,1,scraper_bot
0,0,31,1,,True,True,True,False,1,2.0,1,13,1,scraper_bot
0,1,1,86,231.5,False,False,False,False,0,22.4,8,2,0,casual_legit
1,0,7,322,206.4,False,False,False,False,0,61.5,15,4,0,legit_password_typo
6,0,23,0,43.3,False,False,True,True,1,3.0,0,1,1,credential_stuffing_bot
1,0,2,205,302.9,False,False,False,False,0,24.1,5,4,0,casual_legit
0,0,2,156,206.5,False,False,False,False,0,91.2,16,3,0,casual_legit
0,0,1,189,235.2,False,False,False,True,0,5.8,6,3,0,casual_legit
1,0,2,2,242.6,False,False,False,False,0,18.3,2,2,0,mobile_legit
0,0,4,135,270.3,False,False,False,False,0,76.2,16,3,0,legit_password_typo
0,0,2,87,180.9,False,False,False,False,0,41.0,7,3,0,casual_legit
0,0,1,13,305.5,False,False,False,False,0,30.3,6,3,1,mobile_legit
0,0,1,283,303.9,False,False,False,False,0,14.3,9,4,0,casual_legit
1,0,6,83,230.9,False,False,False,False,0,21.5,6,1,0,legit_password_typo
3,6,11,161,275.0,False,False,False,True,3,24.6,6,2,1,careful_human_attacker
0,0,2,313,161.3,False,False,False,False,0,17.9,10,2,0,casual_legit
0,0,1,151,,False,False,False,False,0,76.1,6,1,0,casual_legit
0,0,2,120,184.9,False,False,False,False,0,44.0,10,3,0,casual_legit
0,0,3,142,220.9,False,False,False,False,0,30.8,5,2,0,casual_legit
2,0,4,167,225.4,True,False,False,False,0,6.5,5,3,0,legit_on_vpn
0,0,1,10,307.0,False,False,False,False,0,16.8,10,2,0,mobile_legit
1,2,10,8,89.3,False,True,False,True,3,6.3,1,3,1,repeat_offender
0,0,3,199,210.1,False,False,False,False,0,5.9,5,1,0,casual_legit
0,0,2,174,134.0,False,False,False,False,0,39.7,4,7,0,legit_password_typo
0,0,7,113,153.7,False,False,False,False,0,50.1,13,4,0,legit_password_typo
0,0,5,36,315.8,False,False,False,False,0,12.0,7,2,0,casual_legit
0,0,5,165,260.2,False,False,False,False,0,68.1,14,1,0,casual_legit
1,0,4,187,186.5,False,False,False,False,0,15.1,12,2,0,casual_legit
0,1,2,101,264.8,False,False,False,False,0,33.2,9,1,0,casual_legit
0,0,2,271,162.2,False,False,False,False,0,23.7,4,4,0,casual_legit
6,0,41,0,27.8,False,False,True,True,1,0.9,2,1,1,credential_stuffing_bot
2,1,10,9,,False,True,False,False,1,6.9,2,4,1,repeat_offender
2,0,19,0,,False,True,True,True,0,0.4,0,1,1,credential_stuffing_bot
0,0,4,172,301.2,False,False,False,False,0,18.7,13,1,0,casual_legit
0,0,1,30,374.8,False,False,False,False,0,61.2,11,1,0,mobile_legit
0,0,47,0,25.5,False,True,False,False,1,1.9,1,14,1,scraper_bot
5,1,36,0,,False,True,False,True,1,1.6,0,1,1,credential_stuffing_bot
0,0,1,167,294.7,False,False,False,False,0,13.8,17,3,0,casual_legit
0,0,4,21,208.9,False,False,False,False,0,24.6,1,1,0,mobile_legit
1,1,18,0,,True,True,True,False,0,0.2,0,1,1,credential_stuffing_bot
0,0,3,147,257.9,False,False,False,False,0,47.6,11,3,0,legit_password_typo
0,0,6,72,234.8,False,False,False,True,0,65.0,6,2,0,casual_legit
3,0,6,1,34.7,True,False,False,False,0,0.3,1,1,1,credential_stuffing_bot
0,0,1,20,,False,False,False,False,0,18.9,6,5,0,mobile_legit
0,0,3,44,254.4,False,False,False,False,0,49.7,6,7,1,mobile_legit
3,1,22,0,,False,True,True,False,0,0.8,0,1,1,credential_stuffing_bot
0,0,4,23,300.3,False,False,False,False,0,34.5,8,5,0,mobile_legit
1,0,2,134,211.0,False,False,False,False,0,5.1,14,2,0,casual_legit
1,0,21,0,15.0,True,True,True,False,1,0.4,1,10,1,scraper_bot
0,0,3,77,179.5,False,False,False,False,0,5.2,10,2,0,casual_legit
4,2,10,109,184.7,True,False,False,False,2,21.5,7,4,1,careful_human_attacker
0,1,4,5,234.1,False,False,False,True,0,174.9,5,2,0,mobile_legit
0,0,22,2,,False,True,True,True,0,2.6,1,15,1,scraper_bot
0,0,8,141,241.1,True,False,False,True,0,44.3,9,2,0,legit_on_vpn
0,0,2,4,343.0,False,False,False,False,0,31.6,7,3,0,mobile_legit
0,0,24,0,88.5,True,True,True,False,1,2.0,0,13,1,scraper_bot
6,1,31,0,28.6,False,False,True,False,2,7.2,1,1,1,credential_stuffing_bot
3,1,12,147,213.6,True,True,False,True,0,47.2,6,5,1,careful_human_attacker
0,0,7,204,213.9,False,False,False,False,0,8.9,16,1,0,casual_legit
0,0,2,147,244.2,False,False,False,True,0,52.2,7,3,0,casual_legit
0,0,3,166,238.8,False,False,False,False,0,30.3,9,4,0,casual_legit
4,1,51,1,24.8,True,False,False,True,0,2.4,0,2,1,credential_stuffing_bot
4,2,20,10,,True,False,False,False,4,9.7,2,8,1,repeat_offender
3,1,11,13,24.8,True,True,True,False,2,3.7,1,3,1,repeat_offender
3,0,14,0,34.1,True,True,True,True,1,0.4,0,1,1,credential_stuffing_bot
1,0,3,35,285.6,True,False,False,True,0,55.2,6,3,0,mobile_legit
0,0,3,238,262.9,False,False,False,True,0,103.8,13,4,0,casual_legit
0,0,53,1,,False,True,True,False,1,0.9,0,17,1,scraper_bot
0,0,4,186,253.5,False,False,False,False,0,56.0,6,2,0,casual_legit
3,0,7,0,,False,False,True,False,1,3.0,0,1,1,credential_stuffing_bot
0,0,2,94,177.3,False,False,False,False,0,21.9,8,5,0,casual_legit
0,0,2,181,260.4,False,False,False,False,0,39.3,7,3,0,casual_legit
0,0,2,211,191.6,False,False,False,False,0,52.9,13,4,0,casual_legit
0,0,4,153,175.4,False,False,False,True,0,74.6,9,5,0,casual_legit
0,0,1,0,,True,False,False,False,0,13.3,5,1,0,mobile_legit
1,0,21,2,,True,False,True,False,1,0.8,0,19,1,scraper_bot
0,0,56,1,15.0,True,True,True,False,0,1.3,0,14,1,scraper_bot
1,2,10,177,213.7,True,False,False,False,0,15.4,5,2,1,careful_human_attacker
1,0,3,155,248.8,False,False,False,True,0,50.6,11,2,0,casual_legit
2,0,30,0,,False,True,True,True,1,0.5,0,1,1,credential_stuffing_bot
2,0,42,0,,False,True,True,True,1,1.6,0,20,1,scraper_bot
1,0,11,166,208.0,False,False,False,True,1,30.0,8,4,1,careful_human_attacker
0,0,3,21,279.0,False,False,False,True,0,8.0,6,1,0,mobile_legit
0,0,26,1,,False,True,True,False,1,5.8,0,8,1,scraper_bot
0,0,61,1,36.2,True,True,True,False,0,0.8,0,12,1,scraper_bot
0,0,9,107,215.8,True,False,False,False,0,16.5,11,3,0,legit_on_vpn
4,2,2,170,202.5,True,False,True,True,0,7.0,5,6,1,careful_human_attacker
2,3,17,166,192.0,False,False,False,False,1,17.0,10,4,1,careful_human_attacker
3,1,17,0,,True,True,False,True,1,0.2,0,1,1,credential_stuffing_bot
2,2,10,105,201.0,True,False,False,True,1,4.8,5,5,1,careful_human_attacker
0,0,2,173,219.8,False,False,False,True,0,7.0,9,5,0,casual_legit
5,1,30,1,38.2,True,False,True,False,1,2.4,0,1,1,credential_stuffing_bot
0,0,0,3,331.2,False,False,False,False,0,27.7,6,2,0,mobile_legit
3,0,41,0,23.7,False,False,False,False,1,3.8,1,1,1,credential_stuffing_bot
0,0,3,132,261.1,False,False,False,False,0,33.3,6,3,0,legit_on_vpn
0,0,1,255,148.3,False,False,False,False,1,59.8,11,4,0,casual_legit
2,0,42,1,,True,True,False,False,1,0.4,0,1,1,credential_stuffing_bot
0,0,4,228,199.2,False,False,False,True,0,14.4,8,2,0,casual_legit
2,0,2,102,177.2,False,False,False,False,1,29.9,8,3,0,legit_password_typo
0,0,3,181,257.5,False,False,False,False,0,13.4,6,6,0,casual_legit
0,0,32,1,,False,False,True,True,0,0.3,0,17,1,scraper_bot
0,0,5,128,207.8,True,False,False,False,0,20.7,4,1,0,legit_on_vpn
5,0,26,0,,True,False,True,False,0,2.4,2,1,1,credential_stuffing_bot
6,1,14,0,,False,False,False,True,2,2.7,0,2,1,credential_stuffing_bot
0,0,3,219,342.1,False,False,False,False,0,30.9,11,4,0,casual_legit
0,0,2,207,189.3,False,False,False,False,0,14.6,5,1,0,casual_legit
0,0,4,102,198.2,False,False,False,False,0,20.5,14,2,0,casual_legit
1,0,49,1,,False,True,True,False,0,0.9,0,16,1,scraper_bot
2,1,10,9,,False,False,False,False,1,5.4,0,1,1,repeat_offender
1,2,12,6,117.9,True,True,True,True,4,1.1,5,3,1,repeat_offender
0,0,3,61,205.1,False,False,False,False,0,29.7,9,1,0,casual_legit
0,0,3,198,245.6,False,False,False,False,0,15.3,6,2,0,casual_legit
1,0,10,8,66.5,True,True,False,False,2,4.1,1,4,1,repeat_offender
0,0,2,47,237.6,False,False,False,False,0,9.0,5,3,0,mobile_legit
0,0,4,37,228.2,False,False,False,False,0,81.9,9,1,0,legit_password_typo
1,1,3,244,195.6,False,False,False,True,0,21.0,5,2,1,careful_human_attacker
0,0,1,10,224.4,False,False,False,True,0,28.8,5,2,0,mobile_legit
0,0,41,0,,False,True,True,False,0,1.4,0,12,1,scraper_bot
0,1,4,4,,False,False,False,False,0,132.0,7,2,0,mobile_legit
1,0,50,0,55.9,False,True,False,False,0,1.9,0,14,1,scraper_bot
0,0,4,190,265.5,False,False,False,False,0,6.8,10,4,0,casual_legit
5,2,51,1,,True,True,True,True,0,1.1,0,4,1,credential_stuffing_bot
0,0,0,14,,False,False,False,False,0,26.4,10,3,0,mobile_legit
5,2,29,0,30.9,True,True,False,True,0,1.1,1,1,1,credential_stuffing_bot
1,1,7,180,177.5,False,False,False,False,0,6.2,12,2,1,careful_human_attacker
0,0,39,0,,True,False,True,True,1,2.0,0,14,1,scraper_bot
4,0,9,0,,True,False,False,True,1,0.3,0,2,1,credential_stuffing_bot
0,0,4,10,339.0,False,False,False,False,0,42.5,3,3,0,mobile_legit
2,0,27,0,49.5,False,True,False,False,0,0.4,0,2,0,credential_stuffing_bot
1,0,3,27,277.3,False,False,False,True,0,15.2,4,2,0,mobile_legit
1,4,12,184,144.6,False,True,False,False,0,30.0,8,2,1,careful_human_attacker
2,0,29,0,,True,False,True,False,1,1.2,0,1,1,credential_stuffing_bot
2,0,4,85,204.8,False,False,False,False,0,96.9,7,6,0,legit_password_typo
2,0,4,115,224.3,False,True,False,False,0,20.4,7,2,1,careful_human_attacker
1,0,11,7,144.6,False,False,False,False,2,3.5,0,3,1,repeat_offender
0,0,10,2,,False,True,True,True,0,2.0,0,15,1,scraper_bot
3,2,42,0,40.9,False,False,False,True,1,2.8,1,1,1,credential_stuffing_bot
0,0,1,103,237.3,False,False,False,True,0,11.1,8,4,0,casual_legit
0,0,2,169,295.0,False,False,False,False,0,94.5,9,1,0,casual_legit
0,0,0,6,276.0,False,False,False,False,0,13.4,2,4,0,mobile_legit
1,0,5,188,225.0,False,False,False,False,0,87.0,10,5,0,casual_legit
0,0,3,129,198.5,False,False,False,False,0,39.1,12,1,0,casual_legit
0,0,48,0,62.9,False,False,True,True,0,1.7,1,20,1,scraper_bot
0,0,5,125,299.4,True,False,False,False,0,13.6,5,3,0,legit_on_vpn
1,0,4,318,158.4,False,False,False,False,0,7.4,10,1,0,casual_legit
4,0,5,101,182.3,False,False,False,False,0,22.0,11,1,1,careful_human_attacker
0,0,7,22,271.4,False,False,False,False,0,26.4,7,1,0,mobile_legit
3,0,24,1,,False,True,True,True,0,5.0,0,1,1,credential_stuffing_bot
0,0,3,253,250.9,False,False,False,False,0,15.3,10,4,0,casual_legit
0,0,1,237,171.2,False,False,False,False,0,5.4,7,3,0,casual_legit
0,0,2,236,,False,False,False,False,0,236.6,10,2,0,casual_legit
0,0,1,9,267.8,False,False,False,False,0,36.1,6,4,0,mobile_legit
1,0,2,210,247.5,False,False,False,False,0,88.9,8,2,0,casual_legit
0,0,3,325,271.4,False,False,False,False,0,6.6,15,5,0,casual_legit
0,1,3,30,308.2,False,False,False,False,0,13.2,4,4,0,mobile_legit
0,0,5,23,352.9,False,False,False,False,0,15.3,12,4,0,mobile_legit
0,0,31,0,,True,True,False,False,0,0.7,2,14,1,scraper_bot
0,0,2,216,281.7,False,False,False,False,0,11.1,10,2,0,casual_legit
1,0,47,0,,False,True,False,True,0,4.6,0,19,1,scraper_bot
3,2,5,255,274.8,False,False,False,True,1,13.5,8,3,1,careful_human_attacker
7,2,44,0,22.0,True,False,True,True,1,2.6,0,1,1,credential_stuffing_bot
0,0,15,7,91.9,False,True,False,True,2,4.8,2,3,1,repeat_offender
1,0,1,98,243.1,False,False,False,False,0,32.3,7,2,0,casual_legit
1,0,1,231,163.6,False,False,False,False,0,74.1,7,3,0,casual_legit
0,0,50,0,15.0,False,True,True,False,0,0.8,0,14,1,scraper_bot
0,0,3,155,237.1,False,False,False,False,0,5.5,13,3,0,casual_legit
0,1,47,0,,False,True,False,False,0,1.4,0,15,1,scraper_bot
0,0,1,31,351.0,False,False,False,False,0,18.7,6,1,0,mobile_legit
0,0,3,178,161.1,False,False,False,True,0,12.7,12,5,0,casual_legit
0,0,3,201,146.6,False,False,False,False,0,10.1,11,2,1,legit_password_typo
0,0,3,99,178.7,True,False,False,False,0,50.1,4,2,0,legit_on_vpn
0,0,1,195,235.2,False,False,False,False,0,7.5,4,3,0,casual_legit
0,0,5,195,179.6,False,False,False,False,0,5.6,12,3,0,casual_legit
0,0,3,132,126.0,True,False,False,False,0,103.3,6,3,0,legit_on_vpn
2,0,1,89,174.9,True,False,False,False,0,29.7,9,4,1,careful_human_attacker
0,0,1,136,223.9,False,False,False,False,0,100.2,10,2,0,casual_legit
0,0,3,206,233.9,False,False,False,False,0,43.1,6,1,0,casual_legit
0,0,4,155,245.1,False,False,False,False,0,17.8,17,3,0,legit_password_typo
0,0,6,105,256.3,False,False,False,False,0,11.6,5,1,0,casual_legit
0,0,2,233,121.8,True,False,False,False,0,89.5,10,2,0,casual_legit
0,0,31,0,41.6,False,True,True,True,1,3.1,1,11,1,scraper_bot
0,0,5,144,,False,False,False,False,0,34.4,8,2,0,casual_legit
2,0,21,1,15.0,True,False,False,False,1,2.6,0,2,1,credential_stuffing_bot
0,0,5,127,235.6,False,False,False,False,0,19.1,16,2,0,casual_legit
2,0,5,93,269.0,False,False,False,False,0,61.8,8,3,0,legit_password_typo
2,0,18,4,128.8,False,True,False,False,4,1.8,1,3,1,repeat_offender
0,0,3,248,187.7,False,False,False,False,0,11.3,8,3,0,casual_legit
0,0,48,0,15.7,False,True,True,False,0,6.2,0,19,1,scraper_bot
0,0,3,214,223.4,False,False,False,False,0,34.4,10,3,0,casual_legit
0,0,35,1,51.2,False,False,True,False,0,3.6,0,12,1,scraper_bot
3,2,18,1,28.5,False,False,True,True,1,0.3,1,2,1,credential_stuffing_bot
0,0,32,0,,False,False,False,False,1,1.1,1,18,1,scraper_bot
0,0,2,21,,False,False,False,False,0,28.0,3,1,0,mobile_legit
0,0,2,140,234.7,False,False,False,False,0,28.9,17,1,0,casual_legit
0,0,2,7,321.7,False,False,True,False,0,26.5,4,3,0,mobile_legit
0,0,4,35,205.7,False,False,False,False,0,70.2,7,4,0,mobile_legit
1,0,11,6,58.3,True,True,False,True,2,1.3,1,3,1,repeat_offender
4,0,18,0,30.7,False,True,False,False,3,2.3,1,1,1,credential_stuffing_bot
0,1,18,6,90.1,False,False,False,True,4,13.8,0,4,1,repeat_offender
3,2,32,0,25.8,False,True,True,True,0,3.1,0,1,1,credential_stuffing_bot
0,0,1,206,208.3,False,False,False,False,0,47.4,15,4,0,casual_legit
1,0,3,73,214.3,False,False,False,False,0,64.7,8,3,0,casual_legit
0,0,2,13,300.6,False,False,False,True,0,11.8,8,3,0,mobile_legit
0,0,2,170,281.6,False,False,False,True,0,22.3,8,1,0,casual_legit
0,0,30,0,47.1,False,True,True,True,0,1.1,0,18,1,scraper_bot
0,0,7,182,282.7,True,False,False,False,0,30.0,5,1,0,legit_on_vpn
0,0,3,179,162.1,False,False,False,True,0,12.8,8,4,0,casual_legit
0,0,4,260,174.4,False,False,False,False,0,25.5,11,2,0,casual_legit
0,0,36,0,45.8,True,False,True,False,0,0.3,2,11,1,scraper_bot
0,0,5,14,244.4,False,False,False,False,0,40.1,2,3,1,mobile_legit
0,0,1,246,206.5,False,False,False,False,0,70.7,15,5,0,casual_legit
2,1,25,0,,False,False,True,False,1,0.2,1,1,1,credential_stuffing_bot
0,0,1,18,361.5,False,False,False,False,0,30.9,8,2,0,mobile_legit
1,0,5,18,234.0,False,False,False,False,0,74.6,10,2,0,mobile_legit
0,0,38,0,,False,False,True,True,0,2.3,0,11,1,scraper_bot
4,3,11,105,230.8,False,False,False,True,0,9.4,8,5,1,careful_human_attacker
4,2,7,159,254.2,False,False,False,False,1,22.8,10,3,1,careful_human_attacker
0,0,3,207,203.3,False,False,False,False,0,8.6,6,3,0,casual_legit
0,1,11,8,96.4,False,False,True,True,0,4.8,1,2,1,repeat_offender
5,2,28,0,,True,True,False,False,1,1.1,0,1,1,credential_stuffing_bot
0,0,3,147,332.8,False,False,False,False,0,95.7,13,1,0,casual_legit
0,0,4,120,214.1,False,False,False,False,0,16.2,10,2,0,casual_legit
2,1,24,1,,True,False,True,False,0,0.6,0,1,1,credential_stuffing_bot
1,0,3,258,215.6,False,False,False,False,0,23.8,12,4,0,casual_legit
0,2,19,0,,False,False,False,True,0,0.7,0,17,1,scraper_bot
0,0,2,169,210.6,False,False,False,False,0,18.2,2,5,0,casual_legit
1,0,3,181,,False,False,False,False,0,12.0,5,2,0,casual_legit
1,2,7,15,111.1,True,True,True,False,2,17.1,1,4,1,repeat_offender
0,0,22,6,183.4,True,True,False,True,2,5.3,4,5,1,repeat_offender
4,4,14,8,,True,False,False,False,4,1.6,2,2,1,repeat_offender
0,0,4,21,288.8,False,False,False,True,0,12.3,7,2,0,mobile_legit
3,0,42,0,39.1,True,True,False,False,0,3.7,0,1,1,credential_stuffing_bot
2,1,22,0,20.3,True,False,False,False,1,1.9,1,1,1,credential_stuffing_bot
1,0,16,1,37.9,False,True,True,True,0,3.7,0,19,1,scraper_bot
0,0,2,175,200.6,False,False,False,True,0,136.8,10,4,0,legit_on_vpn
0,0,3,172,220.5,False,False,False,False,0,50.6,9,3,0,casual_legit
0,0,2,249,229.7,False,False,False,True,0,52.0,10,1,0,casual_legit
0,0,1,13,278.0,False,False,False,False,0,20.7,8,2,0,mobile_legit
0,0,2,145,225.1,True,False,False,False,0,29.2,6,3,0,casual_legit
3,4,5,215,247.9,True,False,False,False,1,40.1,6,4,1,careful_human_attacker
1,0,4,189,243.0,False,False,False,False,0,112.4,13,4,0,casual_legit
0,0,0,6,242.6,False,False,False,False,0,20.7,12,1,0,mobile_legit
0,0,4,164,232.9,False,False,False,False,0,60.1,9,3,0,casual_legit
2,0,17,6,120.4,False,False,False,True,8,10.3,2,3,1,repeat_offender
0,0,6,32,341.5,False,False,False,False,0,41.4,7,2,0,mobile_legit
0,0,5,0,289.2,False,False,False,False,0,52.8,5,4,0,mobile_legit
1,1,7,1,27.2,True,False,True,False,1,1.5,0,1,1,credential_stuffing_bot
0,0,4,71,173.5,False,False,False,False,0,14.1,14,4,0,casual_legit
3,1,21,0,18.4,False,True,False,False,2,1.2,0,1,1,credential_stuffing_bot
0,1,15,0,,False,True,False,False,0,1.8,0,25,1,scraper_bot
0,0,4,248,160.9,False,False,False,False,0,9.6,8,1,0,casual_legit
3,0,31,0,,False,True,True,True,1,0.8,1,3,1,credential_stuffing_bot
1,0,1,0,272.3,False,False,False,False,0,26.9,5,2,0,mobile_legit
0,0,1,70,290.7,True,False,False,False,0,21.5,13,1,0,legit_on_vpn
0,0,2,8,340.5,False,False,False,False,0,7.9,4,2,0,mobile_legit
0,0,3,151,149.3,False,False,False,False,1,38.0,10,3,0,casual_legit
0,0,3,180,254.5,False,False,False,False,1,22.7,12,2,0,casual_legit
3,1,8,156,243.4,False,False,False,False,1,24.1,7,6,1,careful_human_attacker
0,0,4,186,190.3,False,False,False,False,0,63.1,8,3,0,casual_legit
0,0,4,214,206.5,False,False,False,False,0,15.3,8,3,0,casual_legit
1,0,35,0,26.3,False,True,False,True,1,1.0,0,15,1,scraper_bot
0,0,4,123,234.5,False,False,False,False,0,8.3,4,3,0,casual_legit
0,0,0,208,175.5,False,False,False,False,0,61.7,8,3,0,casual_legit
1,0,21,0,32.7,False,True,False,True,0,0.3,0,20,1,scraper_bot
0,0,5,261,279.0,True,False,False,False,0,58.8,5,3,0,legit_on_vpn
0,0,0,165,251.4,False,False,False,False,0,54.8,10,1,0,casual_legit
0,0,5,184,183.0,True,False,False,True,0,8.9,11,2,0,casual_legit
1,0,3,209,143.1,False,False,False,False,1,34.5,8,1,0,legit_password_typo
0,0,4,265,173.4,False,False,False,False,0,92.9,8,4,0,casual_legit
2,0,40,0,15.8,True,False,True,True,0,2.9,1,1,1,credential_stuffing_bot
0,0,1,23,260.9,False,False,False,True,0,74.7,3,3,0,mobile_legit
4,0,29,0,32.7,False,True,False,True,0,0.4,0,1,1,credential_stuffing_bot
0,0,3,216,211.2,False,False,False,False,0,54.1,15,1,0,casual_legit
1,0,3,75,227.2,True,False,False,False,0,86.0,13,2,1,legit_on_vpn
2,0,1,7,55.2,True,True,False,False,2,5.8,0,3,1,repeat_offender
0,0,5,180,277.3,False,False,False,False,1,53.6,6,6,0,casual_legit
1,0,1,166,168.1,False,False,False,False,0,33.1,11,3,0,casual_legit
0,0,0,18,346.9,False,False,False,False,0,141.9,6,1,0,mobile_legit
0,0,3,14,,False,False,False,False,0,29.5,4,3,0,mobile_legit
0,0,6,172,200.3,False,False,False,False,0,13.3,12,3,0,casual_legit
0,0,3,248,241.1,True,False,False,False,0,116.4,9,1,0,casual_legit
1,2,19,5,21.0,False,False,False,True,1,28.6,2,3,1,repeat_offender
0,0,7,10,,False,True,False,True,3,3.6,2,5,1,repeat_offender
1,0,38,1,,False,False,False,False,0,1.0,1,15,1,scraper_bot
4,0,37,0,,True,False,False,False,1,1.4,0,2,1,credential_stuffing_bot
0,0,2,96,321.5,False,False,False,False,0,53.7,13,1,0,casual_legit
3,0,19,0,,True,False,False,False,0,1.9,0,2,1,credential_stuffing_bot
2,0,3,40,189.6,False,False,False,False,0,11.6,8,1,0,mobile_legit
4,0,33,1,,False,False,False,True,0,1.4,0,1,1,credential_stuffing_bot
0,0,4,186,255.3,False,False,False,False,0,68.7,7,4,0,casual_legit
4,1,13,0,63.6,True,False,False,False,1,2.1,0,2,1,credential_stuffing_bot
2,0,2,206,,False,False,False,False,0,66.7,7,2,0,legit_password_typo
0,0,3,49,251.6,False,False,False,False,0,57.9,9,2,0,casual_legit
0,0,2,36,257.7,True,False,False,False,0,35.9,10,2,0,mobile_legit
9,0,32,0,,True,True,True,False,0,3.9,0,2,1,credential_stuffing_bot
1,1,3,212,169.1,False,False,False,True,0,50.6,5,1,0,casual_legit
5,0,13,0,,False,False,False,True,1,1.2,0,1,1,credential_stuffing_bot
0,0,1,183,229.6,False,False,False,False,0,13.7,9,3,0,casual_legit
0,0,3,192,243.4,False,False,False,False,0,71.3,7,2,0,casual_legit
3,1,13,10,,True,True,False,True,3,13.7,1,6,1,repeat_offender
0,0,3,156,172.8,False,False,False,False,0,36.8,7,2,0,casual_legit
0,0,22,0,45.1,False,True,True,True,0,0.9,0,20,1,scraper_bot
0,0,3,143,277.1,False,False,False,True,0,19.2,5,1,0,casual_legit
0,0,1,191,206.6,False,False,False,False,0,19.0,7,2,1,casual_legit
0,0,38,0,35.0,False,True,True,True,1,7.3,2,23,1,scraper_bot
0,0,4,97,210.9,False,False,False,False,0,36.8,10,1,0,casual_legit
1,0,43,0,,False,False,True,True,1,2.0,1,10,1,scraper_bot
0,0,2,158,195.4,False,False,False,False,0,24.5,11,5,0,casual_legit
0,1,5,104,229.6,False,False,False,False,0,22.7,6,2,0,casual_legit
0,1,3,224,300.0,False,False,False,True,0,68.0,10,3,0,legit_password_typo
0,0,5,178,268.9,False,False,False,False,0,17.6,12,1,0,casual_legit
1,1,10,161,307.0,True,False,True,False,1,5.8,8,4,1,careful_human_attacker
0,0,5,213,263.9,False,False,False,False,0,7.7,13,5,0,casual_legit
2,0,4,256,210.2,False,False,False,False,0,58.7,4,1,0,legit_password_typo
1,0,2,226,251.1,False,False,False,False,0,6.5,7,4,0,casual_legit
1,2,1,12,139.1,False,True,False,True,4,20.2,0,5,1,repeat_offender
2,1,15,9,,True,False,True,False,1,2.5,0,7,1,repeat_offender
2,1,3,111,221.7,True,False,False,False,1,17.9,7,3,1,careful_human_attacker
0,0,15,0,,False,True,True,False,0,2.5,2,15,1,scraper_bot
0,0,5,126,227.3,False,False,False,False,0,23.9,6,2,0,legit_password_typo
1,0,3,312,181.7,False,False,False,False,0,134.3,9,3,0,legit_password_typo
0,0,2,185,248.2,True,False,False,True,0,7.2,5,1,0,casual_legit
0,1,21,1,51.0,False,True,True,True,0,1.0,0,14,1,scraper_bot
1,0,1,225,250.7,False,False,False,False,0,45.8,5,2,0,casual_legit
2,0,4,270,249.1,False,False,False,False,1,19.1,12,3,0,legit_password_typo
0,1,4,0,289.0,False,False,False,False,0,5.4,6,2,0,mobile_legit
1,0,2,189,234.3,False,False,False,False,0,29.1,9,1,0,casual_legit
0,0,31,0,,False,True,True,True,0,0.5,1,17,1,scraper_bot
0,0,2,31,288.2,False,False,False,True,0,46.8,4,2,0,mobile_legit
0,0,3,132,224.8,False,False,False,False,0,201.7,9,4,0,casual_legit
4,1,19,1,,False,False,True,True,1,1.2,0,1,1,credential_stuffing_bot
1,0,4,166,244.7,False,False,False,False,0,138.8,12,4,0,casual_legit
0,0,1,0,330.9,False,False,False,True,0,38.7,5,2,0,mobile_legit
0,0,3,0,292.7,False,False,False,False,0,31.6,5,2,0,mobile_legit
0,0,0,0,175.1,False,False,False,False,0,33.3,5,4,0,mobile_legit
2,4,9,124,248.2,True,False,False,False,0,43.4,3,2,1,careful_human_attacker
4,0,13,12,104.9,True,False,False,True,4,6.8,3,5,1,repeat_offender
2,0,27,0,37.5,True,False,True,True,1,1.8,0,1,1,credential_stuffing_bot
2,0,9,0,36.9,True,True,True,False,0,1.6,1,3,1,credential_stuffing_bot
1,0,5,216,231.9,True,False,False,False,0,29.2,8,4,0,legit_on_vpn
0,0,2,13,281.7,False,False,False,False,0,38.1,3,1,0,mobile_legit
0,0,5,240,153.9,False,False,False,False,0,61.1,9,2,0,casual_legit
1,0,3,147,150.6,False,False,False,False,0,48.5,10,1,0,legit_password_typo
2,0,22,1,21.7,True,True,True,True,0,1.7,0,1,0,credential_stuffing_bot
0,0,2,145,,False,False,False,False,0,107.3,4,1,0,casual_legit
1,0,1,0,322.3,False,False,False,False,0,16.4,7,3,0,mobile_legit
2,5,13,99,,True,False,True,False,0,7.6,9,4,1,careful_human_attacker
0,0,0,147,98.2,False,False,False,False,0,55.7,9,1,0,legit_password_typo
4,3,16,11,100.9,True,True,True,False,2,11.8,4,5,1,repeat_offender
0,0,0,289,240.1,False,False,False,False,0,44.6,7,2,0,casual_legit
0,2,3,13,315.4,False,False,False,False,0,6.8,10,3,0,mobile_legit
0,0,2,210,308.6,False,False,False,False,0,16.1,6,4,0,casual_legit
0,0,4,182,171.1,False,False,False,False,0,56.8,10,3,0,casual_legit
1,1,7,191,185.8,False,False,False,False,1,8.4,11,4,1,careful_human_attacker
0,0,5,263,185.7,True,False,False,True,0,33.0,10,1,0,casual_legit
0,0,71,0,15.0,True,True,True,False,0,2.9,0,16,1,scraper_bot
0,0,3,0,246.5,False,False,False,True,0,34.6,5,1,0,mobile_legit
1,0,22,11,15.0,True,True,True,False,0,24.3,2,4,1,repeat_offender
3,1,19,0,,False,False,True,True,1,0.2,0,1,1,credential_stuffing_bot
0,0,1,2,260.3,False,False,False,False,0,71.8,11,3,0,mobile_legit
0,0,3,155,220.6,False,False,False,False,0,11.1,11,2,0,casual_legit
0,0,1,148,165.8,False,False,False,True,0,49.1,15,1,0,casual_legit
1,0,5,136,213.9,False,False,False,False,0,83.6,10,2,0,legit_password_typo
1,0,4,108,276.3,False,False,False,False,0,38.5,12,2,0,legit_password_typo
2,3,0,204,254.0,False,False,False,False,0,19.8,4,4,1,careful_human_attacker
3,1,32,0,,True,False,True,True,0,0.4,0,1,1,credential_stuffing_bot
0,1,28,6,,False,False,True,False,0,8.5,4,5,1,repeat_offender
0,0,4,162,175.2,False,False,False,False,0,19.0,7,1,0,casual_legit
0,0,4,16,309.0,False,False,False,True,0,29.0,5,2,0,mobile_legit
0,0,4,201,241.5,False,False,False,False,0,7.2,6,2,0,casual_legit
0,0,0,260,254.5,False,False,False,False,0,25.7,12,2,0,casual_legit
2,0,5,113,222.2,False,False,False,False,0,39.0,10,6,0,legit_password_typo
0,0,3,95,203.8,False,False,False,False,0,7.6,9,2,0,casual_legit
0,0,2,141,215.5,False,False,False,False,0,259.1,11,4,0,casual_legit
1,0,33,0,,True,True,True,True,0,1.3,1,14,1,scraper_bot
1,0,1,0,305.9,False,False,False,False,0,27.6,8,1,0,mobile_legit
3,0,9,10,105.4,False,False,False,False,3,3.2,0,7,1,repeat_offender
0,0,3,13,269.9,False,False,False,False,0,44.2,4,1,0,mobile_legit
1,0,3,112,195.2,False,False,False,False,0,22.1,17,2,0,legit_password_typo
1,0,46,0,49.2,False,False,True,True,0,1.8,1,16,1,scraper_bot
3,0,13,199,114.8,True,False,False,True,0,18.7,10,1,1,careful_human_attacker
0,0,2,0,203.7,False,False,False,False,0,83.8,3,1,0,mobile_legit
0,0,4,204,235.2,False,False,False,False,0,58.4,13,1,0,casual_legit
0,0,2,143,207.5,False,False,False,False,1,10.8,13,3,0,casual_legit
0,0,0,106,291.2,False,False,False,True,0,28.1,9,3,0,casual_legit
2,0,0,83,267.3,False,False,False,False,0,33.5,11,1,0,casual_legit
0,0,35,1,,True,True,False,False,1,1.9,1,18,1,scraper_bot
0,0,0,153,325.9,False,False,False,False,0,38.6,7,2,0,casual_legit
4,2,30,1,54.9,True,False,False,True,3,0.9,0,2,1,credential_stuffing_bot
2,0,3,94,200.1,True,False,False,False,0,23.9,9,3,0,legit_on_vpn
0,0,70,1,49.6,False,True,False,False,0,1.7,1,20,1,scraper_bot
0,0,23,1,,False,True,True,False,1,2.2,3,21,1,scraper_bot
6,1,23,0,,True,False,False,True,1,0.4,0,1,0,credential_stuffing_bot
3,2,15,0,25.3,True,True,False,True,1,3.7,1,1,1,credential_stuffing_bot
1,0,4,194,331.9,False,False,False,True,0,74.1,8,2,0,casual_legit
4,0,35,1,55.6,True,True,True,True,0,3.9,1,2,1,credential_stuffing_bot
4,1,14,111,244.2,True,True,False,False,0,8.3,8,3,1,careful_human_attacker
1,0,32,0,80.8,False,True,True,False,0,2.3,1,15,1,scraper_bot
0,0,4,114,295.1,False,False,False,False,0,19.4,10,3,0,legit_password_typo
4,1,16,1,,True,False,True,False,1,1.6,0,1,1,credential_stuffing_bot
0,0,2,216,,False,False,False,False,0,23.4,6,3,0,casual_legit
0,0,4,242,205.6,True,False,False,True,0,42.1,11,4,0,legit_on_vpn
0,0,1,103,191.0,False,False,False,False,0,61.2,5,4,0,casual_legit
1,0,4,36,326.8,True,False,False,False,0,35.4,2,1,0,mobile_legit
1,0,4,210,156.9,False,False,False,True,1,22.6,6,1,0,legit_password_typo
0,0,45,0,31.5,False,False,True,False,0,1.1,1,21,1,scraper_bot
2,0,5,258,240.6,False,True,False,False,0,13.4,10,3,0,legit_password_typo
5,0,37,2,45.3,True,False,True,True,1,0.6,1,1,1,credential_stuffing_bot
0,0,3,10,,False,False,False,False,0,96.0,6,3,0,mobile_legit
0,1,4,14,237.3,False,False,False,False,0,51.7,11,1,0,mobile_legit
4,0,30,0,,False,False,False,True,1,1.1,1,2,1,credential_stuffing_bot
1,1,4,145,237.3,False,False,False,True,0,82.9,10,2,0,legit_password_typo
0,0,24,3,,False,True,True,False,0,0.8,0,12,1,scraper_bot
0,0,3,17,,False,False,False,False,0,7.7,8,2,0,mobile_legit
1,0,3,290,184.5,False,False,False,False,0,8.7,14,2,0,casual_legit
0,0,3,0,328.0,False,False,False,True,0,75.2,7,1,0,mobile_legit
0,0,5,29,238.6,False,False,False,False,0,17.4,3,1,0,mobile_legit
1,0,4,203,195.5,False,False,False,False,0,37.8,10,3,0,legit_on_vpn
0,0,2,11,345.5,False,False,False,True,0,8.5,7,4,0,mobile_legit
0,0,4,95,147.9,False,False,False,False,0,70.6,8,3,0,casual_legit
0,0,4,199,218.6,False,False,False,False,0,66.1,8,2,1,legit_password_typo
0,0,4,243,214.6,False,False,False,False,0,5.9,8,4,0,casual_legit
0,0,3,212,296.1,False,False,False,False,0,5.8,15,1,0,casual_legit
0,0,1,155,250.8,False,False,False,False,0,137.7,11,1,1,casual_legit
0,0,4,15,277.4,False,False,False,False,0,32.3,4,1,0,mobile_legit
0,0,4,3,190.4,True,False,False,False,0,70.1,9,4,0,legit_on_vpn
0,0,24,0,58.4,False,False,False,True,1,1.0,0,17,1,scraper_bot
0,0,5,205,269.9,False,False,False,False,0,25.1,6,2,0,casual_legit
0,0,58,0,,False,True,True,False,1,0.5,0,16,1,scraper_bot
0,0,2,20,,True,False,False,False,0,14.4,8,2,0,mobile_legit
0,0,1,25,209.1,True,False,False,True,0,101.1,7,1,0,mobile_legit
0,0,4,185,274.1,False,False,False,False,0,17.5,9,1,0,casual_legit
0,0,2,278,186.4,False,False,False,False,0,30.9,11,3,0,casual_legit
2,0,14,0,15.5,True,False,True,False,1,0.7,0,1,1,credential_stuffing_bot
0,0,3,6,220.8,False,False,False,False,0,71.1,8,2,0,mobile_legit
0,0,1,0,,False,False,False,False,0,21.1,3,4,0,mobile_legit
4,1,9,1,15.2,True,False,True,True,0,2.8,2,1,1,credential_stuffing_bot
0,0,3,220,273.5,False,False,False,False,0,118.6,11,4,0,casual_legit
3,1,30,1,,True,True,True,True,2,1.0,0,2,1,credential_stuffing_bot
0,0,2,202,162.9,False,False,False,False,0,37.5,12,1,0,casual_legit
1,0,0,1,68.4,True,True,True,False,1,5.5,0,5,1,repeat_offender
3,1,18,6,,False,False,False,True,2,8.6,0,7,1,repeat_offender
2,1,31,1,26.2,True,False,True,False,2,2.3,1,1,1,credential_stuffing_bot
1,0,62,1,73.9,False,True,False,True,1,3.7,1,24,1,scraper_bot
4,0,29,0,35.5,True,True,False,True,1,2.4,1,1,1,credential_stuffing_bot
0,0,38,1,,False,False,False,True,0,1.1,0,6,1,scraper_bot
4,2,9,138,197.7,False,False,False,False,1,74.6,6,3,1,careful_human_attacker
0,0,5,200,144.9,False,False,False,False,0,21.1,4,2,0,casual_legit
0,1,0,108,219.0,False,False,False,False,0,18.7,7,2,0,casual_legit
3,1,3,122,269.6,False,False,False,False,0,35.4,10,2,0,legit_password_typo
8,0,25,0,15.0,True,True,True,False,1,0.3,0,2,1,credential_stuffing_bot
1,0,7,156,285.8,True,False,False,False,0,14.9,4,2,0,legit_on_vpn
0,0,2,59,210.2,False,False,False,False,0,17.4,4,3,0,casual_legit
0,0,4,281,283.7,False,False,False,True,0,27.4,9,4,0,casual_legit
2,0,16,1,38.7,False,False,True,False,2,0.2,1,3,1,credential_stuffing_bot
0,0,4,230,262.3,False,False,False,False,1,16.9,13,3,0,casual_legit
0,0,2,221,214.0,False,False,False,False,0,58.5,9,5,0,casual_legit
3,3,10,207,161.0,False,False,False,True,0,43.9,5,2,1,careful_human_attacker
1,0,1,152,278.0,False,False,False,True,0,167.5,11,3,0,legit_password_typo
0,0,3,265,143.0,True,False,False,False,0,20.1,15,2,0,legit_on_vpn
4,1,3,144,221.9,False,True,False,False,1,14.3,5,3,1,careful_human_attacker
4,1,15,12,32.6,True,False,False,False,1,5.9,1,5,1,repeat_offender
0,0,4,123,194.2,False,False,False,False,0,13.1,9,2,0,casual_legit
3,0,12,0,,True,False,True,False,1,0.3,0,1,1,credential_stuffing_bot
0,0,45,0,,True,True,True,False,0,7.2,0,21,1,scraper_bot
2,0,6,162,175.8,False,False,False,True,0,49.8,7,2,1,careful_human_attacker
0,0,7,245,161.8,False,False,False,False,0,11.4,13,2,0,casual_legit
0,0,0,44,288.1,False,False,False,False,0,4.6,4,2,0,mobile_legit
3,5,11,110,,True,False,False,False,0,9.2,7,3,1,careful_human_attacker
1,0,6,159,,False,False,False,False,0,11.6,4,3,0,casual_legit
2,2,12,66,152.3,False,False,False,False,0,4.4,5,3,1,careful_human_attacker
1,0,1,207,309.6,False,False,False,False,0,19.6,7,1,0,casual_legit
0,0,3,261,285.8,True,False,False,False,0,66.4,8,2,0,casual_legit
0,0,4,177,236.2,False,False,False,False,0,12.4,9,5,0,casual_legit
0,0,3,266,291.5,False,False,False,True,0,45.7,11,4,0,casual_legit
0,0,3,295,222.8,True,False,False,False,0,107.8,12,1,0,casual_legit
2,2,26,0,,False,True,False,False,1,0.2,0,1,1,credential_stuffing_bot
0,0,1,24,,False,False,False,False,0,32.7,3,1,0,mobile_legit
0,0,3,34,263.6,False,False,False,False,0,29.9,5,2,0,mobile_legit
0,0,3,163,190.3,False,False,False,False,0,84.4,6,3,0,casual_legit
0,0,0,11,,False,False,False,False,0,31.9,6,1,0,mobile_legit
4,0,8,0,24.9,False,False,True,True,1,1.4,0,3,1,credential_stuffing_bot
0,0,3,265,242.5,False,False,False,False,0,79.5,10,3,0,casual_legit
0,0,5,232,243.4,False,False,False,False,0,28.7,5,4,0,casual_legit
1,1,3,10,,False,False,False,False,1,13.1,5,2,1,repeat_offender
3,0,18,9,73.8,False,False,False,False,2,7.2,1,2,1,repeat_offender
0,0,6,133,133.5,False,False,False,True,0,23.3,12,2,0,casual_legit
0,0,2,276,247.6,False,False,False,True,0,5.4,4,2,0,casual_legit
5,1,24,5,,True,True,False,True,1,7.5,3,3,1,repeat_offender
5,1,9,207,98.3,False,False,False,False,0,72.9,8,4,1,careful_human_attacker
5,1,7,67,186.9,False,False,False,False,0,17.4,5,2,1,careful_human_attacker
2,1,55,0,41.4,False,False,False,False,0,0.3,1,1,1,credential_stuffing_bot
0,0,2,184,226.1,False,False,False,False,0,34.8,5,2,0,casual_legit
1,1,5,204,215.7,False,False,False,False,0,87.2,8,2,0,legit_password_typo
5,2,12,156,233.8,True,False,False,False,2,35.2,8,2,1,careful_human_attacker
0,0,6,19,257.5,False,False,False,True,0,54.4,10,2,0,mobile_legit
9,0,15,1,40.4,True,True,False,True,2,4.2,1,1,1,credential_stuffing_bot
2,0,27,0,36.0,True,False,True,False,0,1.4,0,1,1,credential_stuffing_bot
4,0,14,0,,True,False,False,False,0,1.3,1,1,1,credential_stuffing_bot
1,0,29,2,,False,True,True,False,0,2.0,1,15,1,scraper_bot
1,2,29,12,95.1,False,True,False,True,3,7.8,0,6,1,repeat_offender
7,0,26,0,,False,False,True,True,1,0.3,0,5,1,credential_stuffing_bot
3,1,15,152,223.0,False,True,True,True,0,9.0,8,4,1,careful_human_attacker
1,1,9,49,246.5,False,False,False,False,0,31.4,6,6,1,careful_human_attacker
0,0,6,224,186.5,False,False,False,False,0,33.4,9,2,0,casual_legit
0,1,2,169,189.3,False,False,False,False,0,64.7,8,1,0,casual_legit
0,0,1,169,210.5,False,False,False,False,0,16.6,15,2,0,casual_legit
2,1,0,82,242.1,False,False,False,False,0,52.7,8,4,1,careful_human_attacker
0,0,3,24,283.5,False,False,False,True,0,40.4,5,3,0,mobile_legit
0,0,4,11,317.0,False,False,False,True,0,40.1,11,2,0,mobile_legit
0,0,1,17,244.5,False,False,False,False,0,53.8,3,1,0,mobile_legit
0,0,1,137,243.1,True,False,False,False,0,16.6,9,3,0,legit_on_vpn
2,1,21,0,47.2,False,False,True,False,0,1.0,0,3,1,credential_stuffing_bot
0,0,1,208,274.3,True,False,False,False,0,8.2,10,1,0,legit_on_vpn
0,0,7,229,281.6,False,False,False,False,0,202.8,9,4,0,legit_password_typo
0,0,2,108,162.0,True,False,False,False,0,18.6,9,1,0,legit_on_vpn
1,0,8,202,235.0,False,False,False,False,0,10.9,14,2,0,legit_password_typo
3,0,32,0,57.1,False,False,True,False,1,0.2,0,1,1,credential_stuffing_bot
0,0,4,0,270.9,False,False,False,False,0,40.2,2,4,0,mobile_legit
2,5,1,196,,False,False,False,True,0,6.8,4,3,1,careful_human_attacker
0,0,7,220,263.4,False,False,False,False,0,19.5,6,4,0,casual_legit
0,0,3,222,212.7,False,False,False,False,0,23.4,9,2,0,casual_legit
0,0,4,6,201.0,True,False,False,False,2,3.4,1,4,1,repeat_offender
0,0,8,266,195.6,False,False,False,True,0,33.6,8,3,0,legit_password_typo
6,0,21,0,,True,False,True,False,0,0.4,0,1,1,credential_stuffing_bot
0,0,5,189,296.0,False,False,False,False,0,12.9,7,4,0,casual_legit
0,0,2,226,224.4,False,False,False,False,0,41.8,10,1,0,casual_legit
0,0,5,345,163.3,True,False,False,False,0,28.6,10,3,0,legit_on_vpn
0,0,3,214,222.6,False,False,False,False,0,19.6,7,2,0,casual_legit
2,0,48,1,15.0,True,False,True,True,1,1.1,1,3,1,credential_stuffing_bot
0,0,3,167,213.7,False,False,False,True,0,27.3,10,1,0,casual_legit
0,0,3,16,310.4,False,False,False,False,0,37.4,5,2,0,mobile_legit
0,0,5,333,,False,False,False,False,0,9.2,12,2,0,casual_legit
0,1,2,237,227.5,False,False,False,False,0,5.1,14,4,0,casual_legit
0,0,0,41,368.2,False,False,False,False,0,46.5,7,2,0,mobile_legit
0,0,2,134,215.8,False,False,False,True,0,17.1,10,5,0,casual_legit
1,0,5,210,241.8,False,False,False,False,0,18.1,14,1,0,casual_legit
5,1,18,8,135.1,False,False,False,True,1,3.7,2,5,1,repeat_offender
0,0,45,1,,False,False,False,True,0,3.8,0,14,1,scraper_bot
1,0,3,232,167.5,True,False,False,False,0,70.2,12,1,0,legit_on_vpn
3,0,19,1,,True,True,True,False,0,1.4,0,2,1,credential_stuffing_bot
0,0,3,0,422.6,False,False,False,False,0,24.1,9,1,0,mobile_legit
1,0,3,143,227.9,False,False,False,False,0,23.3,13,1,0,casual_legit
0,0,2,170,167.1,False,False,False,False,0,24.7,8,4,0,casual_legit
1,0,34,2,,False,False,False,True,0,3.8,2,14,1,scraper_bot
0,0,2,155,239.8,False,False,False,False,0,6.5,12,3,0,casual_legit
4,0,11,0,22.6,True,True,True,False,0,0.8,0,2,1,credential_stuffing_bot
5,0,10,1,,True,False,False,False,0,0.4,0,1,1,credential_stuffing_bot
5,2,12,169,,True,False,False,False,0,27.3,10,2,1,careful_human_attacker
0,1,39,0,,False,True,True,False,0,0.3,2,16,1,scraper_bot
1,0,3,197,229.7,True,False,False,False,0,56.8,9,3,0,casual_legit
2,0,4,0,,True,True,True,False,1,4.0,1,1,1,credential_stuffing_bot
0,0,41,0,,False,False,True,False,0,1.3,1,15,1,scraper_bot
4,2,11,99,,False,False,False,True,0,6.6,6,2,1,careful_human_attacker
0,0,4,273,281.0,False,False,False,False,0,76.0,11,3,0,casual_legit
1,0,3,0,236.2,False,False,False,False,0,33.2,3,1,0,mobile_legit
0,0,2,30,364.4,False,False,False,True,0,27.2,2,3,0,mobile_legit
0,0,5,66,309.1,False,False,False,False,0,16.0,11,2,0,casual_legit
0,0,6,112,215.1,False,False,False,False,0,29.8,8,2,0,casual_legit
3,0,39,0,,False,True,True,False,2,1.2,1,3,1,credential_stuffing_bot
0,0,3,139,195.3,True,False,False,False,0,26.5,10,2,0,legit_on_vpn
0,0,3,187,,False,False,False,True,0,13.0,12,1,0,casual_legit
0,0,5,97,217.6,True,False,False,False,0,41.6,8,3,0,legit_on_vpn
5,1,27,2,36.8,True,False,False,False,0,1.5,1,1,1,credential_stuffing_bot
0,1,70,0,46.8,False,False,True,True,0,3.3,0,16,1,scraper_bot
0,0,4,124,196.4,False,False,False,False,0,20.5,13,4,0,legit_password_typo
2,1,8,83,217.7,True,False,False,True,0,33.9,4,2,1,careful_human_attacker
1,0,4,179,296.4,False,False,False,False,0,51.5,7,1,0,casual_legit
5,0,9,0,49.7,False,False,True,True,0,0.5,1,1,1,credential_stuffing_bot
1,0,5,271,,False,False,False,False,0,7.0,7,3,0,casual_legit
0,0,3,68,302.4,True,False,False,False,0,44.3,10,3,0,legit_on_vpn
0,0,3,114,186.9,False,False,False,False,0,16.9,9,2,0,casual_legit
0,0,2,144,213.3,False,False,False,False,0,19.6,8,3,0,casual_legit
2,0,0,0,27.6,False,False,True,True,2,2.9,1,1,1,credential_stuffing_bot
1,0,2,260,263.4,False,False,False,False,0,57.5,8,4,0,casual_legit
0,0,1,58,163.0,False,False,False,False,0,9.4,18,2,0,casual_legit
1,1,5,299,244.4,False,False,False,False,0,15.3,14,2,0,casual_legit
1,0,0,144,271.5,False,False,False,False,0,19.7,10,3,0,casual_legit
0,0,1,18,272.2,False,False,False,False,0,15.9,7,3,0,mobile_legit
0,0,4,215,180.2,False,False,False,False,0,13.2,8,2,0,casual_legit
0,0,2,24,273.6,False,False,False,True,0,14.5,5,2,0,mobile_legit
0,0,2,27,356.3,False,False,False,False,0,6.8,4,1,0,mobile_legit
0,1,43,0,,True,False,True,False,0,3.0,1,23,1,scraper_bot
0,0,4,199,248.8,False,False,False,False,0,28.5,10,6,0,casual_legit
4,2,5,150,216.1,False,False,False,False,1,34.4,5,3,1,careful_human_attacker
0,0,4,255,239.0,False,False,False,False,0,59.2,10,3,0,casual_legit
1,0,3,201,153.8,True,False,False,False,0,19.4,7,1,0,legit_on_vpn
0,0,6,268,259.8,True,False,False,False,0,20.3,8,5,0,legit_on_vpn
2,0,4,0,264.0,False,False,False,False,0,38.0,4,2,0,mobile_legit
0,0,4,0,373.3,False,False,False,True,0,177.7,8,1,0,mobile_legit
1,0,3,264,263.2,False,False,False,False,0,26.0,11,2,0,casual_legit
0,0,3,273,217.5,False,False,False,False,0,22.6,12,4,1,casual_legit
0,2,5,273,175.1,True,False,False,True,0,16.0,10,1,0,legit_on_vpn
4,2,40,1,27.8,False,False,True,True,3,1.4,0,1,1,credential_stuffing_bot
1,0,3,32,371.1,False,False,False,False,0,43.4,7,1,0,mobile_legit
0,0,6,70,242.0,False,False,False,False,0,49.7,8,1,0,casual_legit
0,0,66,0,34.3,False,True,True,True,0,4.3,0,21,1,scraper_bot
0,0,1,216,249.5,False,False,False,True,0,18.3,5,4,0,casual_legit
1,0,16,10,79.3,True,False,True,True,3,2.0,2,4,1,repeat_offender
0,1,3,156,162.7,False,False,False,False,0,64.2,5,2,1,legit_password_typo
1,0,8,285,203.2,False,False,False,False,0,12.6,9,3,0,legit_password_typo
0,0,29,1,,True,True,False,True,0,3.0,0,17,1,scraper_bot
0,0,4,40,165.6,False,False,False,False,0,66.5,12,1,0,casual_legit
6,1,13,222,95.8,False,False,True,False,0,25.4,7,1,1,careful_human_attacker
1,0,5,30,320.0,True,False,False,False,0,4.7,4,4,0,mobile_legit
2,0,18,8,109.1,False,False,True,False,1,8.3,3,1,1,repeat_offender
1,0,48,0,15.0,False,True,False,True,0,0.9,0,12,1,scraper_bot
0,0,42,1,,True,False,True,True,0,0.5,1,15,1,scraper_bot
0,0,4,263,158.8,False,False,False,True,0,22.5,11,4,0,casual_legit
1,0,4,153,237.9,False,True,False,False,1,50.1,13,4,0,legit_password_typo
0,0,58,0,,False,True,True,True,0,2.4,0,23,1,scraper_bot
6,0,35,0,74.8,True,True,False,False,1,2.4,1,1,1,credential_stuffing_bot
0,1,48,1,,True,True,True,True,0,0.9,1,13,1,scraper_bot
6,0,36,0,,True,True,True,True,0,0.5,0,3,1,credential_stuffing_bot
0,0,52,1,,False,True,True,False,0,3.3,1,18,1,scraper_bot
0,0,4,177,243.2,False,False,False,False,0,7.0,10,2,0,casual_legit
0,0,4,208,223.3,False,False,False,False,0,87.9,5,4,0,casual_legit
2,0,14,9,,False,False,False,True,0,1.3,5,3,1,repeat_offender
0,0,2,229,214.9,False,False,False,False,0,37.5,6,3,0,casual_legit
1,0,3,163,171.2,False,False,False,False,0,44.5,11,3,0,casual_legit
1,0,30,1,15.0,False,False,True,False,0,0.4,1,14,1,scraper_bot
2,0,4,219,177.1,False,False,True,False,0,83.6,14,3,0,legit_password_typo
0,0,0,11,281.4,False,False,False,False,0,22.7,7,2,0,mobile_legit
6,1,38,0,47.1,False,True,True,True,0,4.1,0,1,1,credential_stuffing_bot
2,1,12,0,55.4,True,False,True,False,0,6.3,0,3,1,credential_stuffing_bot
0,0,37,0,,False,True,False,False,0,1.5,0,18,1,scraper_bot
0,0,4,202,204.5,False,False,False,True,0,14.3,9,3,0,casual_legit
4,0,20,0,,False,True,True,False,2,3.3,0,1,1,credential_stuffing_bot
0,0,2,194,,False,False,False,True,0,40.6,9,1,0,casual_legit
0,0,1,12,311.1,False,False,False,True,0,5.9,3,4,0,mobile_legit
0,0,2,43,347.8,False,False,False,True,0,10.5,4,2,0,mobile_legit
0,0,2,182,231.7,False,False,False,False,0,120.8,11,3,0,casual_legit
0,0,11,0,,False,True,True,True,0,6.7,0,5,1,scraper_bot
0,0,1,184,136.3,False,False,False,False,0,43.0,9,2,0,casual_legit
2,1,16,0,,False,False,True,True,0,1.5,1,2,1,credential_stuffing_bot
0,0,1,189,256.0,False,False,False,True,0,42.8,10,4,0,casual_legit
0,0,2,22,245.5,False,False,False,True,0,11.9,7,1,0,mobile_legit
0,0,18,0,15.0,False,True,True,False,1,0.9,2,22,1,scraper_bot
1,1,35,2,20.5,True,False,True,True,1,2.1,0,1,1,credential_stuffing_bot
1,0,8,8,93.9,True,False,True,False,5,2.4,3,2,1,repeat_offender
0,0,3,171,208.6,False,False,False,True,0,25.0,9,2,0,casual_legit
2,0,28,0,,True,True,True,False,2,0.6,0,1,1,credential_stuffing_bot
0,0,4,11,265.3,False,False,False,True,0,45.4,5,2,0,mobile_legit
3,1,9,120,147.8,True,False,False,True,2,5.2,11,7,1,careful_human_attacker
1,1,41,0,,True,True,True,False,0,0.7,0,21,1,scraper_bot
1,2,10,0,23.9,True,False,True,False,0,1.5,0,3,1,credential_stuffing_bot
3,1,9,7,101.3,True,False,False,False,1,3.1,1,3,1,repeat_offender
0,0,4,25,310.6,False,False,False,False,0,30.9,6,3,0,mobile_legit
0,0,4,210,234.4,False,False,False,False,0,6.5,7,4,0,casual_legit
0,0,3,126,190.9,False,False,True,False,0,8.5,10,3,0,casual_legit
1,3,11,119,230.3,False,False,True,False,0,9.9,10,5,1,careful_human_attacker
0,0,3,179,212.6,False,True,False,False,0,18.0,10,2,0,casual_legit
1,0,46,0,40.3,False,False,True,False,0,2.5,1,15,1,scraper_bot
0,0,49,0,34.9,False,False,False,False,0,4.6,0,12,1,scraper_bot
0,0,0,22,358.7,False,False,False,False,0,38.7,9,2,0,mobile_legit
0,0,4,15,301.3,False,False,False,False,0,6.5,7,4,0,mobile_legit
0,0,3,166,201.7,False,False,False,False,0,7.6,11,3,0,casual_legit
1,0,0,71,262.3,False,False,False,True,0,13.1,9,3,0,casual_legit
6,1,32,0,,True,True,False,True,2,2.4,1,3,1,credential_stuffing_bot
0,0,3,106,209.7,True,False,False,False,0,43.4,9,2,0,legit_on_vpn
0,0,4,159,246.4,False,False,False,False,0,32.2,13,1,0,casual_legit
4,1,9,109,191.4,True,False,False,False,1,9.6,8,4,1,careful_human_attacker
2,1,17,12,79.5,True,True,False,False,5,4.1,0,4,1,repeat_offender
4,0,40,1,,True,True,True,True,0,0.6,0,1,1,credential_stuffing_bot
0,0,61,0,,True,True,True,False,0,1.7,0,10,1,scraper_bot
2,0,4,55,184.3,False,False,False,False,0,33.4,8,2,0,legit_password_typo
6,2,10,176,164.6,False,False,False,True,1,6.8,15,5,1,careful_human_attacker
3,0,0,0,47.6,True,True,False,False,1,0.6,0,1,1,credential_stuffing_bot
0,0,3,172,164.8,False,True,False,False,0,223.6,12,3,0,casual_legit
0,0,44,0,90.1,False,True,True,False,0,5.3,0,12,1,scraper_bot
6,2,24,0,21.0,True,False,False,False,0,0.2,1,2,1,credential_stuffing_bot
0,0,4,183,262.8,False,False,False,False,0,213.2,14,2,0,casual_legit
3,1,10,201,309.9,False,False,False,True,0,7.1,10,4,1,careful_human_attacker
1,0,2,184,,True,False,False,False,1,31.9,8,2,0,legit_password_typo
4,1,12,0,16.7,False,False,False,False,0,0.2,0,1,0,credential_stuffing_bot
0,0,2,60,216.0,False,False,False,False,0,31.8,5,3,0,casual_legit
0,0,1,196,,False,False,False,False,0,26.2,12,1,0,casual_legit
0,0,2,106,201.2,True,False,False,True,0,19.1,8,3,0,legit_on_vpn
0,0,5,86,273.2,False,False,False,False,0,118.2,7,4,0,legit_password_typo
2,0,7,150,246.2,False,False,False,False,0,64.1,14,2,0,legit_password_typo
0,0,5,184,216.2,False,False,False,False,1,43.3,10,2,0,casual_legit
0,0,2,25,363.0,False,False,False,True,0,22.9,4,1,0,mobile_legit
0,0,2,309,183.8,False,True,False,True,0,18.1,18,3,0,casual_legit
0,0,4,142,259.3,True,False,False,False,0,118.1,5,2,0,casual_legit
0,0,1,160,184.3,False,False,False,False,0,22.2,12,4,0,casual_legit
4,1,29,2,,False,True,False,False,1,6.3,1,1,1,credential_stuffing_bot
0,0,1,238,361.2,False,False,False,False,0,8.8,13,2,0,casual_legit
0,0,2,176,210.8,False,False,False,False,0,49.4,15,1,0,casual_legit
0,0,52,1,53.1,False,False,True,False,1,2.4,0,16,1,scraper_bot
0,0,6,34,265.0,False,False,False,True,0,37.7,10,3,0,mobile_legit
0,0,8,135,151.5,False,False,False,False,0,76.1,9,2,0,legit_password_typo
1,0,2,145,221.7,True,False,False,False,0,29.5,10,3,0,legit_on_vpn
0,0,48,0,,False,True,True,False,0,7.7,0,12,1,scraper_bot
2,1,6,257,217.9,False,False,False,False,1,28.5,4,5,1,careful_human_attacker
0,0,3,266,283.7,False,False,False,False,0,31.9,10,1,0,casual_legit
1,0,2,207,232.3,False,False,False,False,0,6.2,6,2,0,casual_legit
1,0,6,240,254.0,True,False,False,False,1,63.3,10,2,0,legit_on_vpn
0,0,1,12,275.2,False,False,False,False,0,4.4,4,1,0,mobile_legit
2,3,6,105,199.6,False,False,False,False,0,28.1,6,6,1,careful_human_attacker
0,0,3,194,232.2,False,False,False,False,0,60.1,7,1,0,casual_legit
0,0,4,233,277.1,False,False,False,False,0,120.7,10,6,0,casual_legit
4,1,6,95,204.9,False,False,True,False,0,11.6,4,3,1,careful_human_attacker
4,1,8,188,280.7,True,False,False,False,0,25.8,9,1,1,careful_human_attacker
1,0,34,0,26.0,True,True,True,False,0,3.7,1,8,1,scraper_bot
1,0,1,16,242.9,False,False,False,False,0,15.0,2,1,0,mobile_legit
3,1,36,0,36.6,True,False,False,False,0,1.0,0,3,0,credential_stuffing_bot
3,2,13,4,89.3,False,False,False,True,1,3.2,1,3,1,repeat_offender
5,3,21,8,146.4,False,False,False,True,3,8.4,2,2,1,repeat_offender
3,0,50,1,50.6,False,False,False,False,1,3.8,1,1,1,credential_stuffing_bot
0,0,6,199,239.7,False,False,False,False,0,39.8,13,3,0,casual_legit
0,0,4,172,181.0,False,False,False,False,0,29.5,14,2,0,casual_legit
5,0,8,156,250.2,False,False,False,True,0,29.2,3,4,1,careful_human_attacker
2,0,8,174,266.2,True,False,False,True,1,13.5,10,4,1,careful_human_attacker
0,1,1,237,235.6,False,False,False,True,0,10.8,10,1,0,casual_legit
2,1,23,4,,False,False,True,True,1,2.7,2,6,1,repeat_offender
0,0,2,167,266.9,False,False,False,False,0,34.9,5,2,0,casual_legit
0,0,17,1,,False,True,True,False,2,4.1,1,11,1,scraper_bot
5,1,14,226,,False,False,False,False,0,31.2,12,3,1,careful_human_attacker
0,0,2,207,193.9,False,False,False,False,0,13.3,8,2,0,casual_legit
4,0,25,2,27.2,True,False,True,True,1,1.2,0,1,1,credential_stuffing_bot
1,1,19,0,49.8,False,False,True,True,2,0.8,0,2,1,credential_stuffing_bot
1,0,3,278,257.3,False,False,False,False,0,25.4,14,1,0,casual_legit
3,2,11,134,264.0,False,False,False,True,1,96.0,5,3,1,careful_human_attacker
6,1,6,120,153.3,True,False,False,False,0,31.3,10,2,1,careful_human_attacker
0,0,4,187,222.2,True,False,False,False,0,44.4,14,1,0,casual_legit
0,0,38,1,,False,True,True,False,1,1.6,0,21,1,scraper_bot
0,0,5,279,257.2,False,False,False,False,0,98.1,9,5,0,casual_legit
7,0,28,0,40.1,False,False,True,True,1,3.0,0,1,1,credential_stuffing_bot
0,0,3,20,325.9,False,False,False,False,0,10.4,2,2,0,mobile_legit
2,0,20,1,58.7,True,False,True,True,1,1.1,0,1,1,credential_stuffing_bot
6,1,25,0,46.9,False,False,True,False,1,4.0,0,1,1,credential_stuffing_bot
3,1,15,8,31.7,True,True,False,False,3,6.8,4,2,1,repeat_offender
1,0,24,0,,True,False,True,False,0,1.4,1,14,1,scraper_bot
1,0,1,8,,False,True,True,True,2,24.8,4,9,1,repeat_offender
1,1,41,0,,True,True,False,False,1,1.2,0,3,1,credential_stuffing_bot
0,1,4,217,214.7,False,False,False,False,0,47.7,4,3,0,casual_legit
2,2,9,101,256.1,True,False,False,False,1,33.7,10,6,1,careful_human_attacker
3,1,30,0,33.6,False,False,True,False,1,5.0,0,1,0,credential_stuffing_bot
1,0,38,0,53.1,True,False,True,False,0,0.8,1,2,1,credential_stuffing_bot
3,0,4,10,,False,True,False,True,3,1.3,2,4,1,repeat_offender
4,1,46,1,65.6,False,True,True,True,0,0.2,0,3,1,credential_stuffing_bot
0,0,2,5,274.5,False,False,False,False,0,22.4,6,1,0,mobile_legit
0,0,5,209,,False,False,False,False,0,31.4,5,3,0,casual_legit
0,0,3,188,160.7,False,False,False,False,0,5.4,8,2,0,casual_legit
0,0,3,141,327.3,False,False,False,False,0,11.6,10,2,0,casual_legit
0,0,5,227,190.3,False,False,False,False,0,37.8,8,2,0,casual_legit
0,0,3,2,268.1,False,False,False,True,0,19.4,5,2,0,mobile_legit
2,1,24,0,18.3,False,False,False,False,0,2.7,0,3,1,credential_stuffing_bot
0,0,4,25,300.5,False,False,False,False,0,19.1,5,2,0,mobile_legit
1,2,14,9,54.0,True,True,False,True,0,6.6,1,3,1,repeat_offender
0,0,7,60,282.4,False,False,False,False,0,5.7,11,3,0,casual_legit
0,0,2,210,296.8,False,False,False,False,0,43.9,10,2,0,casual_legit
2,0,5,143,,False,False,False,False,0,11.5,8,2,0,legit_password_typo
0,0,3,156,233.1,False,False,False,False,0,75.6,12,1,0,legit_on_vpn
2,5,13,204,243.9,False,True,False,True,0,44.9,9,6,1,careful_human_attacker
5,5,9,158,192.7,True,False,False,False,0,9.0,11,3,1,careful_human_attacker
0,0,4,181,228.3,False,False,False,False,0,25.3,9,4,0,casual_legit
0,0,39,3,86.0,False,True,True,True,0,7.2,1,21,1,scraper_bot
0,0,4,0,265.6,False,False,False,False,0,24.9,7,4,0,mobile_legit
1,0,4,118,167.8,False,False,False,False,0,28.4,9,3,0,casual_legit
0,0,2,107,266.3,False,False,False,False,0,66.4,4,3,0,casual_legit
0,0,3,211,191.3,False,False,False,False,0,62.6,12,3,0,legit_password_typo
1,0,6,1,,True,True,True,False,2,1.1,0,26,1,scraper_bot
0,0,0,0,215.7,False,False,False,False,0,45.1,6,2,0,mobile_legit
2,5,36,7,,True,False,True,False,2,1.7,2,3,1,repeat_offender
0,0,2,0,309.6,False,False,False,False,0,18.2,4,1,0,mobile_legit
0,0,3,237,,False,False,False,False,0,66.3,8,4,0,casual_legit
0,0,1,195,361.3,False,False,False,False,1,52.8,13,1,0,casual_legit
3,0,24,0,36.9,False,True,True,True,0,1.1,0,2,1,credential_stuffing_bot
0,0,47,0,29.3,False,True,True,False,0,0.5,0,15,1,scraper_bot
0,0,3,354,258.9,False,False,False,True,0,17.8,9,3,0,casual_legit
0,0,58,1,,True,True,True,False,1,1.9,2,17,1,scraper_bot
0,1,2,368,194.8,False,False,False,False,0,31.4,12,3,0,casual_legit
0,1,35,0,,False,True,True,False,1,1.1,0,12,1,scraper_bot
0,0,6,90,310.0,False,False,False,False,0,5.3,16,7,0,casual_legit
0,0,1,200,171.9,False,False,False,True,0,52.6,14,1,0,casual_legit
1,0,5,267,233.3,False,False,False,True,0,71.9,6,1,0,casual_legit
0,0,42,1,32.4,False,True,False,True,1,1.6,2,14,1,scraper_bot
2,0,5,12,151.5,False,True,True,True,3,10.7,1,4,1,repeat_offender
0,0,2,182,292.3,False,False,False,True,0,30.5,10,3,0,casual_legit
3,0,5,199,255.0,False,False,False,True,0,51.5,9,3,0,legit_password_typo
0,0,3,21,249.9,False,False,False,False,0,17.4,4,1,0,mobile_legit
3,0,27,0,19.2,False,True,False,True,0,4.8,0,1,1,credential_stuffing_bot
0,0,3,12,255.2,False,False,False,False,0,23.5,8,3,0,mobile_legit
0,0,5,235,212.8,False,False,False,False,0,55.4,12,1,0,casual_legit
0,0,4,193,156.0,True,False,False,True,0,14.0,10,2,0,legit_on_vpn
0,0,3,19,209.5,False,False,False,False,0,24.5,5,1,0,mobile_legit
0,0,3,145,246.3,False,False,False,False,0,15.9,18,3,0,casual_legit
0,1,19,0,65.3,True,True,True,False,0,2.0,0,13,1,scraper_bot
2,2,2,129,141.1,False,False,False,False,2,26.0,6,2,1,careful_human_attacker
3,2,8,173,135.8,True,False,False,False,0,18.8,4,5,1,careful_human_attacker
0,1,11,6,,False,False,False,True,0,3.1,1,4,1,repeat_offender
1,5,16,5,,True,True,False,False,2,3.7,0,4,1,repeat_offender
2,0,10,1,36.0,False,True,False,False,2,1.4,0,1,1,credential_stuffing_bot
1,0,3,311,212.3,False,False,False,True,0,18.4,9,2,1,casual_legit
0,0,31,0,56.9,False,False,True,False,0,0.6,1,17,1,scraper_bot
1,1,2,291,224.9,True,False,False,False,0,50.0,11,2,0,legit_password_typo
0,0,6,142,256.9,False,False,False,False,0,9.4,8,2,0,casual_legit
0,0,0,3,194.8,False,False,False,False,0,40.0,6,1,0,mobile_legit
3,1,8,132,245.9,True,False,False,False,0,4.1,8,2,1,careful_human_attacker
0,1,4,191,266.1,False,True,False,False,0,7.0,11,2,0,legit_on_vpn
0,0,2,170,273.7,False,False,False,True,0,36.9,10,5,0,casual_legit
1,0,24,0,,False,True,True,True,0,4.8,0,18,0,scraper_bot
1,0,5,274,144.0,False,False,False,False,0,49.0,12,5,0,legit_password_typo
0,0,4,7,434.2,False,False,False,False,0,20.8,6,2,0,mobile_legit
2,0,23,4,172.2,True,False,False,True,5,3.0,1,6,1,repeat_offender
1,0,4,30,272.2,False,False,False,False,0,10.6,2,1,0,mobile_legit
0,0,4,247,199.4,False,False,False,False,0,75.3,5,3,0,casual_legit
2,1,0,1,,False,True,False,False,0,2.0,0,1,1,credential_stuffing_bot
1,0,1,81,231.8,False,False,False,False,0,10.6,5,1,0,casual_legit
1,0,21,0,,False,True,True,False,2,2.4,0,3,1,credential_stuffing_bot
1,1,10,16,59.0,False,False,True,True,1,5.1,5,5,1,repeat_offender
0,0,4,230,291.2,False,False,False,True,0,45.8,10,3,0,casual_legit
0,0,41,1,,False,True,True,False,1,0.9,0,19,1,scraper_bot
1,2,4,136,191.5,True,False,False,True,1,30.1,8,3,1,careful_human_attacker
0,0,2,4,343.5,False,False,False,False,0,10.1,7,1,0,mobile_legit
0,0,1,164,229.9,False,False,False,False,0,6.3,10,4,0,casual_legit
0,0,3,8,,False,False,False,False,0,30.2,11,3,0,mobile_legit
4,0,24,1,,True,False,False,False,1,0.4,0,2,1,credential_stuffing_bot
0,0,1,192,239.8,False,False,False,False,0,7.9,6,4,0,casual_legit
1,0,0,16,284.3,False,False,False,True,0,51.9,5,4,0,mobile_legit
0,0,4,151,216.5,False,False,False,False,0,17.7,8,2,0,casual_legit
0,0,0,143,166.6,False,False,False,False,0,13.1,8,5,1,casual_legit
0,0,1,0,257.5,False,False,False,False,0,33.0,5,2,0,mobile_legit
0,0,1,118,135.5,False,False,False,False,0,31.5,6,2,0,casual_legit
0,0,38,0,,True,True,True,False,1,1.6,2,12,1,scraper_bot
5,1,32,0,28.4,True,True,True,False,0,0.7,0,3,1,credential_stuffing_bot
4,0,27,2,15.0,True,False,False,False,1,2.1,0,1,1,credential_stuffing_bot
1,1,4,145,123.8,False,False,False,True,0,92.8,11,3,0,legit_password_typo
7,1,14,109,218.5,False,True,True,False,1,40.8,7,2,1,careful_human_attacker
4,0,32,2,,True,True,True,False,2,0.8,0,2,0,credential_stuffing_bot
0,0,2,176,199.5,False,False,False,False,0,22.5,7,4,0,casual_legit
0,0,7,126,166.1,False,False,False,False,0,41.0,6,1,0,legit_password_typo
0,0,4,78,228.3,False,False,False,False,0,23.3,10,2,0,casual_legit
1,0,2,286,190.1,False,False,False,False,0,82.1,8,1,0,casual_legit
2,1,7,145,201.5,True,False,False,True,0,10.9,11,1,1,careful_human_attacker
2,0,6,142,180.1,False,False,False,False,0,24.4,10,3,0,legit_password_typo
0,1,19,0,,True,True,True,False,0,1.7,0,12,1,scraper_bot
1,1,6,188,242.4,False,False,False,False,0,39.4,9,2,0,legit_password_typo
0,0,3,206,232.8,False,False,False,False,0,22.9,12,2,0,casual_legit
2,1,16,6,31.0,False,False,False,False,0,9.9,0,3,1,repeat_offender
3,0,18,2,,False,True,False,True,0,0.4,0,1,1,credential_stuffing_bot
1,0,3,263,234.5,False,False,False,False,0,56.1,8,3,0,legit_password_typo
0,0,2,176,258.7,False,False,False,False,0,27.9,12,2,0,casual_legit
9,0,24,0,,False,False,False,True,0,1.7,0,1,1,credential_stuffing_bot
0,0,5,117,166.0,True,False,False,False,0,90.3,8,2,0,casual_legit
0,0,4,148,200.7,True,True,False,False,0,45.6,4,3,0,legit_on_vpn
1,1,26,5,36.5,False,True,False,False,2,12.7,3,3,1,repeat_offender
0,0,4,11,299.8,False,False,False,True,0,9.2,3,4,0,mobile_legit
0,0,4,161,,False,False,False,False,0,13.4,12,5,0,casual_legit
0,0,4,128,242.9,False,False,False,True,0,30.6,8,3,0,casual_legit
2,0,4,5,87.3,False,False,False,False,1,4.1,2,4,1,repeat_offender
3,0,20,0,,True,False,False,False,0,0.7,0,2,0,credential_stuffing_bot
0,0,3,102,212.8,False,False,False,False,0,31.9,9,2,0,casual_legit
1,1,1,16,,True,False,False,False,0,3.5,2,4,1,repeat_offender
0,0,60,1,,False,True,True,True,0,1.3,0,14,1,scraper_bot
4,0,19,0,,False,False,True,False,2,0.9,0,1,1,credential_stuffing_bot
0,0,1,51,203.1,False,False,False,False,0,24.8,4,1,0,casual_legit
0,0,4,27,434.4,False,False,False,False,0,8.6,7,3,0,mobile_legit
2,1,8,5,15.0,False,False,True,False,2,2.5,1,4,1,repeat_offender
2,0,6,243,242.6,False,False,False,False,0,13.8,19,3,0,legit_password_typo
0,0,5,141,177.6,False,False,False,False,0,10.2,9,4,0,casual_legit
0,0,13,1,,False,True,False,False,1,0.6,0,11,1,scraper_bot
0,0,1,46,304.9,False,False,False,False,0,19.5,7,2,0,mobile_legit
0,0,4,13,233.5,False,True,False,False,0,43.9,4,2,1,mobile_legit
0,0,4,295,219.4,False,False,False,False,0,8.1,5,2,0,casual_legit
0,0,4,266,270.4,True,False,False,False,0,27.0,14,2,0,legit_on_vpn
0,0,2,139,203.0,False,False,False,False,0,111.2,8,1,0,casual_legit
3,0,25,0,26.6,False,False,True,False,0,0.7,0,1,1,credential_stuffing_bot
0,0,5,174,201.2,False,False,False,False,0,20.5,11,2,0,casual_legit
4,1,31,0,46.6,False,False,False,False,0,0.3,0,2,1,credential_stuffing_bot
5,0,30,0,,True,True,True,True,1,5.1,1,1,1,credential_stuffing_bot
2,0,0,137,255.3,False,False,False,False,0,148.8,11,4,0,legit_password_typo
0,0,25,0,56.1,False,True,False,True,0,1.5,0,13,1,scraper_bot
0,0,5,151,213.4,True,False,False,True,1,14.3,12,2,0,legit_on_vpn
0,0,4,113,199.8,False,False,False,False,0,32.1,8,1,0,casual_legit
3,0,27,0,51.9,True,False,False,True,0,1.7,1,2,1,credential_stuffing_bot
0,0,1,313,91.2,False,False,False,False,0,12.2,5,2,0,casual_legit
0,0,5,246,184.1,False,False,False,False,0,33.1,9,4,0,casual_legit
0,0,3,180,183.8,False,False,False,False,0,19.7,6,1,0,casual_legit
0,0,4,117,259.4,False,False,False,False,0,14.4,5,1,0,casual_legit
0,0,3,246,274.9,False,False,False,False,0,18.8,11,2,0,casual_legit
0,0,2,297,129.0,True,False,False,False,0,40.1,7,1,0,legit_on_vpn
0,0,1,147,235.6,False,False,False,False,0,62.5,11,4,0,casual_legit
0,0,3,22,363.8,False,False,False,False,0,45.5,7,1,0,mobile_legit
2,0,34,0,,True,False,False,True,1,1.6,0,1,1,credential_stuffing_bot
1,1,18,97,339.9,False,False,False,False,0,22.2,11,6,1,careful_human_attacker
2,0,33,0,,True,True,True,True,1,1.3,0,1,1,credential_stuffing_bot
0,0,2,188,314.3,True,False,False,False,0,152.8,6,5,0,casual_legit
2,0,42,1,33.7,False,False,True,True,0,0.5,1,1,1,credential_stuffing_bot
0,0,3,24,,False,False,False,False,0,9.0,4,2,0,mobile_legit
1,0,6,256,204.3,False,False,False,True,0,152.3,6,2,0,casual_legit
0,0,5,249,184.5,False,False,False,False,0,45.7,5,3,0,legit_on_vpn
1,1,4,197,296.6,False,False,False,False,0,175.2,8,2,0,legit_password_typo
1,0,2,3,303.5,False,False,False,False,0,60.4,7,1,0,mobile_legit
6,1,15,0,47.4,True,True,False,True,1,1.1,0,1,1,credential_stuffing_bot
1,1,7,118,283.0,True,False,False,False,0,11.2,7,2,1,careful_human_attacker
1,0,5,111,191.8,True,False,False,False,0,42.1,8,3,0,casual_legit
4,1,16,0,36.0,False,False,False,False,2,1.4,0,3,1,credential_stuffing_bot
0,1,2,0,,False,False,False,False,0,12.4,5,3,0,mobile_legit
4,4,6,120,245.6,False,False,False,True,0,55.0,2,6,0,careful_human_attacker
1,1,3,148,257.5,False,False,False,False,0,65.8,14,3,0,casual_legit
2,0,41,0,,True,True,True,False,0,2.6,0,17,1,scraper_bot
1,1,16,7,63.0,True,True,True,False,3,11.8,1,5,1,repeat_offender
4,0,37,0,51.2,True,False,False,True,3,4.0,0,1,1,credential_stuffing_bot
0,0,4,159,154.4,False,False,False,False,0,9.4,10,2,0,casual_legit
0,0,2,9,325.6,False,False,False,False,0,75.9,6,3,0,mobile_legit
0,0,7,68,235.2,False,False,False,False,0,39.8,9,1,0,casual_legit
3,3,8,109,256.7,True,False,False,False,0,23.1,5,1,1,careful_human_attacker
0,0,5,309,,False,False,False,False,0,21.4,8,2,0,casual_legit
0,0,0,185,122.8,False,False,False,True,0,20.5,9,2,0,casual_legit
0,0,4,22,244.3,False,False,False,False,0,14.9,5,3,0,mobile_legit
3,0,3,50,201.2,False,False,False,False,0,25.6,9,5,0,legit_password_typo
0,0,2,135,170.9,False,False,False,False,0,92.5,10,4,0,casual_legit
2,0,8,76,255.9,False,False,False,False,0,179.7,8,1,0,legit_password_typo
0,0,3,62,190.7,False,False,False,False,0,40.9,9,4,0,casual_legit
4,3,18,0,42.9,False,False,True,False,0,3.0,0,2,1,credential_stuffing_bot
0,1,5,101,180.3,False,False,False,True,0,27.1,10,3,0,casual_legit
0,1,7,9,178.0,True,False,True,False,1,1.7,3,5,1,repeat_offender
0,0,13,0,,False,True,True,False,0,1.6,1,12,1,scraper_bot
0,0,3,155,218.5,False,False,False,False,0,24.4,9,4,0,casual_legit
1,0,23,8,,False,False,False,True,4,2.4,0,3,1,repeat_offender
0,0,3,141,201.0,True,False,False,True,0,34.9,9,2,0,legit_on_vpn
0,0,3,168,180.8,False,False,False,False,0,5.8,10,1,0,casual_legit
0,0,3,113,275.8,True,False,False,False,0,29.4,7,2,0,legit_on_vpn
0,0,0,35,,False,False,False,True,0,74.6,7,5,0,mobile_legit
0,0,3,9,251.6,False,False,False,False,0,40.6,11,1,0,mobile_legit
0,0,4,165,244.8,False,False,False,False,0,36.2,13,5,0,casual_legit
1,0,3,275,219.7,False,False,False,False,0,16.6,10,3,0,legit_password_typo
0,0,4,44,285.9,True,False,False,True,0,70.7,10,3,0,legit_on_vpn
1,0,6,191,240.9,True,False,False,False,0,46.8,9,1,0,legit_on_vpn
2,4,11,110,303.1,True,False,False,False,1,13.9,8,3,1,careful_human_attacker
2,1,7,187,225.4,False,False,False,True,1,8.8,6,5,1,careful_human_attacker
1,0,0,104,180.9,False,False,False,False,0,43.2,4,3,0,casual_legit
4,0,1,222,273.5,True,False,False,True,1,37.5,10,4,1,careful_human_attacker
1,0,32,0,,False,True,True,False,0,1.5,0,16,1,scraper_bot
2,6,10,167,149.6,True,False,False,False,2,62.9,8,3,1,careful_human_attacker
0,0,4,93,228.1,False,False,False,False,0,23.3,7,4,0,casual_legit
2,0,7,174,247.3,False,False,False,False,0,35.6,8,3,0,legit_password_typo
2,2,15,145,180.1,True,False,False,True,0,17.4,5,5,1,careful_human_attacker
0,0,28,0,47.2,False,False,True,False,0,9.6,0,14,1,scraper_bot
1,3,29,7,32.9,True,False,True,False,4,4.2,2,3,1,repeat_offender
1,0,57,0,42.2,False,True,True,False,0,0.7,0,16,1,scraper_bot
0,0,1,187,202.2,False,False,False,False,0,38.3,3,3,0,casual_legit
6,1,7,220,212.5,True,False,False,True,0,7.5,3,8,1,careful_human_attacker
1,1,0,7,95.2,True,True,False,False,2,11.4,1,3,1,repeat_offender
0,0,32,1,19.3,False,True,True,True,1,2.3,1,12,1,scraper_bot
4,2,8,178,161.7,False,False,False,True,1,9.7,5,2,1,careful_human_attacker
0,0,5,216,183.0,False,False,False,False,0,25.2,7,4,0,casual_legit
0,1,2,180,205.8,False,False,False,False,0,23.2,11,3,1,casual_legit
0,0,2,179,241.9,False,False,False,False,0,6.1,7,2,0,legit_on_vpn
2,2,15,0,31.9,True,False,False,True,0,4.1,0,2,1,credential_stuffing_bot
0,0,4,205,176.5,False,False,False,False,0,15.3,14,2,0,casual_legit
0,0,4,131,256.8,False,False,False,False,0,42.9,13,4,0,casual_legit
3,0,8,1,37.3,True,False,False,False,1,0.2,0,2,1,credential_stuffing_bot
6,4,5,162,223.0,True,True,True,True,0,14.2,1,2,1,careful_human_attacker
0,0,6,130,135.1,True,True,False,False,0,39.0,7,2,0,legit_on_vpn
0,0,0,0,366.3,False,False,False,False,0,19.0,4,1,0,mobile_legit
0,1,0,166,260.7,True,False,False,False,0,12.5,8,3,0,casual_legit
0,0,0,163,192.3,False,False,False,False,0,24.1,9,1,1,casual_legit
0,0,3,145,186.6,False,False,False,False,0,89.9,9,3,0,casual_legit
1,0,10,9,69.3,True,False,False,False,3,9.8,0,4,1,repeat_offender
3,3,7,164,239.1,False,True,False,False,0,21.1,7,5,1,careful_human_attacker
5,0,35,0,26.6,True,True,True,False,0,0.9,0,2,1,credential_stuffing_bot
0,0,51,0,,True,True,True,True,0,0.5,1,15,1,scraper_bot
1,0,13,5,125.5,True,True,True,True,0,6.5,2,5,1,repeat_offender
1,1,3,214,252.5,False,False,False,False,0,19.7,9,1,0,casual_legit
1,0,4,73,143.1,False,False,False,False,0,80.8,10,5,0,legit_password_typo
0,0,3,0,236.9,False,False,False,False,0,6.6,7,2,0,mobile_legit
3,0,4,169,198.2,False,False,False,False,0,47.1,13,4,0,legit_password_typo
1,1,3,21,306.0,False,False,False,True,0,40.8,5,5,0,mobile_legit
1,0,42,0,58.4,True,True,True,True,0,1.7,1,13,1,scraper_bot
3,0,31,0,40.8,True,False,False,False,2,3.2,0,1,1,credential_stuffing_bot
0,0,4,208,263.4,False,False,False,False,0,65.4,13,2,0,casual_legit
0,0,3,150,,False,False,False,False,0,79.4,8,2,0,casual_legit
2,1,0,136,117.7,True,False,False,True,1,65.0,9,3,1,careful_human_attacker
0,0,57,5,,False,True,True,False,1,0.4,0,12,1,scraper_bot
0,0,1,138,219.6,False,False,False,False,0,65.7,12,1,0,casual_legit
3,0,41,0,,True,False,False,True,0,3.1,0,2,1,credential_stuffing_bot
2,4,9,173,188.6,True,False,False,False,0,5.3,10,3,1,careful_human_attacker
3,1,6,11,154.9,False,False,False,False,2,10.4,2,3,1,repeat_offender
0,0,2,23,,False,False,False,False,0,8.3,3,2,0,mobile_legit
0,0,15,0,,False,False,True,False,0,3.1,1,11,1,scraper_bot
2,0,7,127,258.3,False,False,True,False,0,43.1,6,5,0,careful_human_attacker
0,0,19,2,62.2,False,False,False,False,0,3.4,0,12,1,scraper_bot
0,2,22,9,104.8,False,False,False,False,1,5.2,2,3,1,repeat_offender
0,0,3,17,310.5,False,False,False,False,0,68.1,1,2,0,mobile_legit
4,0,35,0,,False,True,True,False,1,0.5,1,3,1,credential_stuffing_bot
0,0,3,403,237.9,False,False,False,True,0,20.3,11,2,0,casual_legit
0,0,2,221,222.3,False,False,False,False,0,14.8,7,2,0,casual_legit
0,0,9,9,137.6,True,False,True,True,1,29.4,0,4,1,repeat_offender
0,0,4,19,310.2,False,False,False,False,0,14.3,6,2,0,mobile_legit
0,0,2,3,,False,False,True,False,0,83.7,5,4,0,mobile_legit
0,0,4,172,299.5,True,False,False,False,0,100.6,9,3,0,legit_on_vpn
0,0,35,1,49.8,False,True,True,False,2,0.4,0,11,1,scraper_bot
0,1,2,263,,False,False,False,False,0,46.4,9,3,0,casual_legit
3,2,7,195,214.5,True,True,False,False,1,16.1,5,3,1,careful_human_attacker
1,0,2,181,277.9,False,False,False,True,0,35.3,13,3,0,casual_legit
0,0,3,14,337.1,False,False,False,False,0,68.7,2,4,0,mobile_legit
9,3,14,0,52.1,False,True,True,False,1,3.3,1,1,0,credential_stuffing_bot
0,0,28,0,24.9,False,False,True,False,0,3.1,0,15,1,scraper_bot
2,3,10,248,207.8,True,False,False,True,1,22.7,8,5,1,careful_human_attacker
0,0,2,2,,False,False,False,True,0,75.2,8,4,0,mobile_legit
0,0,3,246,206.0,False,False,False,False,1,5.1,9,1,0,casual_legit
3,2,16,153,265.4,True,False,False,True,0,7.8,8,5,1,careful_human_attacker
2,0,39,0,29.1,False,False,True,True,1,0.3,0,1,1,credential_stuffing_bot
5,0,18,0,36.7,False,True,False,False,0,1.4,0,2,1,credential_stuffing_bot
2,1,2,103,191.8,True,True,False,False,1,10.7,6,3,1,careful_human_attacker
0,0,3,225,169.0,False,False,False,False,0,7.0,13,1,0,casual_legit
4,2,21,0,41.4,True,False,True,False,0,2.1,0,1,1,credential_stuffing_bot
0,0,4,146,198.8,False,False,False,False,0,19.2,12,4,0,casual_legit
0,0,1,187,220.4,False,False,False,True,0,39.6,12,1,0,casual_legit
0,0,2,317,307.1,False,False,False,False,0,11.0,8,3,0,casual_legit
0,0,2,141,161.3,False,False,False,True,0,17.9,8,4,0,casual_legit
0,0,5,76,309.3,False,False,False,False,0,40.9,4,4,0,casual_legit
0,0,3,239,252.0,False,False,False,False,0,109.1,7,5,0,casual_legit
0,0,3,246,176.1,False,False,False,False,0,138.0,10,2,0,casual_legit
0,0,4,273,236.5,False,False,False,True,0,42.5,13,4,0,casual_legit
3,0,40,0,,False,True,True,False,1,5.0,0,1,1,credential_stuffing_bot
0,0,4,130,193.9,False,False,False,False,0,55.4,11,2,0,casual_legit
5,1,3,1,31.7,True,True,False,False,1,1.9,1,1,1,credential_stuffing_bot
4,0,46,0,50.8,True,False,False,False,3,4.2,0,1,1,credential_stuffing_bot
2,0,33,0,,True,True,True,True,0,2.1,1,1,1,credential_stuffing_bot
4,0,29,0,,False,True,False,True,0,3.0,0,4,1,credential_stuffing_bot
0,0,3,56,185.1,False,False,False,False,0,18.6,7,2,0,legit_password_typo
3,0,14,10,102.9,True,True,True,False,2,8.8,2,4,1,repeat_offender
0,0,5,15,277.1,False,False,False,False,0,39.5,6,1,0,mobile_legit
1,0,4,67,173.8,False,False,False,True,1,26.6,10,1,0,casual_legit
0,0,4,34,287.3,False,False,False,False,0,70.5,6,3,0,mobile_legit
3,1,8,210,218.3,True,False,True,False,0,54.9,8,3,1,careful_human_attacker
0,0,53,0,16.6,False,True,True,True,0,4.3,1,11,0,scraper_bot
1,0,0,22,351.6,False,False,False,True,0,37.9,7,4,0,mobile_legit
0,0,2,174,162.7,False,False,False,True,0,22.5,7,4,0,legit_password_typo
0,0,5,196,263.9,False,False,False,False,0,32.6,11,4,0,casual_legit
0,0,21,0,,False,True,True,True,0,0.9,0,22,1,scraper_bot
4,1,26,0,,True,False,True,True,0,0.9,1,1,1,credential_stuffing_bot
0,0,3,20,277.6,False,False,False,False,0,21.1,5,3,0,mobile_legit
0,0,5,0,,False,False,True,False,0,1.5,0,11,0,scraper_bot
1,0,2,27,170.7,False,False,False,True,0,98.5,6,2,0,mobile_legit
0,0,6,222,280.5,True,False,False,False,0,27.9,19,3,0,legit_on_vpn
5,1,27,0,31.3,True,True,False,True,0,2.1,0,2,1,credential_stuffing_bot
0,0,3,69,249.1,False,False,False,False,0,62.2,4,1,0,casual_legit
0,0,4,137,221.5,False,False,False,False,0,109.5,9,2,0,casual_legit
1,0,4,42,255.4,False,False,False,False,0,36.7,8,2,0,mobile_legit
0,0,4,213,155.5,False,False,False,False,0,15.9,10,2,0,casual_legit
1,0,5,84,296.1,False,False,False,True,0,51.5,14,1,0,casual_legit
1,0,1,143,310.7,False,False,False,False,0,49.9,10,2,1,casual_legit
2,0,21,2,,True,True,False,False,0,0.6,1,14,1,scraper_bot
0,0,3,158,202.3,False,False,False,False,0,41.8,12,1,0,casual_legit
0,0,2,94,215.0,False,False,False,False,0,14.7,14,2,0,casual_legit
0,0,3,216,292.4,False,False,False,False,0,43.8,9,1,0,casual_legit
3,2,31,2,,True,False,False,False,0,0.5,0,1,1,credential_stuffing_bot
4,0,16,112,181.5,False,True,False,True,1,20.7,5,7,1,careful_human_attacker
0,0,5,124,125.9,False,False,False,False,0,6.5,5,1,0,casual_legit
6,0,18,0,26.9,True,True,False,False,0,2.8,0,1,1,credential_stuffing_bot
0,0,1,119,275.6,False,False,False,False,0,60.5,7,4,0,casual_legit
0,0,2,246,225.1,False,False,False,False,0,96.2,5,8,0,casual_legit
1,0,5,62,198.4,True,False,False,False,0,11.8,11,2,0,casual_legit
5,2,12,0,,False,False,True,False,0,0.9,0,1,0,credential_stuffing_bot
0,0,2,4,363.3,False,False,False,False,0,54.5,4,2,0,mobile_legit
0,0,5,241,270.7,True,False,False,False,0,18.7,8,2,0,legit_on_vpn
0,2,24,6,128.3,False,True,False,True,1,13.1,2,3,1,repeat_offender
0,0,20,3,,False,True,True,True,0,1.5,3,15,1,scraper_bot
0,0,2,11,310.5,False,False,False,False,0,19.3,5,3,0,mobile_legit
0,0,5,283,218.5,False,False,False,False,0,19.8,7,3,0,casual_legit
1,0,1,149,229.9,False,False,False,False,0,32.7,9,4,0,casual_legit
0,0,5,292,184.6,False,False,False,False,0,15.2,10,6,0,casual_legit
1,0,2,13,289.9,False,False,False,True,0,16.3,5,3,0,mobile_legit
0,0,3,243,,False,False,False,False,0,117.1,15,3,0,casual_legit
0,0,3,165,175.3,False,False,False,False,0,48.7,4,1,0,casual_legit
0,0,7,156,273.3,False,False,False,False,0,11.5,7,1,0,casual_legit
0,0,31,0,42.8,False,True,True,False,0,0.7,0,18,1,scraper_bot
3,0,4,152,,False,False,False,False,0,82.0,12,2,0,legit_password_typo
2,3,1,107,145.1,False,False,False,False,2,6.8,2,2,1,careful_human_attacker
0,0,4,225,199.7,False,False,False,False,0,17.2,12,3,0,casual_legit
0,0,4,234,156.2,False,False,False,True,0,11.5,9,3,0,casual_legit
0,0,3,179,161.6,False,False,False,False,0,61.2,13,3,0,casual_legit
0,0,4,113,,False,False,False,False,0,55.8,9,2,0,casual_legit
0,0,4,101,220.6,False,False,False,False,0,71.5,4,3,0,casual_legit
2,1,0,5,55.8,True,True,True,False,1,14.2,2,4,1,repeat_offender
0,0,5,207,209.1,False,False,False,False,0,51.1,4,4,0,casual_legit
1,0,4,236,186.9,False,False,False,False,0,18.6,11,3,0,casual_legit
0,0,4,235,273.1,False,False,False,False,0,12.9,5,1,0,casual_legit
1,0,0,0,,False,False,False,True,0,14.3,6,2,0,mobile_legit
2,1,25,0,22.9,False,True,False,False,0,0.8,0,1,1,credential_stuffing_bot
0,1,4,91,135.9,True,False,False,False,0,6.9,6,1,0,legit_on_vpn
3,0,3,279,192.7,False,False,False,False,0,23.8,10,2,0,legit_password_typo
3,2,2,135,227.7,False,False,False,False,0,6.1,2,4,1,careful_human_attacker
0,0,5,249,312.7,False,False,False,False,0,43.8,8,2,0,casual_legit
0,0,5,161,215.2,False,False,False,False,0,52.9,12,1,0,casual_legit
0,0,0,1,,True,True,True,False,0,1.5,0,16,1,scraper_bot
0,0,5,18,,False,False,False,False,0,5.1,3,3,0,mobile_legit
0,0,3,300,219.5,False,False,False,False,0,8.4,13,3,0,legit_on_vpn
0,0,3,38,269.4,False,False,False,False,0,63.6,8,1,0,mobile_legit
1,1,39,0,43.7,True,True,True,True,1,1.6,0,2,1,credential_stuffing_bot
0,0,4,10,315.7,False,False,True,False,0,8.4,3,3,0,mobile_legit
1,0,1,99,293.5,False,False,False,False,0,26.7,6,1,0,casual_legit
1,0,6,1,186.3,False,False,False,False,0,19.5,8,1,0,mobile_legit
4,2,14,168,,True,False,False,False,0,57.7,7,1,1,careful_human_attacker
0,0,28,2,,False,False,True,False,0,2.5,0,11,1,scraper_bot
0,0,22,1,34.4,True,True,True,False,0,3.2,0,18,1,scraper_bot
0,0,12,0,,False,True,True,False,1,0.4,1,20,1,scraper_bot
1,0,33,0,,False,False,True,False,0,1.4,0,1,1,credential_stuffing_bot
5,0,18,1,23.8,False,False,False,False,1,0.7,0,1,1,credential_stuffing_bot
2,0,45,0,,False,True,False,False,0,0.4,0,9,1,scraper_bot
2,0,4,151,173.6,False,False,False,False,0,19.6,14,3,0,legit_password_typo
2,0,22,2,20.1,False,True,True,False,0,0.8,2,2,1,credential_stuffing_bot
1,0,2,144,191.3,False,False,False,False,0,12.6,11,1,0,casual_legit
1,0,0,151,220.1,False,False,False,False,0,9.3,6,2,0,casual_legit
0,0,6,211,226.2,False,False,False,True,0,9.5,4,5,0,casual_legit
0,0,5,130,228.6,True,False,False,False,0,5.0,16,5,0,casual_legit
0,0,3,111,251.0,False,False,False,False,0,52.1,8,2,0,casual_legit
3,0,37,0,32.7,False,False,False,True,0,4.3,1,1,1,credential_stuffing_bot
0,0,2,236,230.4,False,False,False,True,0,47.1,11,1,0,legit_on_vpn
0,1,5,315,214.5,False,False,False,False,0,38.1,4,2,0,casual_legit
1,0,3,190,222.8,False,False,False,False,0,49.0,12,1,0,casual_legit
1,1,25,8,,True,True,False,True,2,12.6,0,1,1,repeat_offender
0,0,2,22,321.1,False,False,False,True,0,54.4,6,1,0,mobile_legit
0,0,1,25,246.5,False,False,False,False,0,50.1,6,2,0,mobile_legit
0,0,27,1,54.6,True,True,True,True,0,6.4,0,14,1,scraper_bot
4,0,33,0,,False,False,True,False,0,0.3,0,1,1,credential_stuffing_bot
0,0,6,64,175.5,False,False,False,False,0,75.6,9,2,0,casual_legit
0,0,24,1,,False,True,True,False,0,3.2,2,17,1,scraper_bot
0,0,34,0,98.1,False,False,True,False,0,0.9,1,14,1,scraper_bot
0,0,0,20,241.7,False,False,False,False,0,7.1,9,4,0,mobile_legit
0,0,37,0,,True,True,True,False,0,1.6,0,12,1,scraper_bot
1,2,36,1,42.2,True,True,True,True,1,0.8,0,3,1,credential_stuffing_bot
0,0,3,271,307.9,False,False,False,True,0,7.4,11,2,0,casual_legit
0,0,7,7,43.2,False,False,True,False,0,4.3,2,2,1,repeat_offender
0,0,1,7,182.0,False,False,False,False,0,13.1,4,3,0,mobile_legit
2,0,6,6,110.5,True,False,False,True,1,1.6,1,7,1,repeat_offender
0,0,4,117,261.0,False,False,False,False,0,14.3,12,1,0,casual_legit
1,0,51,1,,False,True,True,True,0,1.7,1,13,1,scraper_bot
0,0,5,143,278.5,False,False,False,True,0,9.7,9,5,0,casual_legit
0,0,2,175,,False,False,False,False,0,37.4,12,4,0,casual_legit
0,0,4,109,198.1,False,False,False,False,0,16.2,6,4,0,casual_legit
0,0,3,202,147.8,False,False,False,False,0,11.8,8,5,0,casual_legit
0,0,6,142,232.8,False,False,False,False,0,58.5,13,1,0,legit_password_typo
0,0,1,336,261.7,True,False,False,True,0,31.8,12,4,0,casual_legit
6,0,21,0,,True,True,True,False,0,2.7,0,5,1,credential_stuffing_bot
5,1,0,0,,True,True,True,False,2,0.7,0,1,1,credential_stuffing_bot
0,0,3,163,231.1,False,False,True,False,0,6.8,11,1,0,casual_legit
5,0,41,0,29.0,True,False,False,False,0,0.6,0,2,1,credential_stuffing_bot
1,0,4,4,320.9,False,False,False,True,0,71.0,13,2,0,mobile_legit
0,0,3,199,184.1,False,False,False,False,0,51.3,7,2,0,casual_legit
3,1,4,208,150.0,False,False,False,True,0,37.2,8,2,1,careful_human_attacker
4,1,28,8,62.6,True,False,False,True,3,4.3,5,3,1,repeat_offender
0,0,3,143,148.3,False,False,False,False,0,10.6,2,3,0,casual_legit
0,0,3,156,192.0,False,False,False,False,0,114.1,9,1,0,casual_legit
4,0,33,0,,False,False,True,False,0,1.6,0,2,1,credential_stuffing_bot
1,0,33,0,,True,False,True,False,1,1.1,0,2,1,credential_stuffing_bot
0,0,4,126,229.7,False,False,False,False,0,40.9,10,4,0,casual_legit
0,0,0,131,266.6,False,False,False,False,0,10.1,9,1,0,casual_legit
0,0,3,35,305.5,False,False,False,False,0,29.9,7,4,0,mobile_legit
1,2,7,219,318.8,False,True,False,True,2,22.0,2,3,1,careful_human_attacker
0,0,5,19,315.4,False,False,False,False,0,38.5,7,2,0,mobile_legit
0,0,3,226,221.5,False,False,False,False,0,5.3,8,1,0,casual_legit
0,0,3,52,236.5,True,False,False,False,0,100.0,17,2,0,legit_on_vpn
3,1,17,8,22.4,False,False,False,False,3,8.3,0,4,1,repeat_offender
0,0,0,23,347.3,False,False,False,False,0,68.4,12,4,0,mobile_legit
11,1,20,2,,True,False,True,False,2,0.2,1,2,1,credential_stuffing_bot
0,0,2,13,284.9,False,False,False,True,0,28.8,7,1,1,mobile_legit
2,0,2,198,222.0,False,False,False,True,0,41.0,15,3,0,legit_password_typo
1,2,15,8,,False,True,False,True,1,9.1,4,3,1,repeat_offender
0,0,25,0,44.5,False,True,True,False,0,1.7,0,13,1,scraper_bot
0,0,28,2,,True,True,False,True,0,5.7,1,16,1,scraper_bot
4,0,18,0,27.1,True,True,True,False,0,0.5,0,2,1,credential_stuffing_bot
0,0,5,210,225.4,False,False,False,False,0,19.1,8,1,0,casual_legit
1,0,15,7,76.0,True,True,False,False,2,14.5,1,3,1,repeat_offender
3,0,12,154,214.1,True,False,False,True,2,78.3,6,3,1,careful_human_attacker
0,0,3,31,242.6,False,False,False,False,0,16.7,7,1,0,mobile_legit
0,0,14,4,81.1,False,False,True,True,1,1.9,4,7,1,repeat_offender
0,0,5,278,196.5,False,False,False,False,0,53.3,8,2,0,casual_legit
0,0,5,7,286.0,False,False,False,False,0,16.4,4,1,0,mobile_legit
1,0,4,261,228.3,False,False,True,False,0,28.3,8,2,0,casual_legit
1,0,39,1,15.0,True,False,True,False,0,5.3,1,21,1,scraper_bot
1,0,29,1,65.3,False,True,True,False,0,0.4,3,10,1,scraper_bot
4,1,25,0,,True,True,False,False,0,0.2,0,1,1,credential_stuffing_bot
0,0,5,209,321.6,True,False,False,False,0,88.9,12,3,0,legit_on_vpn
4,1,17,7,,True,True,False,False,2,21.5,1,3,0,repeat_offender
0,0,5,189,323.6,False,False,False,False,0,36.4,7,3,0,casual_legit
0,0,5,236,,False,False,False,False,0,18.7,7,3,0,casual_legit
1,0,10,1,,True,True,True,False,0,0.5,1,2,1,credential_stuffing_bot
1,0,5,212,245.1,False,False,False,False,0,26.5,10,4,0,legit_password_typo
0,1,2,4,,True,False,False,True,2,5.8,3,6,1,repeat_offender
0,0,4,263,295.6,True,False,False,True,0,41.4,10,3,0,legit_on_vpn
0,0,3,80,250.9,False,False,False,False,0,37.9,8,3,0,casual_legit
0,0,4,145,,False,False,False,False,0,15.0,9,3,0,casual_legit
1,1,2,258,238.7,False,False,False,True,0,25.2,12,2,0,casual_legit
1,0,6,176,249.9,False,False,False,False,0,44.3,8,3,0,casual_legit
0,1,2,79,194.8,False,False,True,False,0,118.5,11,1,0,casual_legit
0,0,0,1,55.8,True,True,False,False,2,2.0,2,12,1,scraper_bot
1,0,4,208,227.3,False,False,False,False,0,6.3,6,6,0,casual_legit
2,2,21,0,36.2,True,True,True,True,0,0.4,0,3,1,credential_stuffing_bot
0,0,3,246,197.7,False,False,False,False,0,72.6,5,4,1,casual_legit
0,0,2,208,186.5,False,False,False,False,0,64.5,4,2,0,casual_legit
0,0,3,169,208.7,False,False,False,False,0,33.3,8,3,0,casual_legit
0,0,3,58,205.5,False,False,False,False,0,25.4,10,2,0,casual_legit
0,0,4,93,161.9,False,False,False,True,0,32.2,13,3,0,legit_password_typo
0,0,2,76,130.0,False,False,False,False,0,15.7,4,2,0,legit_password_typo
0,0,8,73,223.3,False,False,False,False,0,34.6,7,1,0,casual_legit
3,3,3,70,201.4,True,True,False,True,0,59.3,8,7,1,careful_human_attacker
1,0,4,136,237.8,False,False,False,True,0,41.2,8,4,0,casual_legit
0,0,3,158,226.3,True,True,False,False,0,53.9,8,2,0,legit_on_vpn
3,0,22,0,,False,False,True,True,1,0.7,1,2,1,credential_stuffing_bot
0,0,5,93,292.6,False,False,False,False,0,98.9,6,3,0,casual_legit
2,0,5,184,,False,False,False,False,0,129.1,15,3,0,legit_password_typo
0,0,1,38,220.1,False,False,False,False,0,13.5,3,1,0,mobile_legit
0,0,0,63,210.4,False,False,False,False,0,5.6,10,2,0,casual_legit
0,0,1,281,283.5,False,False,False,False,0,23.5,8,1,0,casual_legit
1,0,0,138,270.8,True,False,False,True,0,40.3,14,2,0,legit_on_vpn
0,0,3,145,239.3,False,False,False,False,0,63.1,11,5,0,casual_legit
0,0,15,1,,False,True,True,True,0,2.3,0,13,1,scraper_bot
0,0,1,285,,False,False,False,False,0,8.9,13,3,0,casual_legit
0,0,1,96,310.7,False,False,False,False,0,50.4,7,2,0,casual_legit
0,0,2,1,279.2,True,False,False,False,0,70.0,4,2,0,mobile_legit
0,0,3,127,178.6,False,False,False,False,0,11.0,14,3,0,casual_legit
2,0,44,1,36.3,True,True,True,False,0,6.9,0,13,1,scraper_bot
5,0,50,0,44.8,False,False,True,True,1,1.1,0,1,1,credential_stuffing_bot
0,0,1,150,243.8,False,False,False,True,0,30.6,11,3,0,casual_legit
0,0,3,126,228.8,True,False,False,False,0,144.0,6,3,0,casual_legit
0,0,2,69,163.8,False,False,False,True,0,14.1,12,1,0,casual_legit
0,0,5,133,283.2,False,False,False,False,0,115.0,6,2,0,casual_legit
6,0,33,0,50.9,True,False,True,True,0,0.8,0,1,1,credential_stuffing_bot
3,0,22,0,,True,False,True,False,1,6.4,0,1,1,credential_stuffing_bot
2,0,6,322,198.4,False,False,False,False,0,46.3,10,1,0,legit_password_typo
3,2,2,174,256.4,False,True,True,False,0,46.0,6,1,1,careful_human_attacker
2,0,28,0,38.4,False,False,False,False,1,2.9,0,1,0,credential_stuffing_bot
0,2,12,10,,True,False,False,False,3,14.8,1,5,1,repeat_offender
0,1,24,5,,True,False,False,False,2,9.3,3,12,1,repeat_offender
0,0,3,115,202.5,False,False,False,False,0,79.2,8,3,0,legit_password_typo
1,1,6,7,135.5,False,False,False,False,3,1.8,3,5,1,repeat_offender
0,1,22,0,61.0,False,False,True,False,0,4.8,0,16,1,scraper_bot
4,3,32,1,,True,True,False,True,2,0.4,1,1,1,credential_stuffing_bot
3,1,9,228,177.7,False,True,False,True,0,4.2,10,1,1,careful_human_attacker
0,0,4,263,242.7,False,False,False,False,0,47.8,9,2,0,casual_legit
0,0,3,225,213.7,False,False,False,False,0,12.1,3,3,0,casual_legit
0,0,2,121,200.4,False,False,False,False,0,50.6,5,2,0,casual_legit
0,0,0,329,248.7,False,False,False,True,0,36.3,13,5,0,casual_legit
0,0,4,306,261.6,False,False,False,False,0,17.6,6,4,0,casual_legit
0,0,5,176,207.4,False,False,False,False,0,9.1,13,3,0,casual_legit
2,1,8,168,199.2,True,True,False,False,3,28.1,5,4,1,careful_human_attacker
0,0,4,216,189.4,False,False,False,False,0,102.3,17,5,0,casual_legit
2,1,4,124,194.9,False,False,False,False,3,57.4,4,3,0,careful_human_attacker
0,0,3,128,256.7,False,False,False,False,0,47.9,6,4,0,casual_legit
1,0,8,11,179.2,False,False,True,False,1,3.2,1,4,1,repeat_offender
1,0,1,190,143.0,False,False,False,False,0,93.7,7,1,0,casual_legit
1,0,3,129,163.1,False,False,False,False,0,6.8,12,1,0,casual_legit
1,0,3,32,241.2,False,False,False,False,0,5.4,4,2,0,mobile_legit
0,0,5,126,249.8,False,False,False,False,0,51.0,7,2,0,casual_legit
0,0,3,0,321.8,False,False,False,True,0,45.4,5,1,0,mobile_legit
0,0,5,251,241.2,False,False,False,False,0,49.2,12,2,0,casual_legit
2,0,4,119,129.2,False,False,False,False,0,58.4,4,3,0,casual_legit
0,0,3,46,170.5,False,False,False,False,0,52.3,11,1,0,casual_legit
0,0,2,116,202.9,True,False,False,False,0,49.3,8,1,0,legit_on_vpn
6,1,18,1,29.9,False,True,True,False,1,1.6,0,1,1,credential_stuffing_bot
0,0,3,19,291.0,False,False,False,False,0,50.7,9,4,0,mobile_legit
2,0,3,205,176.0,False,False,False,False,0,99.1,6,3,0,legit_password_typo
0,0,62,1,,False,True,True,True,0,1.2,0,21,1,scraper_bot
0,0,2,175,252.1,False,False,False,False,0,65.6,11,1,0,legit_password_typo
0,0,25,0,34.6,False,True,True,False,0,14.4,0,26,1,scraper_bot
0,0,30,1,15.1,True,False,True,False,0,1.1,0,13,1,scraper_bot
0,0,2,103,224.1,True,False,False,False,0,10.6,13,3,1,casual_legit
1,2,12,55,238.4,True,False,False,False,0,92.1,8,6,1,careful_human_attacker
2,0,3,180,279.9,False,False,False,False,1,31.6,13,5,0,casual_legit
0,0,2,0,237.2,False,False,False,False,0,6.4,10,3,0,casual_legit
0,1,3,113,251.1,False,False,False,False,0,43.5,10,5,0,legit_password_typo
0,1,4,171,183.2,False,False,False,False,0,21.4,8,1,0,casual_legit
1,1,12,6,96.7,True,True,False,True,3,2.3,0,3,1,repeat_offender
2,0,4,106,300.8,False,False,False,False,0,43.8,9,4,0,legit_password_typo
2,0,30,0,28.9,False,True,True,False,0,0.9,0,1,1,credential_stuffing_bot
0,0,34,0,,False,True,False,False,0,0.4,0,17,1,scraper_bot
1,0,3,127,211.8,False,False,False,False,0,41.8,9,2,0,casual_legit
0,0,4,14,382.5,False,False,False,False,0,20.1,7,1,0,mobile_legit
0,0,0,211,227.0,False,False,False,False,0,12.1,12,2,0,casual_legit
6,3,0,178,154.1,True,False,True,False,1,47.1,13,3,1,careful_human_attacker
5,1,8,200,177.5,False,False,False,False,0,28.3,8,2,1,careful_human_attacker
2,0,41,0,60.0,False,False,True,False,0,0.8,0,3,1,credential_stuffing_bot
0,1,7,188,,False,False,False,False,0,15.7,5,3,0,casual_legit
0,0,5,15,,False,False,False,True,0,5.7,3,5,0,mobile_legit
0,0,5,185,222.0,False,False,False,False,0,10.2,8,1,0,legit_password_typo
5,2,6,148,174.1,False,True,False,False,0,16.7,8,2,1,careful_human_attacker
5,1,3,0,,True,True,True,False,3,0.8,0,1,1,credential_stuffing_bot
6,0,5,0,44.5,True,True,True,True,0,0.6,0,1,1,credential_stuffing_bot
1,0,3,152,173.8,False,False,False,False,0,38.5,8,3,0,legit_password_typo
0,1,4,146,297.2,False,False,False,False,0,147.8,7,5,0,casual_legit
0,0,3,161,203.2,False,False,False,True,0,22.7,15,2,0,casual_legit
0,0,4,150,,False,False,False,False,0,5.7,10,5,0,casual_legit
1,0,3,249,229.1,False,False,False,True,0,8.2,5,5,0,casual_legit
0,0,2,24,307.4,False,False,True,True,0,9.7,6,1,0,mobile_legit
0,0,27,1,55.4,True,True,True,False,0,0.6,2,10,1,scraper_bot
4,2,6,212,102.8,False,False,False,True,1,27.2,4,2,0,careful_human_attacker
0,0,3,113,172.0,False,False,False,False,0,77.6,10,1,0,casual_legit
0,1,44,1,,True,True,True,False,0,2.2,0,12,1,scraper_bot
1,0,44,2,,True,False,True,False,0,5.3,0,11,1,scraper_bot
1,0,3,116,197.7,False,False,False,False,0,22.6,6,3,0,legit_password_typo
0,0,1,60,202.3,False,False,False,True,0,13.1,12,4,0,casual_legit
8,0,37,0,34.0,False,True,True,False,0,1.1,0,1,1,credential_stuffing_bot
0,0,0,121,291.5,False,False,False,False,0,10.3,12,1,0,casual_legit
0,1,0,0,260.8,False,False,False,False,0,66.4,12,1,0,mobile_legit
1,0,3,116,230.4,False,False,False,False,0,74.4,10,1,0,legit_password_typo
0,0,8,76,217.8,True,False,False,False,0,119.1,15,2,0,legit_password_typo
0,0,1,13,325.6,False,False,False,False,0,4.4,5,1,0,mobile_legit
2,3,7,0,41.7,True,True,True,False,3,0.4,0,4,1,credential_stuffing_bot
0,0,4,156,228.7,False,False,False,False,0,25.3,9,3,0,casual_legit
6,0,26,0,,True,False,False,False,1,4.6,0,1,1,credential_stuffing_bot
0,0,4,149,274.3,False,False,False,False,0,18.3,10,2,0,casual_legit
3,2,42,1,15.0,False,True,True,False,1,3.8,0,1,1,credential_stuffing_bot
1,0,37,1,33.3,False,False,True,False,1,1.5,0,15,1,scraper_bot
0,0,3,1,261.4,True,True,False,False,0,17.7,7,3,0,mobile_legit
4,0,26,0,41.0,True,False,True,True,0,2.5,0,1,1,credential_stuffing_bot
0,0,4,308,299.1,False,False,False,False,0,53.2,8,3,0,casual_legit
2,0,4,105,173.3,False,False,False,False,0,14.2,13,2,0,legit_password_typo
0,0,6,151,160.1,False,False,False,False,0,108.3,13,2,0,casual_legit
1,0,3,153,191.4,False,False,False,False,0,51.3,4,3,0,casual_legit
1,1,3,18,276.9,False,False,False,False,0,7.8,5,2,0,mobile_legit
1,0,2,227,,False,False,False,False,0,23.5,11,4,0,legit_password_typo
0,0,28,0,,True,True,True,False,0,1.1,1,24,1,scraper_bot
0,0,5,184,265.4,False,False,False,False,0,20.6,10,3,0,casual_legit
3,0,16,55,150.2,True,False,True,False,0,11.8,10,7,1,careful_human_attacker
0,0,3,241,307.7,False,False,False,False,0,89.2,1,2,0,casual_legit
2,1,7,0,15.0,True,True,True,False,1,0.5,1,2,1,credential_stuffing_bot
0,0,2,28,219.2,False,False,False,False,0,29.3,6,2,0,casual_legit
4,0,6,86,156.4,False,False,False,True,0,69.5,8,2,0,careful_human_attacker
2,0,4,0,326.5,False,False,False,False,0,132.3,8,3,0,mobile_legit
7,0,28,1,29.9,False,True,True,True,2,3.1,0,2,1,credential_stuffing_bot
0,0,2,34,345.8,False,False,False,False,0,178.3,4,4,0,mobile_legit
0,0,4,242,302.2,False,False,False,False,0,7.6,7,1,0,casual_legit
0,0,22,2,,False,True,True,False,1,0.4,0,12,1,scraper_bot
1,3,11,4,98.6,False,False,False,False,0,6.0,5,3,1,repeat_offender
0,0,3,195,,False,False,False,False,0,40.2,10,2,0,casual_legit
0,0,2,33,315.0,False,False,False,False,0,120.8,10,3,0,mobile_legit
2,0,23,0,35.3,True,True,True,False,0,0.9,0,2,1,credential_stuffing_bot
1,0,3,5,360.2,False,False,False,False,0,55.7,8,1,0,mobile_legit
0,0,4,167,227.5,False,False,False,False,0,26.2,5,3,0,casual_legit
3,0,4,153,199.6,False,False,False,False,0,106.3,5,3,0,legit_password_typo
5,0,12,0,,True,True,False,False,1,0.9,0,1,1,credential_stuffing_bot
6,0,31,0,,True,False,False,True,2,1.4,1,1,1,credential_stuffing_bot
7,1,18,166,158.1,True,False,False,False,1,61.0,9,3,1,careful_human_attacker
0,0,4,175,153.3,False,False,False,True,0,44.4,6,2,0,casual_legit
0,0,2,191,219.6,False,False,False,False,0,5.4,9,1,0,casual_legit
2,0,8,83,146.5,False,False,False,False,1,63.7,5,5,0,legit_password_typo
1,1,2,0,362.6,True,False,False,True,0,49.0,7,1,0,mobile_legit
0,0,6,101,251.1,False,False,False,False,1,60.8,6,3,0,legit_password_typo
4,0,15,0,,True,False,True,False,0,2.3,1,2,1,credential_stuffing_bot
0,0,3,21,,False,False,False,True,0,96.5,11,2,0,mobile_legit
2,2,1,140,145.1,False,False,False,False,1,34.7,11,4,1,careful_human_attacker
1,0,4,133,285.3,False,False,False,False,0,5.0,13,4,0,casual_legit
2,0,3,127,187.6,False,False,False,False,0,33.1,3,2,1,legit_password_typo
4,1,15,1,71.9,False,False,True,True,0,0.6,0,1,1,credential_stuffing_bot
5,0,13,8,74.7,True,False,False,False,1,11.1,3,4,1,repeat_offender
0,0,3,5,205.5,False,False,False,False,0,24.3,6,2,0,mobile_legit
0,0,3,241,279.1,False,False,False,False,0,30.2,13,3,0,casual_legit
1,0,1,58,309.8,False,False,False,False,0,11.3,8,2,0,mobile_legit
2,1,21,10,129.1,True,True,False,True,2,8.2,2,5,1,repeat_offender
0,0,0,97,212.2,False,False,False,False,0,140.7,8,4,0,casual_legit
0,0,20,0,15.0,True,True,True,False,0,2.3,4,16,1,scraper_bot
1,0,1,57,260.7,False,False,False,False,0,77.6,7,3,0,casual_legit
5,1,3,210,189.8,False,False,False,False,0,16.4,5,4,1,careful_human_attacker
0,0,4,11,271.5,False,False,False,False,0,20.5,5,1,0,mobile_legit
5,1,19,1,15.0,True,False,False,True,0,1.8,2,1,1,credential_stuffing_bot
0,0,2,23,152.3,False,False,False,True,0,13.4,4,2,0,casual_legit
0,0,3,219,185.9,False,False,False,True,0,56.4,12,3,0,casual_legit
1,3,41,0,43.4,True,True,True,False,2,0.3,0,2,1,credential_stuffing_bot
0,0,2,5,254.4,False,False,False,True,0,5.9,7,3,0,mobile_legit
7,0,6,127,165.5,True,False,False,True,0,12.6,8,5,1,careful_human_attacker
6,0,16,0,34.9,False,False,True,False,0,1.2,0,1,1,credential_stuffing_bot
0,0,5,208,178.4,True,False,False,False,0,29.7,9,4,0,legit_on_vpn
0,0,4,64,226.4,True,False,False,False,0,42.5,10,1,0,casual_legit
5,3,9,90,223.4,True,False,False,False,0,49.8,12,5,1,careful_human_attacker
0,0,1,179,183.0,False,False,False,False,0,5.6,18,4,0,casual_legit
2,0,1,264,138.4,False,False,False,False,0,229.7,15,2,0,legit_password_typo
1,0,4,214,183.5,False,False,False,False,0,26.1,8,2,0,legit_on_vpn
2,0,16,5,105.5,False,False,False,False,0,1.8,2,9,1,repeat_offender
0,0,5,0,,False,False,False,False,0,53.1,6,2,0,mobile_legit
3,1,14,2,,False,True,False,True,2,1.6,1,1,1,credential_stuffing_bot
4,1,29,0,38.2,False,True,True,False,0,1.1,0,1,1,credential_stuffing_bot
0,0,11,1,66.1,False,False,False,True,0,4.3,2,15,1,scraper_bot
0,1,6,194,192.1,False,False,False,False,0,35.8,18,2,1,casual_legit
5,0,25,1,,True,False,False,False,1,1.0,0,1,1,credential_stuffing_bot
0,0,2,124,185.7,False,False,False,True,0,8.4,5,6,0,casual_legit
0,0,3,154,226.6,False,False,False,False,0,119.0,12,4,0,casual_legit
0,0,2,28,147.8,False,False,False,False,0,50.2,9,2,1,casual_legit
1,0,2,181,258.6,False,False,False,False,0,90.3,5,6,0,legit_on_vpn
0,0,4,70,189.7,False,False,False,False,0,19.0,7,1,0,casual_legit
0,0,4,215,,False,False,False,False,0,88.9,16,2,0,casual_legit
0,1,2,163,255.9,False,False,False,False,1,19.5,11,3,0,casual_legit
0,0,3,94,243.6,False,False,False,False,0,7.1,10,4,0,casual_legit
5,2,1,177,,False,False,False,True,1,20.3,10,3,1,careful_human_attacker
0,0,1,11,235.8,False,False,False,True,0,13.1,2,2,0,mobile_legit
0,0,2,309,263.5,False,False,False,False,0,70.9,1,3,0,casual_legit
0,0,1,21,300.6,False,False,False,False,0,11.2,5,1,0,mobile_legit
0,1,4,138,195.1,False,False,False,False,0,90.8,6,6,0,casual_legit
3,1,29,0,,True,False,True,True,0,2.4,0,1,1,credential_stuffing_bot
0,0,5,166,288.1,False,False,False,False,0,35.9,3,2,0,casual_legit
0,0,4,210,147.4,False,False,False,False,0,5.8,7,3,0,casual_legit
3,2,15,213,173.5,False,False,False,False,0,9.2,5,4,1,careful_human_attacker
0,0,2,158,227.7,False,False,False,True,0,37.3,11,1,0,casual_legit
4,0,37,0,,False,True,True,False,0,1.1,1,1,1,credential_stuffing_bot
2,0,4,74,215.5,True,False,False,False,0,47.8,7,3,0,legit_on_vpn
0,0,1,15,198.7,False,False,False,False,0,78.6,5,2,0,mobile_legit
1,0,3,97,189.7,False,False,False,False,0,32.8,8,4,0,legit_password_typo
0,0,2,28,,False,False,False,False,0,17.1,4,2,0,mobile_legit
0,0,43,1,,False,False,False,True,0,0.4,1,7,1,scraper_bot
2,0,2,26,288.5,False,False,False,False,0,122.4,4,2,0,mobile_legit
1,1,52,0,37.3,False,True,True,False,0,5.4,0,16,1,scraper_bot
0,0,5,3,288.1,False,False,False,False,0,13.1,6,1,0,mobile_legit
1,1,5,6,,False,True,True,False,2,1.0,3,4,1,repeat_offender
0,1,6,103,193.9,False,False,False,False,0,16.9,6,4,0,casual_legit
2,3,15,6,49.4,False,False,True,True,1,3.3,2,4,0,repeat_offender
0,0,5,9,259.9,False,False,False,False,0,10.7,4,1,0,mobile_legit
1,0,4,242,255.4,False,False,False,False,0,26.7,10,3,0,casual_legit
0,1,6,215,243.4,False,False,False,False,0,15.5,14,3,0,casual_legit
1,0,9,237,140.3,False,False,False,False,0,14.2,16,5,0,legit_password_typo
4,0,22,1,42.1,False,False,False,False,0,1.0,0,1,1,credential_stuffing_bot
0,0,3,22,313.8,True,False,False,False,0,7.1,3,2,0,mobile_legit
8,2,33,0,61.1,False,False,False,False,5,1.1,1,2,1,credential_stuffing_bot
0,0,3,219,161.9,False,False,False,False,0,55.6,10,3,0,casual_legit
2,0,18,2,43.4,True,False,False,False,1,2.1,0,1,1,credential_stuffing_bot
1,0,1,212,198.5,False,False,False,True,0,32.1,11,4,0,casual_legit
2,2,8,108,108.0,True,True,False,True,2,5.6,5,2,1,careful_human_attacker
0,0,1,124,292.0,False,False,False,False,0,6.7,9,3,0,casual_legit
2,2,5,0,,True,False,True,True,0,0.5,0,1,1,credential_stuffing_bot
0,0,2,174,242.4,False,False,False,False,0,41.6,3,4,0,casual_legit
0,0,2,15,330.8,False,False,False,False,0,35.9,6,2,0,mobile_legit
5,0,6,96,222.6,False,False,False,False,0,14.0,9,1,0,legit_password_typo
0,0,0,171,254.1,True,False,False,False,0,22.8,10,4,0,legit_on_vpn
3,0,39,0,,False,True,True,False,0,0.7,0,2,1,credential_stuffing_bot
1,0,3,317,230.7,False,False,False,True,0,16.5,15,4,0,casual_legit
4,0,0,208,271.2,False,False,False,False,0,30.9,6,2,0,legit_password_typo
0,0,3,211,,False,False,False,False,0,49.6,8,2,0,legit_on_vpn
5,1,23,9,,False,False,True,True,0,6.6,2,5,1,repeat_offender
0,0,5,172,174.9,False,False,False,False,0,80.2,9,2,0,casual_legit
1,1,17,8,,True,False,True,True,3,6.7,1,4,1,repeat_offender
0,0,2,133,,False,False,False,False,0,5.3,10,2,0,casual_legit
7,0,20,1,,True,True,True,True,2,0.5,0,2,1,credential_stuffing_bot
0,1,6,145,311.2,True,False,False,True,0,44.0,10,1,0,legit_on_vpn
0,0,3,234,231.2,False,False,False,False,0,59.2,8,4,0,casual_legit
0,0,0,168,173.8,False,False,False,True,0,42.0,5,2,0,casual_legit
0,0,35,0,71.3,False,True,True,False,0,1.3,1,13,0,scraper_bot
0,0,3,283,129.9,False,False,False,False,0,36.6,11,1,0,casual_legit
0,0,3,172,200.5,False,False,False,True,0,53.5,9,2,0,casual_legit
1,0,3,175,225.4,False,False,False,False,0,86.0,10,5,0,casual_legit
3,0,28,0,51.1,False,False,False,True,2,1.0,0,1,1,credential_stuffing_bot
0,1,17,7,,True,False,False,False,1,3.4,4,4,1,repeat_offender
0,0,1,26,299.7,False,False,False,False,0,5.2,4,1,0,mobile_legit
3,3,0,216,103.6,True,False,False,True,0,54.1,5,3,1,careful_human_attacker
0,0,44,1,,False,True,True,True,0,5.4,0,13,1,scraper_bot
3,0,20,0,,True,False,False,True,2,2.4,0,1,0,credential_stuffing_bot
0,0,1,0,293.6,False,False,False,False,0,42.3,10,2,0,mobile_legit
5,0,34,0,58.8,True,True,True,False,0,0.5,1,1,1,credential_stuffing_bot
1,0,2,129,215.2,False,False,False,False,0,34.1,6,2,0,casual_legit
4,0,10,72,141.4,True,True,False,False,0,33.5,6,6,1,careful_human_attacker
0,0,2,135,185.6,False,False,False,True,0,6.9,10,2,0,casual_legit
1,0,40,0,106.5,False,False,True,False,0,2.8,2,14,1,scraper_bot
0,0,3,3,,False,False,False,False,0,8.1,8,2,0,mobile_legit
0,0,1,159,229.4,False,False,False,False,0,9.7,6,2,0,casual_legit
0,0,3,156,231.0,False,False,False,False,0,26.0,11,4,0,casual_legit
3,0,4,142,205.9,True,False,False,False,0,34.7,9,3,1,careful_human_attacker
2,0,35,0,37.7,True,False,True,False,1,4.5,2,1,1,credential_stuffing_bot
2,0,7,10,,True,False,False,False,1,4.3,2,5,1,repeat_offender
1,0,6,162,291.3,False,False,False,False,0,48.3,9,2,1,legit_password_typo
0,0,6,221,235.7,False,False,False,True,0,11.0,7,4,0,casual_legit
3,0,18,0,15.2,False,True,True,True,1,1.9,1,2,1,credential_stuffing_bot
0,0,3,10,304.9,False,False,False,False,0,97.5,4,1,0,mobile_legit
0,0,1,195,297.2,False,False,False,False,0,36.8,14,3,0,casual_legit
1,0,63,0,,False,True,True,False,0,1.3,1,13,1,scraper_bot
0,0,2,251,326.8,False,False,False,False,0,13.4,9,3,0,casual_legit
0,0,3,147,223.6,False,False,False,False,0,27.4,8,3,0,casual_legit
3,2,13,218,164.5,False,False,False,True,0,15.5,4,2,1,careful_human_attacker
0,0,7,229,333.9,False,False,False,True,0,26.5,7,2,0,casual_legit
1,1,16,3,100.0,True,False,True,False,3,1.3,5,4,1,repeat_offender
1,0,2,217,185.6,True,False,False,False,0,28.5,7,2,0,legit_on_vpn
0,0,5,223,185.7,False,False,False,False,0,146.7,10,1,0,casual_legit
1,1,9,130,237.8,True,False,False,False,0,5.4,4,3,1,careful_human_attacker
0,0,1,224,196.6,False,False,False,False,0,15.4,10,3,0,casual_legit
1,1,10,0,15.0,True,False,True,False,1,2.0,0,2,1,credential_stuffing_bot
2,2,8,46,185.7,True,True,False,True,0,48.1,11,4,1,careful_human_attacker
0,0,4,197,261.4,False,False,False,False,0,32.6,11,2,0,legit_on_vpn
3,1,8,190,177.9,False,True,False,False,1,99.4,2,2,1,careful_human_attacker
1,0,3,193,186.6,False,False,False,False,0,18.9,14,1,0,casual_legit
0,0,28,1,,False,True,True,False,0,0.4,1,12,1,scraper_bot
3,1,14,47,160.3,True,False,False,True,0,16.9,4,5,1,careful_human_attacker
0,1,2,5,343.0,False,False,False,False,0,17.1,6,2,0,mobile_legit
0,0,7,191,233.7,False,False,False,False,0,25.3,12,1,0,casual_legit
0,0,6,117,208.8,False,False,False,False,0,12.8,6,3,0,casual_legit
0,0,9,134,195.9,False,False,False,False,1,25.1,14,4,0,legit_password_typo
0,0,3,135,210.3,False,False,False,False,0,26.6,8,3,0,casual_legit
0,0,4,310,206.8,False,False,False,False,0,25.0,14,3,0,casual_legit
3,1,42,0,28.2,False,True,True,False,0,4.4,1,2,1,credential_stuffing_bot
1,0,5,275,295.7,False,False,False,False,0,6.2,14,3,0,casual_legit
9,0,28,2,44.5,False,False,False,False,1,2.5,0,1,1,credential_stuffing_bot
1,0,4,237,173.8,False,False,False,False,0,54.0,15,2,0,casual_legit
0,0,2,230,289.4,False,False,False,False,0,109.0,8,4,0,casual_legit
0,0,2,157,240.1,False,False,False,False,0,31.3,10,1,0,casual_legit
2,0,4,62,189.2,False,False,False,False,0,19.3,8,3,0,legit_password_typo
1,1,0,26,406.2,False,False,False,False,0,49.0,5,2,0,mobile_legit
0,0,0,216,254.4,False,False,False,False,0,22.6,6,4,0,casual_legit
5,0,14,0,65.4,False,True,False,True,1,2.3,1,1,1,credential_stuffing_bot
4,0,12,0,,True,True,False,False,3,3.3,0,2,1,credential_stuffing_bot
0,0,4,22,317.8,False,False,False,False,0,22.5,3,4,0,mobile_legit
0,0,5,152,,True,False,False,False,0,83.3,9,3,0,legit_on_vpn
0,0,9,178,256.9,False,False,False,False,0,23.9,9,2,0,legit_on_vpn
0,0,1,21,298.2,False,False,False,False,0,14.6,8,2,0,mobile_legit
1,0,2,139,227.8,False,False,False,False,0,5.2,5,2,0,casual_legit
0,0,1,172,268.7,False,False,False,False,0,57.1,4,3,1,legit_on_vpn
2,3,0,132,111.0,True,False,False,False,0,9.8,5,4,1,careful_human_attacker
1,0,3,105,222.2,False,False,False,False,0,91.4,7,3,0,casual_legit
2,2,9,160,209.0,False,True,False,False,0,7.0,8,3,1,careful_human_attacker
0,0,6,195,177.3,False,False,False,False,0,68.3,4,2,0,casual_legit
5,1,21,0,,True,True,False,True,0,1.8,0,1,1,credential_stuffing_bot
0,0,3,149,230.3,False,False,False,True,0,11.7,8,1,0,casual_legit
0,0,2,100,167.7,False,False,False,False,0,17.7,8,2,0,casual_legit
4,1,8,147,261.2,False,False,False,False,0,35.1,7,7,1,careful_human_attacker
1,4,2,176,100.9,False,False,False,False,0,17.7,3,1,1,careful_human_attacker
0,1,3,149,178.7,False,False,False,False,0,21.2,14,2,0,casual_legit
0,0,53,3,,False,True,True,False,0,0.5,0,17,1,scraper_bot
0,0,66,1,18.7,False,False,False,False,0,2.6,0,19,1,scraper_bot
3,2,12,200,239.2,False,False,False,False,1,5.8,5,2,1,careful_human_attacker
1,0,3,143,240.7,True,False,False,True,0,48.2,3,1,0,legit_on_vpn
2,0,0,3,57.0,True,False,True,False,2,5.7,1,7,1,repeat_offender
0,0,4,40,175.4,False,False,False,False,0,11.3,5,1,0,mobile_legit
0,0,2,214,237.0,False,False,False,True,0,9.3,13,4,0,casual_legit
3,2,9,195,218.7,False,False,False,True,3,13.4,10,3,1,careful_human_attacker
0,0,4,34,219.6,False,False,False,False,0,19.4,4,2,0,mobile_legit
2,4,7,97,208.1,True,False,False,True,0,27.1,13,3,1,careful_human_attacker
0,0,3,164,,False,False,False,False,0,78.8,10,3,0,casual_legit
5,1,23,10,32.1,True,False,True,True,5,4.8,0,5,1,repeat_offender
0,0,3,133,268.9,False,False,False,True,0,21.1,8,2,0,casual_legit
0,1,6,71,175.4,False,False,False,False,0,50.3,8,1,0,casual_legit
0,0,3,101,205.5,False,False,False,True,0,22.6,12,2,0,casual_legit
0,0,4,18,,False,True,False,False,0,12.3,5,1,0,mobile_legit
0,0,3,1,281.8,False,False,False,False,0,94.2,4,2,0,mobile_legit
3,2,42,0,40.8,True,True,True,False,0,0.3,1,1,1,credential_stuffing_bot
0,0,4,31,258.9,False,False,False,False,0,30.5,10,1,0,mobile_legit
0,0,3,168,242.1,False,False,False,True,0,91.4,9,3,0,casual_legit
0,0,4,210,210.9,True,False,False,False,0,37.0,8,5,0,legit_on_vpn
0,0,45,0,63.0,False,False,False,False,0,2.5,0,17,1,scraper_bot
6,1,47,1,56.0,False,True,False,False,2,1.0,0,2,1,credential_stuffing_bot
2,0,16,7,100.4,False,False,False,True,1,12.9,5,2,1,repeat_offender
2,0,3,226,245.7,False,False,False,False,0,19.5,9,3,0,legit_password_typo
4,0,14,164,206.7,True,False,False,True,0,17.7,9,8,1,careful_human_attacker
3,1,6,0,,True,False,True,True,2,1.0,0,1,1,credential_stuffing_bot
0,0,4,219,143.1,False,False,False,False,0,53.1,8,3,0,casual_legit
0,1,25,7,165.8,True,False,True,True,3,1.0,1,8,1,repeat_offender
3,0,32,1,,False,True,True,False,1,1.6,0,1,1,credential_stuffing_bot
0,0,3,0,296.4,False,False,False,False,0,35.1,3,1,0,mobile_legit
0,0,5,49,205.6,False,False,False,False,0,21.7,10,3,0,casual_legit
0,1,3,13,298.1,False,False,False,True,0,30.2,8,1,0,mobile_legit
4,3,15,0,,False,True,True,True,0,1.6,0,2,1,credential_stuffing_bot
0,0,2,0,306.9,False,False,False,True,0,6.3,3,2,0,mobile_legit
0,0,3,5,333.3,False,False,False,True,0,6.6,9,4,0,mobile_legit
0,0,4,125,239.0,True,False,False,False,0,16.6,6,3,0,legit_on_vpn
4,4,7,253,142.6,False,False,False,True,1,5.0,3,5,1,careful_human_attacker
0,0,3,331,249.3,False,False,False,False,0,30.1,9,6,0,casual_legit
2,2,7,290,229.1,False,False,False,False,0,123.1,6,2,0,legit_password_typo
4,2,4,87,193.8,False,False,False,False,1,5.1,6,3,1,careful_human_attacker
3,1,22,1,47.7,False,False,False,False,1,3.4,0,1,1,credential_stuffing_bot
2,0,4,124,151.6,False,False,False,True,0,46.4,1,4,0,legit_password_typo
0,0,3,3,224.9,False,False,False,True,0,24.3,6,4,0,mobile_legit
3,0,32,2,,False,True,True,False,2,3.8,1,2,1,credential_stuffing_bot
0,0,1,196,248.8,False,False,False,False,0,67.0,12,1,0,casual_legit
0,0,6,120,121.7,False,False,False,False,0,37.6,8,5,0,legit_password_typo
2,1,23,0,,False,True,False,False,0,0.8,1,1,1,credential_stuffing_bot
2,1,25,6,106.8,True,False,False,False,3,11.5,1,1,1,repeat_offender
5,0,6,158,223.5,False,False,False,False,0,66.9,19,5,0,legit_password_typo
6,0,29,1,15.0,False,False,False,False,0,3.2,0,1,1,credential_stuffing_bot
0,0,1,40,,False,False,False,False,0,16.2,6,1,0,mobile_legit
1,0,4,245,249.3,False,False,False,False,0,26.6,9,5,0,casual_legit
0,0,0,0,,False,False,False,False,0,51.3,9,4,0,mobile_legit
2,0,7,1,49.3,True,True,False,False,1,1.6,0,2,1,credential_stuffing_bot
1,0,2,58,,False,False,False,False,0,36.2,11,4,0,casual_legit
4,2,15,1,,True,False,False,True,0,0.2,0,1,1,credential_stuffing_bot
0,0,1,12,279.8,False,False,False,True,0,39.7,3,2,0,mobile_legit
0,0,5,8,222.0,True,False,False,False,0,11.4,2,4,0,mobile_legit
3,0,23,0,15.0,True,False,False,True,1,1.0,3,2,1,credential_stuffing_bot
1,0,19,18,144.5,True,False,False,False,3,13.3,0,7,1,repeat_offender
1,0,2,18,257.6,True,False,False,True,0,29.1,6,2,0,mobile_legit
0,0,4,240,204.3,False,False,False,False,0,45.2,11,2,0,casual_legit
1,0,3,39,368.9,False,False,False,False,0,55.2,4,3,1,mobile_legit
3,1,16,8,101.8,True,False,False,True,2,2.9,3,3,1,repeat_offender
0,0,3,239,228.7,False,False,False,False,1,75.8,10,5,0,casual_legit
4,1,12,231,197.2,False,False,False,True,0,6.2,6,5,1,careful_human_attacker
2,2,13,180,269.8,False,False,False,False,0,4.9,6,3,1,careful_human_attacker
0,0,8,0,41.1,False,True,False,True,0,0.3,0,10,1,scraper_bot
0,0,2,124,211.9,True,False,False,False,0,172.9,12,2,1,legit_on_vpn
0,0,5,297,273.7,False,False,False,True,0,31.5,16,1,0,casual_legit
5,0,25,0,42.8,True,True,False,True,3,6.0,1,1,1,credential_stuffing_bot
1,0,3,2,262.9,False,False,False,False,0,23.9,4,2,0,mobile_legit
0,0,56,1,,False,True,True,False,0,1.9,1,13,1,scraper_bot
0,0,1,50,257.2,False,False,False,True,0,147.2,9,1,0,mobile_legit
1,1,19,2,55.4,True,True,False,True,1,1.7,0,16,1,scraper_bot
2,1,45,2,31.8,True,True,False,False,0,0.6,0,2,1,credential_stuffing_bot
6,2,8,237,220.2,True,False,False,True,0,6.2,5,4,1,careful_human_attacker
1,0,8,1,,False,True,True,False,0,6.9,1,10,1,scraper_bot
0,0,3,15,286.2,False,False,False,True,0,24.5,5,4,0,casual_legit
0,0,56,1,54.9,False,False,True,True,1,4.0,0,20,1,scraper_bot
1,0,23,7,,False,False,True,False,2,2.5,1,5,1,repeat_offender
4,0,25,0,44.2,True,True,True,True,0,0.8,0,1,1,credential_stuffing_bot
0,0,4,158,,False,False,False,False,0,8.6,9,1,0,casual_legit
0,0,3,41,284.3,False,False,False,False,0,17.1,3,4,0,mobile_legit
0,0,3,135,165.1,True,False,False,False,0,76.5,7,2,0,legit_on_vpn
0,0,4,4,274.1,False,False,False,False,0,32.7,3,2,0,mobile_legit
1,0,2,14,68.6,True,False,False,False,3,4.0,2,2,1,repeat_offender
0,0,4,124,218.0,False,False,False,False,0,74.2,7,2,0,legit_password_typo
0,0,62,2,,False,True,True,True,0,2.7,0,12,1,scraper_bot
5,1,10,60,313.0,False,False,False,True,1,8.5,12,4,1,careful_human_attacker
0,0,28,1,,False,False,False,True,0,2.9,0,13,1,scraper_bot
0,0,4,132,251.2,False,False,False,False,0,190.6,6,1,0,casual_legit
1,0,3,27,,False,False,False,False,0,69.2,8,2,0,mobile_legit
4,0,25,0,19.4,True,True,True,False,1,0.5,0,1,1,credential_stuffing_bot
7,0,4,0,33.9,False,True,True,False,0,0.8,2,3,1,credential_stuffing_bot
0,0,3,0,274.3,False,False,False,False,0,17.7,4,1,0,mobile_legit
0,0,3,28,215.1,False,False,False,False,0,24.7,3,2,0,casual_legit
0,1,4,93,271.2,False,False,False,False,0,25.8,9,2,0,legit_password_typo
0,0,43,0,,True,False,True,True,0,1.9,0,17,1,scraper_bot
0,0,0,107,307.5,True,False,False,False,0,9.3,4,3,0,legit_on_vpn
4,2,14,197,269.7,False,False,True,True,0,9.1,5,5,1,careful_human_attacker
0,0,4,264,228.3,False,True,False,False,0,10.4,3,2,0,casual_legit
3,3,4,164,216.7,True,False,False,True,1,13.2,4,4,1,careful_human_attacker
2,0,5,283,280.9,False,False,True,True,0,13.6,10,2,0,legit_password_typo
0,1,5,41,148.5,False,True,False,False,0,10.6,7,3,0,legit_password_typo
0,0,2,130,212.5,False,False,False,False,0,6.8,16,3,0,casual_legit
2,4,13,224,274.7,True,False,False,True,1,37.1,8,6,1,careful_human_attacker
0,0,5,71,224.9,True,False,False,False,0,78.5,6,2,0,legit_on_vpn
0,0,64,0,,False,True,True,True,0,4.7,2,11,1,scraper_bot
3,1,36,1,15.0,False,False,True,False,2,2.6,1,2,1,credential_stuffing_bot
4,2,11,26,224.3,False,True,False,True,0,22.3,4,1,1,careful_human_attacker
1,3,10,218,255.0,False,False,False,False,0,31.4,10,5,1,careful_human_attacker
4,0,28,0,,True,True,False,True,3,1.6,0,1,1,credential_stuffing_bot
5,1,13,0,,False,True,False,False,2,0.2,0,1,1,credential_stuffing_bot
0,0,4,228,205.8,True,False,False,False,0,80.7,7,3,0,legit_on_vpn
5,0,19,1,,True,True,True,False,0,1.3,0,1,1,credential_stuffing_bot
0,0,31,0,,True,True,True,False,1,4.9,0,14,1,scraper_bot
6,2,35,0,28.5,False,True,True,False,1,0.6,0,2,1,credential_stuffing_bot
0,0,3,214,214.3,False,False,False,False,0,49.3,8,4,0,casual_legit
3,1,32,0,,True,False,False,False,0,6.0,0,2,1,credential_stuffing_bot
2,1,6,192,211.1,True,False,False,True,0,57.9,5,6,1,careful_human_attacker
0,0,1,121,224.0,False,False,False,False,0,64.6,10,3,0,legit_password_typo
7,2,27,1,28.1,True,True,True,True,2,1.7,0,1,1,credential_stuffing_bot
0,0,71,1,,True,True,True,True,1,0.3,0,9,1,scraper_bot
0,0,4,0,354.6,False,False,True,True,0,24.4,9,1,0,mobile_legit
0,0,5,300,193.8,False,False,False,False,0,15.5,12,1,0,casual_legit
1,0,3,139,200.1,True,False,False,False,0,107.4,10,5,0,legit_on_vpn
0,0,4,167,173.7,False,False,False,False,0,36.3,15,3,0,casual_legit
2,0,43,0,,True,True,True,True,1,0.7,0,2,1,credential_stuffing_bot
0,0,0,106,253.8,True,False,False,False,0,24.4,11,2,0,legit_on_vpn
0,0,0,118,231.4,False,False,False,False,0,21.4,10,4,0,casual_legit
1,0,6,196,115.0,False,False,False,False,0,101.7,15,2,0,legit_password_typo
2,2,30,5,,False,False,False,True,2,5.0,3,7,1,repeat_offender
3,0,27,0,28.4,False,True,True,False,2,6.8,0,3,1,credential_stuffing_bot
0,1,31,0,,False,True,True,False,0,1.5,2,17,1,scraper_bot
1,0,24,10,,True,True,False,True,2,13.4,4,2,1,repeat_offender
0,0,4,113,222.1,False,False,False,False,0,12.0,5,1,0,casual_legit
0,0,4,87,269.4,False,False,False,False,0,53.2,13,5,0,casual_legit
0,0,5,252,205.9,False,False,False,False,0,10.3,7,2,0,casual_legit
2,0,5,171,241.7,False,True,False,False,1,149.3,2,1,0,legit_password_typo
2,3,7,120,219.5,False,False,True,False,1,6.2,5,2,1,careful_human_attacker
0,0,5,117,212.1,True,False,False,False,0,80.9,3,2,0,legit_on_vpn
6,0,33,0,33.8,True,True,False,True,1,0.3,0,1,1,credential_stuffing_bot
0,0,3,292,283.3,False,False,False,False,1,66.7,7,3,0,casual_legit
0,0,3,196,291.2,False,False,False,False,0,38.5,14,2,0,casual_legit
0,0,5,186,227.4,False,False,False,True,0,42.8,5,3,0,casual_legit
1,1,21,8,,False,False,False,True,2,15.6,2,5,1,repeat_offender
0,0,39,0,15.0,False,False,True,True,0,0.5,0,14,1,scraper_bot
0,0,2,22,,False,False,False,False,0,6.9,7,3,0,mobile_legit
1,0,4,120,233.4,False,False,False,False,0,66.5,6,1,0,casual_legit
0,0,4,167,199.8,False,False,False,False,0,14.0,11,2,0,casual_legit
0,0,2,106,214.2,False,False,False,True,0,34.7,11,1,0,casual_legit
3,1,11,0,,True,True,True,False,1,1.8,0,1,1,credential_stuffing_bot
5,1,26,0,15.0,False,False,False,False,0,2.2,0,2,1,credential_stuffing_bot
0,0,3,104,184.1,False,False,False,False,0,167.2,10,1,0,casual_legit
0,0,3,176,259.3,False,False,False,False,0,41.9,16,2,0,casual_legit
0,0,3,287,233.6,False,False,False,False,0,87.3,10,1,0,casual_legit
0,0,16,1,73.1,False,True,True,False,1,1.2,1,13,1,scraper_bot
1,0,3,103,295.1,False,False,False,False,0,5.3,4,1,0,casual_legit
5,0,34,0,48.9,False,False,False,True,0,2.4,0,2,1,credential_stuffing_bot
2,0,1,107,,False,False,False,False,0,17.0,7,2,0,casual_legit
10,0,24,0,,False,True,False,True,0,2.3,0,3,1,credential_stuffing_bot
0,0,0,251,209.4,False,False,False,False,0,70.3,13,2,0,casual_legit
0,0,3,200,199.9,False,False,False,False,0,5.2,10,1,0,casual_legit
5,1,15,2,19.8,False,False,True,False,0,0.7,0,1,1,credential_stuffing_bot
0,0,5,120,246.8,True,False,False,False,0,160.3,7,2,0,legit_on_vpn
1,1,6,205,179.9,False,False,False,False,0,23.5,6,4,0,legit_password_typo
0,0,4,356,187.9,False,False,False,False,0,56.0,14,1,0,casual_legit
0,0,3,177,205.9,False,False,False,False,0,53.4,2,2,0,legit_on_vpn
1,0,3,4,,False,False,False,False,0,13.1,8,3,0,mobile_legit
7,0,28,0,,True,False,False,False,0,3.0,1,2,1,credential_stuffing_bot
3,1,22,1,22.7,True,False,False,False,0,0.7,0,1,1,credential_stuffing_bot
3,0,3,123,176.4,True,False,False,True,0,35.1,12,2,0,legit_password_typo
0,0,4,167,211.4,False,False,False,False,0,6.2,9,3,0,casual_legit
4,4,9,95,167.5,True,True,True,True,1,4.1,7,3,1,careful_human_attacker
0,0,3,155,260.5,False,False,False,True,0,36.0,7,1,0,casual_legit
6,2,12,1,,False,True,True,False,0,0.3,1,2,1,credential_stuffing_bot
0,0,3,9,207.0,False,False,False,False,0,57.8,17,1,0,mobile_legit
0,0,3,114,211.4,False,False,False,True,1,142.6,9,2,0,casual_legit
0,0,3,89,216.7,False,False,False,False,0,72.2,6,1,0,casual_legit
0,0,1,140,167.8,False,False,False,False,0,33.7,4,2,0,legit_password_typo
0,0,1,22,311.7,False,False,False,False,0,37.6,8,2,0,mobile_legit
3,0,32,1,,False,False,True,True,0,0.5,0,1,1,credential_stuffing_bot
6,1,36,0,,True,False,True,True,0,4.2,0,1,1,credential_stuffing_bot
0,0,4,135,352.0,False,False,False,False,0,7.2,4,1,0,casual_legit
4,1,29,0,,True,True,True,True,2,2.0,0,2,1,credential_stuffing_bot
3,4,19,8,50.1,False,False,False,True,2,2.4,2,6,1,repeat_offender
3,1,9,0,48.2,False,False,False,False,1,0.8,0,2,1,credential_stuffing_bot
2,2,17,4,158.6,True,False,False,False,2,4.4,2,6,1,repeat_offender
0,0,1,28,275.1,False,False,False,True,0,42.3,9,1,0,mobile_legit
0,0,2,40,262.6,False,False,False,False,0,13.6,7,4,0,mobile_legit
4,0,19,0,59.4,True,True,True,False,0,0.4,0,1,1,credential_stuffing_bot
0,0,25,2,53.5,True,True,True,False,0,0.3,1,14,1,scraper_bot
0,0,5,22,256.8,False,False,False,False,0,63.8,9,6,0,mobile_legit
2,0,2,0,370.8,False,False,False,True,0,22.8,3,2,0,mobile_legit
1,0,4,24,302.2,False,False,False,False,0,22.1,6,2,1,mobile_legit
4,0,2,104,199.6,True,False,False,False,1,28.1,7,2,0,legit_password_typo
0,0,3,249,195.8,False,False,False,False,0,20.2,9,1,0,casual_legit
6,2,13,1,55.1,True,True,True,False,0,0.6,1,1,1,credential_stuffing_bot
0,0,2,14,,False,False,False,False,0,16.4,9,1,0,mobile_legit
0,0,3,15,258.6,False,False,False,False,0,53.9,7,4,1,mobile_legit
0,0,4,150,233.9,True,False,False,False,0,29.2,11,1,0,legit_on_vpn
0,1,6,189,241.9,True,False,False,False,0,5.5,13,3,0,legit_on_vpn
0,0,3,214,188.1,False,False,False,False,0,46.1,9,3,0,casual_legit
4,3,8,232,199.6,True,False,False,True,0,32.1,4,2,0,careful_human_attacker
2,0,23,0,52.5,True,True,True,False,0,0.3,1,16,1,scraper_bot
1,0,3,30,284.1,False,False,False,False,0,82.9,4,3,0,mobile_legit
1,0,2,0,317.5,False,False,False,False,0,4.7,6,2,0,mobile_legit
3,0,27,0,,False,False,False,False,1,0.6,0,2,1,credential_stuffing_bot
0,0,2,5,249.9,False,False,False,False,0,5.9,6,4,0,mobile_legit
1,0,2,157,174.2,False,False,False,False,0,80.4,11,4,0,legit_password_typo
0,0,0,147,249.3,False,False,False,False,0,76.3,8,4,0,casual_legit
0,0,4,107,242.0,False,False,False,False,0,77.6,9,2,0,casual_legit
2,0,11,11,91.0,True,False,True,False,2,6.7,3,2,1,repeat_offender
0,0,44,3,,True,False,False,False,0,1.6,0,21,1,scraper_bot
4,1,0,10,,True,True,False,False,3,4.9,3,2,1,repeat_offender
0,0,3,224,277.8,False,True,True,False,0,21.3,12,1,0,casual_legit
3,0,8,181,262.2,False,False,False,False,2,56.5,10,1,1,careful_human_attacker
0,0,4,85,167.3,True,False,False,False,0,12.9,6,1,0,casual_legit
0,0,4,9,340.0,False,False,False,False,0,66.4,6,4,0,mobile_legit
3,1,19,8,15.0,True,False,True,True,3,1.1,4,8,1,repeat_offender
0,0,4,4,,False,False,False,True,0,58.4,8,2,0,mobile_legit
0,0,1,165,278.5,False,False,False,False,0,69.5,8,3,0,casual_legit
0,0,3,184,250.6,True,False,False,False,0,51.5,8,3,0,legit_on_vpn
6,0,43,1,,False,True,False,False,0,3.2,2,1,1,credential_stuffing_bot
1,0,5,156,177.3,False,False,False,False,0,26.1,6,2,0,legit_password_typo
0,0,3,20,318.9,True,False,False,True,0,48.7,6,3,0,mobile_legit
2,1,23,10,28.5,False,True,False,False,3,2.2,4,4,1,repeat_offender
0,0,4,40,,False,False,False,False,0,23.5,4,2,0,mobile_legit
0,0,2,272,202.0,False,False,False,False,0,35.8,10,4,0,casual_legit
2,0,2,202,204.8,True,False,False,True,0,7.6,9,4,0,legit_on_vpn
0,0,4,171,266.0,False,False,False,False,0,21.9,8,5,0,casual_legit
0,0,4,9,268.9,False,False,False,False,0,52.8,6,2,0,mobile_legit
0,0,3,178,,False,False,False,False,0,25.3,14,2,0,casual_legit
0,0,1,125,230.9,True,False,False,False,0,27.3,7,3,0,casual_legit
1,0,3,242,197.1,False,False,False,False,0,24.3,8,3,0,casual_legit
0,0,5,197,169.7,False,False,False,False,0,25.6,14,1,0,casual_legit
0,0,4,228,217.0,False,False,False,True,0,73.5,3,3,0,casual_legit
0,0,48,1,55.5,False,False,True,False,0,0.7,0,9,1,scraper_bot
5,1,9,127,261.5,True,False,False,True,0,56.3,6,4,1,careful_human_attacker
0,0,5,232,89.2,False,False,False,False,0,64.4,12,2,0,casual_legit
0,0,3,225,,False,False,False,False,0,51.7,7,2,0,casual_legit
4,1,12,11,70.0,True,False,False,False,1,29.4,2,4,1,repeat_offender
0,0,3,37,284.4,False,False,False,False,0,83.1,6,1,1,mobile_legit
0,0,2,99,210.1,False,False,False,False,0,18.7,11,7,0,casual_legit
0,0,1,210,260.4,False,False,False,True,0,43.9,7,4,0,casual_legit
0,0,4,18,,False,False,False,False,0,77.6,7,3,0,mobile_legit
0,1,16,6,107.4,True,False,True,False,4,1.4,2,4,1,repeat_offender
0,0,1,258,235.5,False,False,False,False,0,12.8,16,5,0,casual_legit
0,0,4,319,207.2,True,False,False,True,0,59.0,9,4,0,casual_legit
7,0,28,1,,True,False,False,True,0,0.3,1,1,1,credential_stuffing_bot
2,3,15,9,,True,True,False,False,2,13.4,2,5,1,repeat_offender
1,0,3,181,199.6,False,False,False,False,0,7.2,8,5,0,casual_legit
0,0,5,33,257.1,False,False,False,False,0,27.4,6,2,0,mobile_legit
2,0,4,94,189.4,False,False,False,False,0,22.9,2,2,0,casual_legit
4,1,22,0,,True,True,True,False,1,0.3,0,1,1,credential_stuffing_bot
2,0,2,174,221.6,False,False,False,False,0,99.4,7,2,0,legit_password_typo
1,0,5,281,263.3,True,False,False,False,0,44.3,11,2,0,legit_password_typo
3,0,19,1,,True,False,False,False,1,1.3,0,1,1,credential_stuffing_bot
0,0,31,0,,False,True,True,True,0,0.5,0,18,1,scraper_bot
0,0,3,174,237.2,False,False,False,False,0,12.4,10,2,0,casual_legit
0,0,1,181,230.8,False,False,False,False,0,127.4,11,2,0,casual_legit
0,0,54,0,,False,True,True,True,0,2.5,0,22,0,scraper_bot
0,0,2,228,278.9,False,False,False,False,0,31.5,12,1,0,casual_legit
0,0,50,0,50.7,False,False,True,False,0,6.3,1,13,1,scraper_bot
6,1,6,1,,True,True,False,False,0,0.8,1,3,1,credential_stuffing_bot
0,0,2,34,151.7,False,False,False,True,0,10.7,5,2,0,mobile_legit
0,0,5,162,252.4,False,False,False,False,0,44.3,5,1,0,casual_legit
0,0,6,223,260.7,False,False,False,False,0,59.2,5,1,0,casual_legit
0,0,39,1,,True,True,False,True,0,0.5,1,15,1,scraper_bot
3,2,13,183,164.6,True,False,False,True,0,35.5,7,5,1,careful_human_attacker
0,0,5,10,436.8,False,False,False,True,0,6.3,9,2,0,mobile_legit
0,0,2,5,298.2,False,False,False,False,0,30.4,10,3,0,mobile_legit
3,1,12,1,33.1,True,False,False,False,1,1.6,1,1,1,credential_stuffing_bot
1,0,2,25,306.2,False,False,False,False,0,13.3,8,2,0,mobile_legit
0,0,6,110,206.1,False,False,False,False,0,102.4,12,3,0,casual_legit
0,0,5,239,187.6,False,False,False,False,0,74.9,8,2,0,casual_legit
0,0,0,259,310.8,True,False,False,False,0,67.3,10,2,0,legit_on_vpn
1,0,41,0,15.5,False,False,True,True,0,1.2,0,2,1,credential_stuffing_bot
0,0,7,303,262.2,True,False,False,False,0,45.8,14,5,0,legit_on_vpn
1,0,3,158,227.8,False,False,False,False,0,26.4,6,4,0,casual_legit
0,0,3,267,177.2,False,False,False,False,0,103.0,7,2,0,casual_legit
4,1,3,153,217.3,True,False,True,True,0,62.6,9,6,1,careful_human_attacker
0,0,4,32,379.9,False,False,False,False,1,37.1,6,3,0,mobile_legit
1,0,31,1,,False,True,True,True,0,2.7,0,12,1,scraper_bot
10,0,40,2,,False,True,True,True,1,1.2,0,1,1,credential_stuffing_bot
1,0,7,91,258.2,True,False,False,False,0,27.6,8,3,1,careful_human_attacker
1,0,4,193,157.9,False,False,False,False,0,27.4,11,1,1,casual_legit
1,0,5,97,219.4,True,False,False,True,0,48.8,6,3,0,legit_password_typo
4,2,11,120,285.8,True,False,False,False,1,51.4,4,3,1,careful_human_attacker
0,0,36,0,15.0,False,True,True,True,0,1.8,1,16,0,scraper_bot
0,0,2,139,253.0,False,False,False,False,0,89.8,16,3,0,casual_legit
0,0,3,143,,True,False,False,False,0,29.1,9,4,0,legit_on_vpn
5,0,20,1,36.0,True,True,True,False,0,1.3,0,2,1,credential_stuffing_bot
0,0,5,188,186.4,False,False,False,False,0,13.6,8,2,0,casual_legit
1,0,6,176,,False,False,False,False,0,21.9,11,2,0,legit_password_typo
1,0,1,287,172.4,False,False,False,False,0,12.3,10,4,0,legit_password_typo
5,0,46,1,,False,True,True,False,2,0.9,0,1,1,credential_stuffing_bot
0,0,2,20,368.2,False,False,False,False,0,50.8,8,1,0,mobile_legit
2,0,6,133,204.6,False,False,False,False,0,16.6,14,3,0,legit_password_typo
0,1,1,168,227.0,False,False,False,False,0,149.0,12,2,1,casual_legit
0,0,2,163,164.4,False,False,False,False,0,62.6,10,7,0,casual_legit
2,0,4,156,235.7,False,False,False,False,0,113.6,11,2,0,legit_password_typo
1,0,3,152,274.4,False,False,False,False,0,88.2,12,3,0,legit_password_typo
3,1,5,184,226.6,False,False,False,False,0,12.0,9,4,0,legit_password_typo
0,0,51,0,46.5,False,True,True,True,0,2.5,0,14,1,scraper_bot
0,0,5,174,143.2,False,False,False,False,0,6.7,14,1,0,casual_legit
0,1,6,16,15.0,True,False,False,True,3,9.3,1,5,1,repeat_offender
0,0,5,22,282.3,False,False,False,False,0,89.3,12,2,0,casual_legit
0,0,3,176,184.8,False,False,False,False,0,9.6,7,2,0,casual_legit
0,0,2,347,215.8,False,False,False,False,0,59.3,10,1,0,casual_legit
0,0,25,0,,False,True,False,True,0,0.6,1,13,0,scraper_bot
7,0,10,0,29.0,True,True,True,True,0,3.3,0,2,1,credential_stuffing_bot
1,0,1,9,362.8,False,False,False,False,0,41.6,5,3,0,mobile_legit
0,0,2,222,243.8,False,False,False,True,0,10.2,8,3,0,casual_legit
3,0,21,0,,False,False,False,False,3,0.5,0,2,1,credential_stuffing_bot
0,0,2,250,261.7,False,False,False,True,0,16.7,8,2,0,casual_legit
0,0,2,212,265.3,True,False,False,False,0,87.9,10,1,0,legit_on_vpn
6,0,17,2,51.8,False,True,True,False,1,4.1,0,2,1,credential_stuffing_bot
0,0,4,209,316.4,False,False,False,False,0,8.0,7,1,0,casual_legit
0,0,4,169,225.5,False,False,False,False,0,22.8,6,3,0,casual_legit
2,0,4,22,200.3,False,False,False,False,0,14.5,8,1,0,legit_password_typo
5,2,40,0,,True,True,False,False,3,3.8,0,1,1,credential_stuffing_bot
2,1,10,85,189.3,False,False,False,True,1,18.4,8,4,1,careful_human_attacker
0,0,4,196,186.1,False,False,False,False,0,44.8,6,4,0,casual_legit
0,0,4,28,286.3,False,False,False,False,0,17.3,12,2,0,mobile_legit
0,0,1,33,331.4,False,False,False,False,0,111.0,3,2,0,mobile_legit
1,0,4,156,263.7,False,False,False,False,0,10.8,6,5,0,casual_legit
0,1,4,279,296.4,False,False,False,False,0,7.4,9,2,0,casual_legit
5,0,12,222,132.0,True,False,False,True,0,33.0,5,1,1,careful_human_attacker
0,0,3,175,215.8,False,False,False,True,0,7.3,7,4,0,casual_legit
0,1,5,28,285.6,False,False,False,False,0,52.9,3,3,0,mobile_legit
0,0,3,125,237.7,False,False,False,False,0,21.5,3,1,0,casual_legit
0,0,0,7,121.8,True,False,False,False,1,7.2,1,5,1,repeat_offender
0,0,2,285,260.6,False,False,False,False,0,29.9,12,3,0,casual_legit
3,1,18,6,,False,False,False,False,2,2.4,3,5,1,repeat_offender
0,0,3,7,,False,False,False,False,0,123.9,6,2,0,mobile_legit
0,0,7,204,188.8,True,False,False,False,0,6.9,9,2,0,casual_legit
0,0,0,96,265.6,False,False,False,True,0,54.7,10,5,0,casual_legit
0,0,7,157,283.3,False,False,False,False,0,22.4,7,2,0,casual_legit
1,0,5,219,239.7,True,False,False,True,0,88.3,4,3,0,casual_legit
6,2,23,0,57.2,False,False,False,False,1,10.1,0,1,1,credential_stuffing_bot
0,0,2,10,245.2,True,False,False,False,0,9.9,8,2,0,mobile_legit
1,0,16,0,25.9,True,True,False,True,0,4.3,0,1,1,credential_stuffing_bot
0,0,3,168,126.3,False,False,False,False,0,13.3,13,2,0,casual_legit
0,0,3,141,228.0,False,False,False,False,0,25.3,13,4,0,casual_legit
1,2,5,255,174.5,False,False,False,False,0,129.2,8,3,1,careful_human_attacker
0,0,7,71,316.0,True,False,False,False,0,38.7,8,1,0,legit_on_vpn
0,0,3,175,202.8,False,False,False,False,0,9.7,7,3,0,casual_legit
0,0,2,10,339.5,False,False,False,False,0,32.1,7,3,0,mobile_legit
1,0,2,177,252.2,False,False,False,False,0,57.3,11,4,0,legit_password_typo
1,0,5,130,198.0,True,False,False,False,0,42.2,8,2,0,legit_on_vpn
0,0,14,14,71.3,False,False,False,False,1,13.0,1,4,0,repeat_offender
4,0,7,1,38.2,True,False,True,True,1,0.7,1,1,1,credential_stuffing_bot
6,2,21,0,48.8,False,False,True,False,1,0.8,0,1,1,credential_stuffing_bot
0,0,3,81,299.1,False,False,False,False,0,20.4,10,2,0,casual_legit
0,0,5,146,311.1,False,False,False,False,0,25.2,7,1,0,casual_legit
2,0,5,5,152.5,True,False,True,True,4,1.3,0,2,1,repeat_offender
0,1,2,292,190.7,False,False,False,True,0,10.1,9,2,0,casual_legit
0,0,4,115,295.8,False,False,False,False,0,9.8,9,2,0,casual_legit
0,0,2,164,286.2,False,False,False,False,0,11.7,9,4,0,casual_legit
7,1,13,0,59.5,True,True,False,False,1,0.2,0,1,1,credential_stuffing_bot
5,0,43,0,22.1,False,True,False,False,1,5.6,1,1,1,credential_stuffing_bot
0,1,2,99,274.0,True,False,False,False,0,11.0,11,2,0,legit_on_vpn
0,0,3,242,233.3,False,False,False,False,0,11.7,15,3,0,casual_legit
0,0,3,253,278.3,False,False,False,False,0,44.4,9,2,0,casual_legit
0,0,3,229,246.2,False,False,False,False,0,88.1,4,1,0,casual_legit
0,0,2,208,295.8,False,False,False,False,0,23.4,9,1,0,casual_legit
0,0,2,6,432.8,False,False,False,False,0,36.8,6,1,0,mobile_legit
2,3,9,118,179.2,False,False,False,False,0,13.5,12,4,1,careful_human_attacker
0,0,3,124,239.5,True,False,False,False,0,31.0,6,2,0,legit_on_vpn
0,0,6,318,255.7,True,False,False,False,0,14.9,7,2,0,legit_password_typo
0,0,2,287,185.3,False,False,False,False,0,100.6,14,2,0,casual_legit
0,0,2,196,189.7,False,False,True,False,0,48.6,11,2,0,casual_legit
2,0,5,154,178.4,False,False,False,False,0,94.1,12,1,0,legit_password_typo
2,0,2,12,302.3,False,False,False,True,0,15.7,3,1,0,mobile_legit
3,1,17,6,104.6,False,False,True,False,3,8.2,1,4,1,repeat_offender
0,0,42,1,20.6,False,False,True,True,0,4.3,0,12,1,scraper_bot
0,0,2,326,119.0,True,False,False,False,0,26.1,10,2,0,casual_legit
0,0,1,148,154.7,False,False,False,False,0,63.6,7,2,0,casual_legit
2,0,17,1,39.3,True,False,False,False,1,3.2,1,4,1,credential_stuffing_bot
0,0,7,145,248.6,False,False,False,False,0,28.3,8,1,0,legit_password_typo
0,0,1,11,373.8,False,False,False,False,0,5.0,8,3,0,mobile_legit
0,0,3,8,357.8,False,False,False,False,0,35.6,3,2,0,mobile_legit
7,1,24,0,35.0,False,True,True,False,0,1.2,0,2,1,credential_stuffing_bot
1,0,23,14,165.4,False,False,False,True,3,5.0,0,5,1,repeat_offender
0,0,2,123,258.9,False,False,False,True,0,72.5,10,2,0,casual_legit
0,0,3,268,206.5,False,False,False,False,0,16.1,10,2,0,casual_legit
0,0,58,0,,False,False,True,True,0,3.3,0,11,1,scraper_bot
1,0,1,0,324.7,False,False,False,True,0,19.9,9,1,0,mobile_legit
0,1,4,238,245.7,False,True,False,False,0,32.2,6,1,1,casual_legit
0,0,1,172,226.3,False,False,False,False,0,20.2,9,4,1,casual_legit
1,0,5,260,195.6,False,False,False,False,0,77.3,9,2,0,casual_legit
2,0,4,194,205.9,False,False,False,False,0,69.1,8,4,0,legit_password_typo
0,0,5,150,267.6,False,False,False,True,0,73.8,9,3,0,casual_legit
4,1,9,140,286.4,False,False,False,False,0,6.4,9,4,1,careful_human_attacker
0,0,5,231,161.9,False,False,False,False,0,23.3,12,1,0,casual_legit
0,0,16,10,96.5,True,False,False,False,1,5.3,4,2,1,repeat_offender
1,0,19,11,150.4,True,False,False,False,3,9.1,2,5,1,repeat_offender
0,0,46,0,58.3,True,True,True,False,0,5.2,1,11,1,scraper_bot
0,3,15,16,74.4,True,False,False,True,0,5.5,1,5,0,repeat_offender
1,4,4,125,157.2,True,False,False,False,0,25.7,3,3,0,careful_human_attacker
0,0,3,8,187.2,False,False,False,True,1,3.2,2,5,1,repeat_offender
5,0,24,1,46.0,True,False,False,True,0,1.6,0,2,1,credential_stuffing_bot
0,0,1,232,315.5,False,False,False,False,0,24.3,16,2,1,casual_legit
4,3,4,159,268.2,True,False,False,True,2,11.7,10,1,1,careful_human_attacker
4,0,4,1,,False,False,False,False,0,1.8,0,2,1,credential_stuffing_bot
1,0,3,302,180.6,False,False,False,False,0,28.6,6,2,0,casual_legit
1,1,2,7,82.0,True,True,False,True,4,10.2,0,9,1,repeat_offender
5,1,8,196,193.6,True,False,False,False,1,38.4,4,2,1,careful_human_attacker
1,0,3,8,286.5,False,False,False,False,0,82.2,3,3,0,mobile_legit
4,0,32,1,58.3,True,False,False,False,0,0.5,0,1,1,credential_stuffing_bot
0,0,2,22,261.8,False,False,False,False,0,41.2,5,2,0,mobile_legit
0,0,3,105,178.0,False,False,False,False,0,85.6,11,5,0,legit_password_typo
0,0,4,142,245.6,True,False,False,False,0,7.7,10,5,0,casual_legit
1,0,4,122,136.4,False,False,False,False,0,14.6,7,4,1,casual_legit
7,1,33,0,,False,True,False,False,1,1.4,0,1,1,credential_stuffing_bot
0,0,4,189,296.5,False,False,False,False,0,18.5,10,2,0,casual_legit
3,1,23,0,15.0,True,False,True,True,0,3.2,1,1,1,credential_stuffing_bot
3,2,39,0,,False,True,False,True,0,1.5,2,2,1,credential_stuffing_bot
0,0,2,28,336.1,False,False,False,False,0,64.5,3,1,0,mobile_legit
3,1,16,0,38.8,False,True,True,False,0,1.5,0,1,1,credential_stuffing_bot
0,0,1,134,322.0,False,False,False,False,0,72.0,13,1,0,legit_password_typo
0,0,2,18,260.4,False,False,False,False,0,24.9,6,3,0,mobile_legit
0,0,3,293,128.6,False,False,False,False,0,64.7,7,2,0,casual_legit
1,0,43,0,,True,True,True,True,0,0.9,1,15,1,scraper_bot
2,5,9,163,244.9,True,False,False,False,0,6.6,7,2,1,careful_human_attacker
0,0,4,85,215.8,False,False,False,False,0,63.3,5,1,0,casual_legit
0,0,6,218,160.2,False,False,False,False,0,11.3,8,1,0,casual_legit
0,1,26,0,,True,True,True,False,1,1.4,0,15,1,scraper_bot
0,0,3,22,365.4,False,False,False,False,0,15.6,4,1,0,mobile_legit
0,0,4,29,,False,False,False,True,0,134.1,6,3,0,mobile_legit
0,0,1,32,363.6,False,False,True,True,0,12.7,6,1,0,mobile_legit
0,0,4,146,198.0,False,False,False,False,0,29.3,10,1,0,legit_on_vpn
4,0,41,1,,True,True,True,False,0,3.5,0,2,1,credential_stuffing_bot
4,0,19,1,19.5,False,False,True,False,0,0.7,0,2,1,credential_stuffing_bot
4,0,32,0,36.2,True,False,True,True,0,2.7,0,1,1,credential_stuffing_bot
5,1,15,11,,False,True,True,True,4,3.0,1,6,1,repeat_offender
0,0,1,182,235.9,False,False,False,False,0,15.0,6,3,0,casual_legit
5,1,26,0,,False,True,True,False,0,0.6,0,1,1,credential_stuffing_bot
7,0,26,0,24.8,True,False,True,False,0,1.3,0,2,1,credential_stuffing_bot
0,0,2,0,193.5,True,False,False,False,0,9.4,8,4,0,mobile_legit
0,0,4,241,272.0,False,False,False,False,0,9.6,11,4,0,casual_legit
0,0,2,162,212.0,False,False,False,False,0,20.4,10,3,0,casual_legit
2,2,9,4,,True,True,False,True,1,1.5,0,3,1,credential_stuffing_bot
1,0,33,0,63.6,False,False,True,True,0,0.9,0,11,1,scraper_bot
0,0,38,3,,False,True,True,False,1,1.8,0,11,1,scraper_bot
5,3,2,102,205.7,False,False,False,False,0,5.0,5,4,1,careful_human_attacker
3,0,9,5,23.0,False,True,False,False,0,3.4,2,3,1,repeat_offender
1,0,6,282,206.1,False,False,True,True,0,97.1,9,2,0,legit_password_typo
0,0,5,189,193.1,True,False,False,False,0,13.2,8,2,0,casual_legit
0,0,5,186,215.1,False,False,False,True,0,34.8,5,2,0,casual_legit
0,0,4,58,276.8,False,False,False,False,0,20.2,12,4,0,casual_legit
1,0,4,3,304.5,False,False,False,False,0,69.2,5,1,0,mobile_legit
0,0,3,300,211.4,False,False,False,False,0,6.6,9,2,0,casual_legit
0,0,3,161,234.5,False,False,False,False,0,15.4,11,1,0,casual_legit
0,0,3,30,332.7,False,False,False,False,0,21.4,6,1,0,mobile_legit
0,1,3,175,256.8,True,False,True,False,0,21.6,10,4,0,legit_on_vpn
0,0,4,101,271.5,False,False,False,False,0,24.1,9,4,0,casual_legit
0,0,2,181,200.2,False,False,False,False,0,60.0,9,1,0,casual_legit
0,0,2,189,206.2,False,False,False,False,0,18.3,7,6,0,casual_legit
0,0,3,10,307.9,False,False,False,False,0,9.5,1,2,0,mobile_legit
0,0,1,30,336.2,False,False,False,False,0,8.4,10,2,0,mobile_legit
3,3,15,190,202.1,True,True,False,True,0,37.1,11,4,1,careful_human_attacker
0,0,3,15,,False,False,False,False,0,11.1,4,3,0,mobile_legit
0,0,4,0,388.7,False,False,False,True,0,22.6,7,1,0,mobile_legit
0,0,1,148,273.8,False,False,False,False,0,20.5,11,2,0,casual_legit
1,0,25,1,27.7,True,True,False,True,0,3.0,0,20,1,scraper_bot
0,1,30,0,62.9,False,True,True,False,0,2.1,0,20,1,scraper_bot
0,0,3,128,276.0,False,False,False,False,0,79.2,6,3,0,casual_legit
1,0,1,226,204.3,False,False,False,True,0,116.8,4,2,0,casual_legit
8,0,21,1,32.7,True,True,True,False,1,2.5,1,1,1,credential_stuffing_bot
2,1,7,7,123.0,False,True,False,False,1,5.6,0,3,1,repeat_offender
5,1,39,1,,True,True,True,True,0,0.2,0,1,1,credential_stuffing_bot
0,1,3,7,247.9,False,False,False,True,0,13.9,9,2,0,mobile_legit
5,1,39,0,40.4,True,True,True,True,0,0.3,1,1,1,credential_stuffing_bot
0,0,6,144,249.0,False,False,False,False,0,6.7,8,3,0,casual_legit
0,0,4,132,170.5,False,False,False,True,0,15.1,12,1,1,casual_legit
1,0,6,10,89.4,True,False,False,False,3,13.2,1,3,1,repeat_offender
6,4,10,170,246.5,False,False,False,False,1,9.9,7,2,1,careful_human_attacker
0,0,2,16,302.3,False,False,False,False,0,32.5,7,1,0,mobile_legit
0,0,1,10,286.4,False,False,False,False,0,41.4,2,4,0,mobile_legit
0,0,4,164,208.8,False,False,False,True,0,60.5,11,1,0,casual_legit
0,0,6,213,269.8,False,False,False,False,0,13.0,7,3,0,casual_legit
1,0,4,212,334.4,False,False,False,False,0,17.3,10,2,0,casual_legit
4,3,43,1,15.0,True,True,False,True,0,0.8,0,1,1,credential_stuffing_bot
0,1,31,1,,False,True,True,True,1,0.8,0,17,1,scraper_bot
4,0,18,0,53.8,False,True,True,True,1,4.8,0,1,0,credential_stuffing_bot
0,1,6,53,237.4,True,False,False,False,0,153.4,12,1,0,legit_on_vpn
0,0,1,7,278.4,False,False,False,False,0,157.4,4,3,0,mobile_legit
1,0,13,5,81.6,True,False,False,False,0,8.0,5,5,1,repeat_offender
1,0,6,199,104.6,False,False,False,False,0,48.8,9,1,0,legit_password_typo
0,0,2,13,243.2,False,False,False,False,0,60.5,7,5,0,mobile_legit
0,0,62,0,62.1,False,True,True,True,0,2.4,0,15,1,scraper_bot
0,0,4,219,150.8,True,False,False,False,0,9.7,6,3,0,legit_on_vpn
4,0,30,0,45.5,True,False,False,False,1,1.9,0,2,1,credential_stuffing_bot
0,0,5,22,262.0,True,False,False,False,0,16.1,6,3,0,mobile_legit
0,0,1,26,359.6,False,False,False,False,0,76.2,6,3,0,mobile_legit
3,1,25,0,15.0,True,True,True,False,0,2.0,0,1,1,credential_stuffing_bot
0,0,4,275,283.9,False,False,False,True,0,37.5,5,2,0,casual_legit
0,0,4,209,193.3,False,False,False,False,0,17.4,7,1,0,casual_legit
2,1,14,0,40.8,True,True,True,True,3,1.3,0,2,1,credential_stuffing_bot
1,0,5,180,210.7,False,False,False,False,0,45.1,7,2,0,legit_password_typo
5,2,27,0,34.1,False,False,True,True,0,1.0,0,1,1,credential_stuffing_bot
1,1,8,181,188.1,False,False,False,False,0,42.7,9,2,0,legit_password_typo
0,0,0,248,,False,False,False,False,0,42.2,11,2,0,casual_legit
0,0,3,8,206.8,False,False,False,False,0,5.1,7,1,0,mobile_legit
0,0,2,198,239.9,False,False,False,False,0,48.0,13,2,0,casual_legit
0,0,1,13,371.0,False,False,False,False,0,12.3,7,1,0,mobile_legit
0,0,5,226,246.0,False,False,False,False,0,13.4,8,2,0,casual_legit
0,0,3,186,213.9,False,False,False,False,0,16.2,5,2,0,casual_legit
3,0,31,0,36.8,True,False,True,False,1,0.3,0,1,1,credential_stuffing_bot
7,2,9,195,252.6,True,False,True,True,0,8.0,5,2,1,careful_human_attacker
0,0,6,1,304.7,False,False,False,False,0,22.6,1,2,0,mobile_legit
3,2,39,1,30.0,False,False,False,True,0,0.4,1,2,1,credential_stuffing_bot
2,0,5,127,256.6,False,False,False,False,0,9.7,6,4,1,careful_human_attacker
5,0,9,0,29.5,True,True,False,False,0,0.6,0,1,1,credential_stuffing_bot
5,1,12,0,,True,True,True,True,0,0.2,0,4,1,credential_stuffing_bot
1,1,5,34,,False,False,False,False,0,48.5,12,2,0,mobile_legit
0,0,0,239,229.0,False,False,False,False,0,20.1,9,2,0,casual_legit
5,0,35,2,,False,True,False,True,1,0.2,0,4,1,credential_stuffing_bot
0,0,4,214,308.5,False,True,False,False,0,23.6,11,1,1,casual_legit
1,1,3,143,143.6,False,False,False,False,0,19.1,10,2,0,legit_password_typo
0,0,2,32,309.3,True,False,False,False,0,44.2,4,4,0,mobile_legit
2,2,11,99,163.7,True,False,True,True,0,32.6,11,8,1,careful_human_attacker
0,0,16,1,,True,True,True,False,0,2.2,1,13,1,scraper_bot
0,0,2,99,231.0,False,False,False,False,0,78.7,12,2,0,legit_password_typo
2,0,25,0,,True,False,True,False,0,0.5,0,1,1,credential_stuffing_bot
0,0,2,23,195.1,False,False,False,False,0,15.6,5,1,0,mobile_legit
0,0,7,79,181.7,True,False,False,False,0,8.8,8,2,0,casual_legit
0,0,4,128,256.1,True,False,False,True,0,22.7,5,1,0,legit_on_vpn
3,0,44,0,,False,True,True,False,1,0.9,1,3,1,credential_stuffing_bot
5,0,4,188,241.3,False,False,False,False,0,24.3,16,1,0,legit_password_typo
0,1,32,0,60.0,False,False,True,False,0,2.0,2,11,1,scraper_bot
4,1,14,7,51.8,False,False,False,False,2,4.9,1,3,1,repeat_offender
0,0,5,159,245.6,False,False,False,False,0,48.1,10,2,0,legit_password_typo
0,0,3,188,196.7,False,False,False,False,0,98.6,7,3,0,casual_legit
0,1,33,0,,False,False,True,False,0,1.5,2,12,0,scraper_bot
0,1,6,13,305.1,True,False,False,False,0,101.3,9,3,0,legit_on_vpn
4,2,11,7,,False,False,False,True,1,2.2,3,4,1,repeat_offender
0,0,2,132,247.3,True,True,False,False,0,27.1,5,2,0,legit_on_vpn
0,0,4,187,231.6,False,False,False,False,0,77.7,8,2,0,casual_legit
1,0,5,111,149.6,False,False,False,False,0,80.9,15,3,0,legit_password_typo
0,0,1,113,224.7,False,False,False,False,0,29.3,8,3,0,casual_legit
2,0,32,0,31.0,False,True,True,False,2,3.2,0,1,1,credential_stuffing_bot
0,0,1,10,157.2,False,False,False,False,0,91.2,14,2,0,casual_legit
2,0,2,120,169.7,False,False,False,False,0,84.5,9,5,0,casual_legit
0,0,5,300,198.0,False,False,False,True,0,20.5,6,3,0,casual_legit
3,0,17,5,54.5,False,True,True,True,1,13.7,1,4,1,repeat_offender
0,1,7,223,283.4,False,False,False,False,0,8.7,8,2,0,casual_legit
2,2,9,124,143.3,True,False,False,True,0,32.9,6,3,1,careful_human_attacker
0,0,2,196,322.4,False,False,False,False,0,34.9,6,3,0,casual_legit
5,1,44,1,26.0,True,False,False,True,4,6.0,1,1,1,credential_stuffing_bot
1,0,3,154,265.5,False,False,False,False,0,85.1,10,1,0,legit_password_typo
0,0,1,19,326.5,False,False,False,False,0,8.5,6,3,0,mobile_legit
0,0,5,263,218.0,False,False,False,False,0,50.8,13,4,0,casual_legit
1,0,2,85,279.4,False,False,False,False,0,13.4,11,2,0,legit_password_typo
0,0,3,203,135.2,False,False,False,False,0,62.1,7,4,0,casual_legit
1,0,5,60,203.1,True,False,False,False,0,37.3,11,2,0,legit_on_vpn
0,0,1,76,212.3,True,False,False,True,0,29.3,4,5,0,legit_on_vpn
0,0,2,14,247.4,False,False,False,False,0,18.7,6,4,0,mobile_legit
1,1,3,183,269.7,True,False,False,True,0,18.5,5,3,1,careful_human_attacker
5,0,17,0,40.6,True,True,False,False,1,0.6,0,1,1,credential_stuffing_bot
2,0,4,173,209.2,False,False,False,False,0,26.9,13,3,0,legit_password_typo
1,0,3,0,318.6,False,False,False,False,0,25.2,10,5,0,mobile_legit
1,0,1,205,226.7,True,False,False,False,0,24.7,7,2,0,legit_on_vpn
2,0,3,125,137.1,False,False,False,True,0,21.5,9,2,0,legit_password_typo
4,0,17,8,93.6,True,False,False,False,2,6.0,0,6,1,repeat_offender
0,0,4,276,154.2,False,False,False,False,0,38.6,11,3,0,casual_legit
0,0,6,196,299.0,True,False,False,False,0,40.6,5,1,0,legit_on_vpn
0,0,1,8,289.8,False,False,False,False,0,10.9,7,3,0,mobile_legit
4,1,31,0,,False,False,True,False,0,1.2,0,2,1,credential_stuffing_bot
0,0,6,153,281.4,True,False,False,False,0,135.3,15,4,0,legit_on_vpn
0,0,3,163,234.3,True,False,False,False,0,39.0,6,5,0,casual_legit
0,0,3,198,,False,False,False,False,0,65.0,12,3,0,casual_legit
5,2,13,0,17.6,True,False,True,True,1,0.3,0,1,1,credential_stuffing_bot
0,0,5,115,227.9,False,False,False,True,0,11.7,5,4,0,casual_legit
1,0,2,34,246.7,False,False,False,False,0,11.2,6,2,0,mobile_legit
5,0,14,0,,True,False,True,True,0,1.7,1,1,1,credential_stuffing_bot
0,0,5,162,231.5,False,False,False,False,0,43.4,8,3,0,casual_legit
0,0,6,172,298.0,False,False,False,True,0,23.0,8,2,0,casual_legit
0,0,21,0,,False,True,False,False,0,1.9,1,18,1,scraper_bot
1,2,8,8,116.7,True,False,False,True,3,13.6,3,6,1,repeat_offender
1,0,0,122,204.5,False,False,False,False,0,88.7,7,4,0,legit_password_typo
0,0,26,0,,False,True,False,True,2,0.3,0,14,1,scraper_bot
0,0,26,0,,True,True,True,False,0,1.9,0,17,1,scraper_bot
0,0,1,0,339.2,False,False,False,False,0,28.9,4,4,0,mobile_legit
1,1,2,2,294.6,False,False,True,False,0,42.2,4,3,0,mobile_legit
0,0,4,222,274.1,False,False,False,True,0,6.7,8,3,0,casual_legit
0,0,4,149,217.1,False,False,False,False,0,65.4,8,4,0,casual_legit
2,0,42,2,,False,False,True,False,0,3.0,1,9,1,scraper_bot
4,3,6,2,30.7,False,False,False,False,1,0.8,1,1,1,credential_stuffing_bot
4,0,13,6,33.2,False,False,True,True,1,1.4,1,1,1,repeat_offender
5,1,17,1,47.7,False,True,True,True,0,0.8,0,3,1,credential_stuffing_bot
0,0,5,154,187.7,False,True,False,True,0,34.0,9,2,0,casual_legit
1,0,11,8,100.1,True,True,True,False,1,10.4,3,5,1,repeat_offender
0,0,40,1,,False,True,True,False,0,0.8,0,12,1,scraper_bot
2,2,9,157,170.9,False,True,False,False,0,56.6,4,3,1,careful_human_attacker
0,0,1,57,209.9,False,False,False,True,0,19.6,5,3,0,mobile_legit
5,0,11,1,,True,False,True,False,0,1.8,1,1,1,credential_stuffing_bot
1,0,52,1,41.5,False,True,True,True,0,2.5,2,14,1,scraper_bot
0,0,2,117,275.5,False,False,False,False,0,8.3,9,2,0,casual_legit
0,0,3,148,191.6,False,False,False,False,0,44.7,10,2,0,casual_legit
4,0,6,125,252.4,False,False,False,False,0,130.8,12,2,0,legit_password_typo
0,0,5,221,,True,False,False,True,0,46.2,4,4,0,legit_on_vpn
0,0,3,124,131.2,False,False,False,False,0,13.6,7,3,0,casual_legit
4,1,28,2,44.4,True,False,False,False,0,1.6,0,2,0,credential_stuffing_bot
0,0,3,116,221.5,False,False,False,False,0,50.9,11,4,0,casual_legit
0,0,29,0,72.1,False,True,True,False,0,3.5,0,11,1,scraper_bot
3,0,12,8,36.2,True,True,False,True,1,4.4,2,2,1,repeat_offender
0,0,9,9,71.2,False,False,False,True,0,3.0,0,2,1,repeat_offender
0,0,2,107,201.1,False,False,False,False,0,11.6,9,3,0,casual_legit
0,0,5,101,209.9,False,False,False,False,0,89.1,8,2,0,casual_legit
0,0,2,21,249.3,False,False,False,True,0,17.1,8,3,0,mobile_legit
0,0,2,133,272.9,True,False,False,False,0,10.2,7,2,1,legit_on_vpn
0,0,4,114,227.5,False,False,False,False,0,24.7,12,3,0,casual_legit
0,0,4,31,339.8,False,False,False,False,0,13.2,4,5,0,mobile_legit
8,1,26,0,,False,True,True,True,0,1.9,0,2,0,credential_stuffing_bot
1,0,11,10,,True,False,True,False,2,2.6,1,5,0,repeat_offender
0,0,2,80,150.2,False,False,False,False,0,12.1,10,5,0,casual_legit
0,0,43,1,,True,True,True,False,0,0.8,1,9,1,scraper_bot
0,0,4,155,191.8,False,False,False,False,0,11.3,16,1,0,casual_legit
1,2,3,10,,True,True,True,True,1,5.3,5,3,1,repeat_offender
0,0,4,38,232.7,False,False,False,True,0,66.6,8,2,0,mobile_legit
0,0,45,0,55.8,False,True,True,True,0,2.8,0,12,1,scraper_bot
1,0,16,9,105.6,True,False,True,False,3,2.0,1,3,1,repeat_offender
3,1,8,122,314.5,True,False,False,True,0,29.0,10,4,1,careful_human_attacker
0,0,4,17,271.3,False,False,False,False,0,7.7,3,2,0,mobile_legit
2,1,27,2,33.5,True,False,False,True,0,1.2,0,1,1,credential_stuffing_bot
1,0,52,0,,True,True,True,True,0,3.5,0,24,1,scraper_bot
1,5,5,60,263.1,False,False,False,False,2,37.5,6,4,1,careful_human_attacker
1,0,56,1,49.2,True,True,False,False,0,8.7,0,13,1,scraper_bot
1,0,4,3,286.7,False,False,False,True,0,58.3,6,1,0,mobile_legit
0,0,2,2,403.1,False,False,False,True,0,23.1,6,4,0,mobile_legit
1,0,53,1,,True,True,True,True,0,2.2,1,19,1,scraper_bot
5,1,37,1,59.7,False,True,False,True,0,0.4,0,2,1,credential_stuffing_bot
0,0,2,35,351.6,False,False,False,False,0,74.4,6,1,0,mobile_legit
0,1,4,218,229.1,False,False,False,True,0,139.2,20,3,0,legit_password_typo
0,0,2,168,268.9,False,False,False,True,0,17.9,9,5,0,casual_legit
0,0,4,192,214.3,False,False,False,False,0,64.6,6,4,0,casual_legit
0,0,1,0,,False,False,False,True,0,11.1,6,2,0,mobile_legit
0,0,39,0,,False,True,True,False,0,2.6,0,16,1,scraper_bot
0,0,38,1,,False,False,True,False,0,1.2,0,14,1,scraper_bot
1,1,2,136,234.2,False,False,False,False,0,169.7,6,4,0,casual_legit
2,0,6,206,228.7,False,False,False,False,0,107.8,6,1,0,legit_password_typo
0,0,3,177,,False,False,False,False,0,69.3,7,3,0,casual_legit
2,1,3,211,263.9,False,False,False,True,0,48.3,7,2,1,careful_human_attacker
0,0,3,184,241.6,False,False,False,False,0,129.5,8,2,0,casual_legit
2,0,29,0,,True,False,True,False,1,0.3,1,2,1,credential_stuffing_bot
0,0,5,260,232.6,True,False,False,True,0,46.1,10,4,0,legit_on_vpn
0,0,0,46,298.4,False,False,False,False,0,12.5,9,2,0,mobile_legit
0,0,37,0,,True,False,True,True,0,1.4,0,20,1,scraper_bot
2,2,4,178,295.5,False,True,False,False,1,17.5,8,3,1,careful_human_attacker
0,0,53,1,34.1,False,True,True,False,0,1.9,1,13,1,scraper_bot
2,3,5,169,204.0,False,False,False,False,3,18.4,6,2,0,careful_human_attacker
0,0,1,0,312.7,False,False,False,False,0,129.7,6,1,0,mobile_legit
0,0,4,217,276.6,False,False,False,False,0,6.8,8,4,0,casual_legit
0,0,2,147,245.6,False,False,False,False,0,11.3,10,3,0,casual_legit
0,0,32,1,15.0,False,True,True,True,0,1.3,1,18,1,scraper_bot
0,0,3,224,177.7,False,False,False,False,0,112.8,10,3,0,casual_legit
0,0,2,275,241.0,False,False,False,False,0,86.8,10,1,0,casual_legit
4,0,20,0,38.5,True,True,False,True,1,1.6,0,2,1,credential_stuffing_bot
0,0,23,0,,False,True,True,False,0,1.3,0,15,1,scraper_bot
3,2,7,109,217.3,False,False,False,True,0,26.7,9,5,1,careful_human_attacker
0,0,2,166,174.2,False,False,False,True,0,17.8,6,2,0,casual_legit
0,0,3,38,181.6,False,False,False,False,0,25.6,11,4,0,mobile_legit
0,1,3,126,143.0,False,False,False,False,0,58.5,11,3,0,casual_legit
1,0,4,139,211.2,False,False,False,False,0,52.8,6,1,0,casual_legit
0,0,1,171,241.8,False,False,False,False,0,42.4,11,5,0,legit_on_vpn
0,0,5,184,261.8,True,False,False,False,0,232.9,11,2,0,legit_on_vpn
0,0,2,193,194.1,False,False,False,False,0,18.9,6,2,0,casual_legit
5,1,9,1,44.4,True,True,True,True,0,4.4,1,2,1,credential_stuffing_bot
0,0,41,0,,False,True,True,False,0,9.0,0,13,1,scraper_bot
0,0,0,27,,False,False,False,False,0,16.1,2,2,0,mobile_legit
7,2,21,0,50.7,True,False,True,True,0,0.2,0,2,1,credential_stuffing_bot
0,0,5,145,219.2,False,False,False,False,0,8.5,9,2,0,casual_legit
0,1,1,128,183.8,True,False,False,False,0,8.6,6,4,0,legit_on_vpn
0,0,4,213,191.2,False,False,False,False,0,12.7,5,3,0,casual_legit
0,0,5,282,189.3,False,False,False,False,0,5.2,6,1,0,casual_legit
0,0,4,243,214.3,False,False,False,True,0,35.0,13,4,0,casual_legit
0,0,1,62,179.9,False,False,False,False,0,50.8,8,7,0,casual_legit
0,0,2,285,236.7,False,False,False,False,0,78.0,8,4,0,casual_legit
4,2,7,198,175.3,False,False,False,False,1,17.1,11,4,1,careful_human_attacker
2,0,19,10,71.9,True,True,False,True,6,4.7,2,6,1,repeat_offender
0,0,3,24,226.4,False,False,False,False,0,10.9,6,2,0,mobile_legit
2,2,7,9,63.5,True,False,False,False,5,2.8,1,5,1,repeat_offender
0,0,4,209,256.1,False,False,False,False,0,104.0,8,2,0,casual_legit
4,0,6,0,,True,False,True,True,0,3.0,0,1,1,credential_stuffing_bot
5,2,11,56,221.1,True,True,False,False,0,20.4,6,1,1,careful_human_attacker
0,0,2,112,203.9,True,False,False,False,0,21.8,3,2,0,legit_on_vpn
2,2,4,249,206.7,True,False,True,True,0,73.3,7,3,1,careful_human_attacker
1,0,2,163,,False,False,False,False,0,15.8,13,1,0,casual_legit
0,0,3,143,221.8,False,False,False,False,0,14.7,11,3,0,casual_legit
0,0,4,181,235.4,False,False,False,True,0,45.7,8,3,0,casual_legit
0,0,4,155,191.2,False,False,False,True,0,19.9,9,2,0,casual_legit
0,0,3,94,211.7,False,False,False,False,0,199.4,14,4,0,casual_legit
1,0,3,218,295.0,True,True,False,True,0,5.7,10,2,0,legit_on_vpn
1,0,2,0,314.0,False,False,False,True,0,35.5,10,5,0,mobile_legit
2,2,25,0,,True,False,True,True,0,1.1,0,2,1,credential_stuffing_bot
2,0,18,12,176.8,False,False,False,False,3,6.8,6,4,1,repeat_offender
0,0,5,244,174.5,True,False,False,True,0,63.9,9,4,0,legit_on_vpn
0,0,2,321,163.6,False,False,False,False,0,11.5,7,2,0,casual_legit
0,0,47,1,24.0,False,False,True,False,0,2.9,0,17,1,scraper_bot
0,0,3,38,341.9,False,False,False,True,0,61.2,9,3,0,mobile_legit
0,0,0,31,309.7,False,False,True,True,1,27.9,8,3,0,mobile_legit
0,0,2,16,318.0,False,False,True,False,0,34.9,2,2,0,mobile_legit
0,0,1,235,279.6,False,False,False,False,0,12.7,7,3,0,casual_legit
0,0,3,4,,False,False,False,False,0,57.3,9,5,0,mobile_legit
0,0,24,0,,False,True,True,False,1,12.6,1,14,1,scraper_bot
0,0,4,257,169.0,True,False,False,True,0,62.8,10,2,0,legit_on_vpn
0,0,28,2,49.9,False,True,False,True,0,2.0,0,15,1,scraper_bot
1,0,2,104,200.7,False,False,False,False,0,283.0,14,3,0,legit_password_typo
1,0,3,116,257.5,False,False,False,False,0,27.1,4,4,0,legit_password_typo
1,0,17,8,15.0,True,False,False,False,1,2.6,1,4,1,repeat_offender
0,0,2,233,175.4,True,False,False,False,0,36.6,11,2,0,legit_on_vpn
0,0,31,1,,False,True,True,True,0,1.2,0,16,1,scraper_bot
0,0,4,43,242.6,False,False,False,False,0,20.7,11,1,0,casual_legit
0,0,3,149,224.3,False,False,False,False,0,6.9,6,1,0,casual_legit
0,0,2,229,168.7,False,False,False,False,0,15.9,12,1,0,casual_legit
3,0,32,1,15.0,True,False,True,False,0,1.3,0,1,1,credential_stuffing_bot
2,0,5,119,263.6,False,False,False,False,0,40.0,8,3,0,legit_password_typo
1,0,4,264,198.8,False,False,False,False,0,64.0,2,2,0,casual_legit
1,1,1,104,213.0,False,False,False,False,0,11.7,6,5,0,casual_legit
2,1,22,1,,True,False,False,False,1,1.3,0,1,1,credential_stuffing_bot
3,2,11,116,127.9,False,True,False,True,0,34.1,4,2,1,careful_human_attacker
3,1,2,193,246.0,False,False,False,False,2,21.5,4,5,1,careful_human_attacker
0,0,3,25,,False,False,False,False,0,102.0,3,2,0,mobile_legit
0,0,4,275,185.7,True,False,False,True,0,33.2,10,1,0,casual_legit
2,0,5,87,217.2,False,False,False,True,0,323.7,4,4,0,legit_password_typo
1,0,42,1,44.2,False,True,True,True,0,1.8,0,12,1,scraper_bot
1,0,2,19,335.7,False,False,False,False,0,21.4,6,1,0,mobile_legit
0,0,1,349,249.6,False,False,False,False,0,13.9,9,3,0,casual_legit
0,0,4,273,306.5,False,False,False,True,0,15.0,6,2,0,casual_legit
1,0,4,196,200.5,False,False,False,False,0,75.3,9,3,0,casual_legit
4,0,31,0,,True,False,True,False,0,2.6,0,2,1,credential_stuffing_bot
0,0,2,42,187.9,False,False,False,False,0,16.1,9,1,0,casual_legit
2,0,17,0,52.1,True,False,True,False,0,0.4,0,21,1,scraper_bot
6,1,36,1,,False,False,False,False,0,1.3,0,1,1,credential_stuffing_bot
1,0,20,3,124.6,True,False,False,False,0,2.8,2,3,1,repeat_offender
5,2,24,0,43.4,False,True,True,True,0,1.3,0,1,0,credential_stuffing_bot
0,1,1,87,276.2,True,False,False,False,0,17.5,6,3,0,legit_on_vpn
5,1,7,0,24.7,True,False,True,True,0,3.0,0,1,1,credential_stuffing_bot
0,0,3,14,252.9,False,False,False,False,0,25.2,6,3,0,mobile_legit
0,0,53,0,,False,False,True,True,0,3.3,1,17,1,scraper_bot
1,0,2,0,327.6,False,False,False,False,0,13.2,7,1,0,mobile_legit
0,0,3,136,249.8,False,False,False,False,0,21.0,9,2,0,casual_legit
0,0,3,156,189.7,False,False,False,False,0,11.5,13,5,1,casual_legit
1,0,2,164,249.7,False,False,False,False,0,21.4,16,4,0,legit_password_typo
0,0,3,180,74.1,False,False,False,False,0,18.3,9,3,1,legit_password_typo
2,0,4,127,292.0,True,False,False,False,0,10.5,6,2,0,legit_password_typo
0,0,3,111,,False,False,False,False,0,65.5,8,1,0,casual_legit
0,0,2,103,171.4,False,False,False,False,0,34.8,10,2,0,casual_legit
1,2,6,46,126.9,True,False,False,False,0,30.4,11,2,1,careful_human_attacker
3,1,18,0,17.8,False,False,False,False,1,1.2,0,2,1,credential_stuffing_bot
1,0,40,0,,False,False,True,False,0,2.3,0,13,1,scraper_bot
3,4,13,176,186.4,False,False,False,True,1,40.7,9,4,1,careful_human_attacker
0,0,2,222,201.4,False,False,False,False,0,14.9,5,1,0,casual_legit
0,0,3,0,314.3,False,False,False,True,0,60.4,4,4,0,mobile_legit
1,0,0,6,225.3,False,False,False,False,1,30.9,5,1,0,mobile_legit
2,1,8,139,110.0,False,False,False,False,1,29.3,6,2,1,careful_human_attacker
4,2,4,42,156.4,False,True,False,False,0,30.9,3,6,1,careful_human_attacker
2,2,7,7,,True,False,True,True,3,4.5,2,4,1,repeat_offender
0,0,23,3,,False,True,False,False,0,22.1,0,15,1,scraper_bot
3,0,5,119,274.1,False,False,False,True,0,7.4,7,4,0,casual_legit
3,0,8,139,,False,True,False,True,2,26.1,10,5,1,careful_human_attacker
1,0,5,239,175.9,False,False,False,True,0,39.2,8,4,0,legit_password_typo
0,0,2,1,33.0,False,False,True,False,0,2.7,0,16,1,scraper_bot
0,0,1,117,281.1,False,False,False,False,0,63.0,11,3,0,casual_legit
0,0,4,16,,False,False,False,False,0,23.8,5,4,1,mobile_legit
0,0,1,140,246.4,False,False,False,False,0,9.2,3,2,1,casual_legit
3,0,12,6,15.0,True,True,False,False,4,10.7,2,2,1,repeat_offender
2,2,50,0,38.5,True,True,True,False,3,1.9,0,2,1,credential_stuffing_bot
0,0,2,96,190.7,False,False,False,False,0,59.5,14,1,0,legit_password_typo
4,2,7,10,69.1,False,False,True,False,4,5.5,1,5,1,repeat_offender
6,0,7,137,184.8,True,False,False,True,0,15.9,4,5,1,careful_human_attacker
0,0,3,270,201.8,False,False,False,True,0,22.6,6,3,0,casual_legit
0,0,3,120,,False,False,False,True,0,60.0,13,3,0,casual_legit
5,0,4,0,20.0,False,True,False,False,1,0.8,0,1,1,credential_stuffing_bot
2,0,5,67,230.7,False,False,False,False,0,124.7,4,2,0,legit_password_typo
0,0,3,225,183.6,False,False,False,False,0,102.8,9,1,0,casual_legit
2,0,3,246,200.2,False,False,False,False,0,37.5,9,2,0,legit_password_typo
0,0,1,225,165.7,False,False,False,False,0,61.0,10,2,0,casual_legit
0,0,3,196,242.3,True,True,False,False,0,8.5,5,4,0,legit_on_vpn
0,0,2,179,,False,False,False,True,0,32.1,7,1,0,casual_legit
0,0,4,9,255.1,False,False,False,False,0,134.5,14,3,0,mobile_legit
0,0,0,39,347.4,True,False,False,True,0,82.9,9,3,0,mobile_legit
0,0,23,0,39.6,False,False,True,True,1,0.6,2,7,1,scraper_bot
0,0,5,108,127.9,False,False,False,True,0,37.5,8,3,0,casual_legit
0,0,4,20,351.8,True,False,False,False,0,12.6,11,3,0,mobile_legit
0,0,4,178,183.2,False,False,False,True,0,14.5,11,1,0,casual_legit
0,0,3,149,269.1,False,False,False,False,0,126.7,11,3,0,casual_legit
2,0,3,3,282.5,False,False,False,False,0,13.4,14,1,0,mobile_legit
0,0,1,210,191.5,True,True,False,False,0,26.5,11,5,0,legit_on_vpn
0,0,3,22,249.3,False,False,False,True,0,25.8,5,1,0,mobile_legit
5,5,8,218,258.5,True,False,False,True,0,25.4,7,4,1,careful_human_attacker
0,0,3,2,,False,False,False,True,0,17.0,8,2,0,mobile_legit
0,0,1,150,197.5,False,False,False,False,0,14.8,14,4,0,casual_legit
4,0,27,0,63.3,True,True,False,True,0,1.6,0,1,1,credential_stuffing_bot
1,0,1,293,205.5,False,False,False,True,0,28.4,8,1,0,casual_legit
0,0,5,115,254.9,False,False,False,False,0,36.4,13,4,0,legit_password_typo
5,2,28,1,33.2,False,False,True,False,0,2.4,1,1,1,credential_stuffing_bot
0,0,4,200,215.3,True,False,False,False,0,15.7,11,2,0,casual_legit
0,0,5,105,342.7,False,False,False,False,0,18.1,8,2,0,casual_legit
0,1,2,58,316.3,False,False,False,True,0,32.5,5,1,0,mobile_legit
0,0,1,3,253.5,False,False,False,False,0,105.3,6,2,0,mobile_legit
2,0,1,335,226.3,False,False,False,False,0,139.0,14,1,0,legit_password_typo
4,0,8,8,77.1,True,True,False,True,3,14.0,3,4,1,repeat_offender
1,0,0,193,146.7,True,False,False,False,0,48.4,9,2,0,legit_password_typo
5,3,9,125,205.9,True,True,False,False,1,34.5,7,3,1,careful_human_attacker
0,0,2,0,297.6,False,False,False,False,0,40.8,7,2,0,mobile_legit
1,0,10,196,238.8,False,False,False,False,0,48.9,14,4,0,legit_password_typo
7,5,10,165,104.2,False,False,False,False,0,64.2,10,2,1,careful_human_attacker
0,0,0,205,309.7,False,False,False,False,0,25.0,13,4,0,casual_legit
3,0,3,96,146.4,False,False,False,False,0,81.4,11,2,0,legit_password_typo
4,0,17,7,125.1,True,False,True,True,2,2.4,2,7,1,repeat_offender
0,0,3,243,166.7,False,False,False,False,0,11.8,7,1,0,casual_legit
4,1,12,0,16.2,False,False,True,False,0,3.9,1,2,1,credential_stuffing_bot
4,0,49,1,,True,False,False,True,2,2.4,1,1,1,credential_stuffing_bot
0,0,24,0,31.5,False,True,True,False,0,6.7,1,19,1,scraper_bot
1,2,3,81,214.2,True,False,False,True,1,6.4,7,3,1,careful_human_attacker
0,0,1,168,259.9,False,False,False,False,0,54.1,5,1,0,casual_legit
0,0,4,146,191.9,False,False,False,True,0,21.4,7,1,0,casual_legit
4,0,31,0,,True,True,True,False,2,1.4,0,2,1,credential_stuffing_bot
0,0,4,257,182.2,False,False,False,False,0,99.9,7,2,0,casual_legit
1,0,3,36,178.2,False,False,False,False,0,7.7,5,3,0,mobile_legit
1,2,17,8,,False,False,False,True,1,19.6,0,3,1,repeat_offender
1,1,19,4,,False,True,True,True,0,3.8,2,4,1,repeat_offender
1,0,2,0,203.0,False,False,False,False,0,42.9,7,3,0,mobile_legit
3,3,9,95,158.4,True,False,False,True,0,22.2,9,7,1,careful_human_attacker
4,2,14,11,,False,False,True,False,1,12.4,2,3,1,repeat_offender
0,0,0,38,320.4,False,False,True,True,0,22.2,7,4,0,mobile_legit
3,0,18,0,38.4,True,False,True,False,1,0.3,0,1,1,credential_stuffing_bot
0,0,4,134,149.6,False,False,False,False,0,21.4,8,4,0,casual_legit
4,1,8,185,256.8,True,False,False,True,0,4.7,6,3,1,careful_human_attacker
2,0,19,0,,True,True,False,True,2,0.6,0,2,1,credential_stuffing_bot
4,2,12,66,143.7,False,False,False,True,1,68.2,6,3,1,careful_human_attacker
1,0,28,1,,False,False,True,False,0,1.6,0,8,1,scraper_bot
1,0,47,0,,False,False,True,True,0,2.6,0,20,1,scraper_bot
0,0,1,9,305.1,False,False,False,False,0,49.1,5,3,0,mobile_legit
0,0,1,285,212.2,False,False,False,True,0,144.6,5,2,0,casual_legit
1,0,2,0,254.1,False,False,False,True,0,8.5,9,3,0,mobile_legit
0,0,5,157,260.7,False,False,False,False,0,47.0,10,3,0,casual_legit
3,0,25,0,,True,True,True,True,1,2.3,0,3,1,credential_stuffing_bot
0,0,5,216,213.4,False,False,False,False,0,76.0,9,4,0,casual_legit
0,0,5,99,198.9,False,False,False,False,0,14.2,12,1,0,legit_on_vpn
0,0,5,268,225.4,False,False,False,False,0,5.9,7,7,1,casual_legit
0,0,2,192,192.1,False,False,False,False,0,66.2,8,1,0,casual_legit
0,0,8,34,156.9,False,False,False,False,0,45.0,11,2,0,casual_legit
0,0,6,172,234.9,False,False,False,False,0,79.9,12,1,0,casual_legit
0,0,2,111,269.0,True,False,False,False,0,125.9,7,2,0,legit_on_vpn
1,0,3,255,198.2,True,True,False,True,0,67.9,9,1,0,legit_on_vpn
1,0,5,12,292.9,False,False,False,False,0,33.5,5,2,0,mobile_legit
0,0,3,171,236.6,True,True,False,False,0,24.8,10,4,0,legit_on_vpn
6,1,13,1,15.5,True,True,True,True,0,0.9,0,2,1,credential_stuffing_bot
4,1,20,0,48.4,True,False,True,False,0,1.9,1,2,0,credential_stuffing_bot
0,1,3,61,231.4,False,False,False,False,0,43.4,6,5,0,casual_legit
0,0,3,264,175.8,False,False,False,False,0,14.5,8,3,0,casual_legit
0,0,2,4,179.8,False,False,False,False,0,91.6,5,2,0,mobile_legit
0,0,0,263,276.7,False,False,False,False,0,29.5,9,4,0,casual_legit
0,0,3,177,227.3,False,False,False,False,0,35.8,12,3,0,casual_legit
0,0,2,256,259.6,False,False,False,False,0,12.4,3,5,0,casual_legit
2,0,2,0,319.7,False,False,False,False,0,21.3,8,3,0,legit_password_typo
7,1,14,0,41.9,True,False,True,False,1,2.7,0,2,1,credential_stuffing_bot
0,0,1,0,279.0,False,False,False,False,0,23.6,6,3,0,mobile_legit
0,0,2,238,176.7,False,False,False,False,0,26.4,10,2,0,casual_legit
2,0,10,8,122.1,False,True,True,False,2,2.3,0,4,1,repeat_offender
0,0,4,141,228.7,True,False,False,False,0,76.6,9,2,0,legit_on_vpn
1,0,5,147,190.8,False,False,False,False,0,36.2,12,1,0,legit_password_typo
0,0,4,0,326.3,False,False,False,False,0,13.7,10,2,0,mobile_legit
1,0,36,0,,False,False,True,False,0,0.3,1,10,1,scraper_bot
0,0,38,1,,True,True,True,False,0,3.0,0,13,1,scraper_bot
2,1,25,1,,True,True,False,True,0,1.6,1,1,1,credential_stuffing_bot
0,0,1,108,189.2,False,False,False,False,0,20.4,4,1,0,casual_legit
1,0,9,221,198.4,False,False,False,False,0,29.5,12,1,0,legit_password_typo
0,0,1,282,200.9,False,True,False,False,0,66.1,9,3,0,casual_legit
0,0,6,173,279.9,False,False,False,False,0,51.4,7,5,0,casual_legit
0,0,1,23,299.6,False,False,False,False,0,182.4,9,1,0,mobile_legit
10,0,19,0,35.2,False,False,False,False,1,3.2,0,1,1,credential_stuffing_bot
4,0,35,1,40.2,True,False,True,True,3,0.5,0,1,1,credential_stuffing_bot
0,0,36,1,,False,True,True,True,0,2.1,1,21,1,scraper_bot
0,1,3,251,270.1,False,False,False,False,0,10.1,6,7,0,casual_legit
8,0,19,1,,False,False,False,True,2,0.5,1,1,1,credential_stuffing_bot
0,0,3,0,279.5,False,False,False,False,0,29.1,10,3,0,mobile_legit
0,0,3,144,235.4,False,False,False,False,0,14.7,7,2,0,casual_legit
1,1,29,0,,False,False,False,True,2,1.1,0,3,1,credential_stuffing_bot
0,0,2,1,267.8,False,False,False,False,0,13.5,8,1,0,mobile_legit
0,0,4,132,233.8,False,False,False,False,1,43.7,8,2,0,legit_on_vpn
5,1,20,0,,True,False,False,False,0,1.3,0,1,1,credential_stuffing_bot
0,0,4,230,151.3,False,False,False,False,0,11.1,5,4,0,casual_legit
2,1,7,113,268.5,False,False,False,True,0,218.8,6,5,0,legit_password_typo
0,0,37,0,,False,True,True,False,0,1.5,0,12,1,scraper_bot
5,0,32,1,,True,True,False,False,0,2.1,0,1,1,credential_stuffing_bot
1,0,1,131,230.4,False,False,False,False,0,21.0,9,4,0,casual_legit
0,0,3,265,263.5,False,False,False,False,0,57.0,8,2,0,casual_legit
0,0,4,238,214.2,False,False,False,False,0,35.3,5,2,1,casual_legit
2,0,7,82,203.3,True,False,False,False,1,37.8,5,5,1,careful_human_attacker
0,0,4,238,260.5,False,False,False,False,0,123.0,8,2,0,casual_legit
4,1,9,233,219.7,True,False,False,True,0,46.7,4,2,1,careful_human_attacker
0,0,2,188,255.4,False,False,False,False,0,17.8,10,4,0,casual_legit
0,0,5,180,234.5,True,False,False,False,0,5.5,11,6,0,casual_legit
1,0,2,95,208.7,False,False,False,False,0,17.1,12,4,0,legit_password_typo
2,1,23,6,,True,False,False,False,3,8.0,0,3,1,repeat_offender
0,0,3,78,305.9,False,False,False,False,0,60.7,11,2,0,casual_legit
3,2,11,173,255.4,False,False,False,False,0,18.1,2,4,1,careful_human_attacker
1,0,4,0,325.7,False,False,False,False,0,31.0,10,2,0,mobile_legit
2,0,2,233,185.3,False,False,False,False,0,105.5,9,3,0,legit_password_typo
1,0,4,269,192.1,False,False,False,False,0,12.2,9,4,0,casual_legit
0,0,2,236,199.7,True,False,False,True,0,29.2,8,3,0,casual_legit
3,0,27,0,,False,True,True,False,2,1.2,1,3,1,credential_stuffing_bot
1,1,21,1,23.1,False,True,False,True,1,1.1,0,13,1,scraper_bot
0,0,1,270,177.3,False,False,False,False,0,55.7,9,3,0,casual_legit
0,0,4,244,163.0,False,False,False,False,0,84.1,13,2,0,casual_legit
0,0,1,261,204.0,False,False,False,False,0,12.9,6,2,0,casual_legit
2,0,24,1,66.0,False,False,True,False,0,0.8,1,16,1,scraper_bot
3,1,30,1,27.8,True,False,True,True,0,0.5,2,2,1,credential_stuffing_bot
0,0,4,190,240.8,False,False,False,False,0,36.3,6,1,0,casual_legit
5,0,20,0,43.4,True,True,True,True,0,1.2,0,3,1,credential_stuffing_bot
0,0,0,234,169.5,False,False,False,False,0,54.1,9,3,0,casual_legit
2,0,20,9,64.5,True,False,True,False,1,1.6,1,4,1,repeat_offender
0,0,2,22,322.1,False,False,False,False,0,25.3,11,3,0,mobile_legit
1,0,10,88,221.4,True,False,False,False,0,22.0,6,4,1,careful_human_attacker
3,1,40,0,31.8,True,False,True,False,0,2.1,0,2,1,credential_stuffing_bot
1,0,1,179,184.8,False,False,False,False,0,29.8,6,1,0,casual_legit
0,1,2,15,432.2,False,False,False,False,0,273.6,9,2,0,mobile_legit
0,0,55,1,,False,False,True,False,1,1.3,1,20,1,scraper_bot
2,1,27,5,34.7,False,False,False,True,4,1.3,7,2,1,repeat_offender
0,0,6,294,253.8,False,False,False,False,0,70.8,8,4,0,casual_legit
2,1,9,12,,False,False,False,False,1,2.2,3,2,1,repeat_offender
1,0,26,1,58.5,False,False,True,False,0,1.2,1,16,1,scraper_bot
1,0,3,1,249.7,False,False,False,False,0,18.5,5,2,0,mobile_legit
0,1,2,0,206.0,False,False,False,False,0,11.8,5,2,0,mobile_legit
3,2,7,103,201.3,True,False,False,True,0,25.9,7,4,1,careful_human_attacker
0,0,1,156,222.2,False,False,False,False,0,10.2,7,3,0,casual_legit
0,0,2,206,269.9,False,False,False,False,0,26.1,6,2,0,casual_legit
1,0,2,10,220.4,False,False,False,False,0,10.7,12,1,0,mobile_legit
1,0,4,254,176.0,False,False,False,False,0,12.3,14,1,0,legit_password_typo
1,0,4,16,307.6,False,False,False,False,0,5.5,7,3,0,mobile_legit
0,0,69,0,28.9,False,True,True,False,0,0.5,0,20,1,scraper_bot
0,0,25,0,,False,True,False,False,1,0.5,2,9,1,scraper_bot
5,2,8,232,138.5,True,False,True,False,1,10.4,7,5,1,careful_human_attacker
0,0,4,0,,False,False,False,False,0,11.7,8,2,0,mobile_legit
0,0,2,128,177.8,False,False,False,True,0,100.9,9,2,0,casual_legit
1,6,12,203,263.4,True,True,True,False,1,10.9,8,2,1,careful_human_attacker
0,1,21,6,15.0,False,False,False,True,3,3.8,1,3,1,repeat_offender
0,0,4,235,86.3,False,False,False,False,0,11.6,9,1,0,casual_legit
3,4,9,104,216.7,True,False,False,False,1,12.4,8,3,0,careful_human_attacker
0,0,4,185,131.4,False,False,False,False,0,43.5,5,1,0,legit_password_typo
1,0,2,238,187.4,False,False,False,True,0,19.6,9,1,0,legit_password_typo
0,0,3,212,180.0,False,False,False,False,0,82.2,14,2,0,legit_password_typo
3,3,10,7,172.4,False,False,False,False,1,5.1,2,3,1,repeat_offender
0,0,0,65,282.4,True,False,False,False,0,12.7,8,2,0,legit_on_vpn
0,0,1,193,209.4,False,False,False,False,0,43.9,4,4,0,casual_legit
0,0,8,147,255.2,False,False,False,False,0,67.2,11,5,0,casual_legit
1,1,58,1,,False,True,False,False,0,3.3,1,22,1,scraper_bot
2,1,0,5,38.6,True,True,True,True,2,17.3,2,6,1,repeat_offender
0,0,1,201,142.9,False,False,False,False,0,93.4,5,2,0,legit_password_typo
0,0,3,114,287.1,False,False,False,False,0,57.7,9,1,0,casual_legit
3,0,37,0,,False,True,False,True,2,0.3,0,1,1,credential_stuffing_bot
0,0,4,223,222.7,False,False,False,False,0,5.2,6,3,0,casual_legit
0,0,3,210,228.7,False,False,False,False,0,118.3,5,2,0,casual_legit
0,1,1,108,,True,False,False,False,0,34.6,9,3,0,legit_on_vpn
0,0,3,105,167.8,False,False,False,True,0,18.5,12,3,0,casual_legit
1,0,3,285,219.3,False,False,False,False,0,43.4,9,3,0,casual_legit
1,0,6,214,264.0,False,False,False,False,0,27.8,3,2,0,casual_legit
0,0,45,0,,False,True,True,False,0,2.0,0,13,1,scraper_bot
0,1,30,2,,False,False,True,True,1,2.7,1,18,1,scraper_bot
3,1,15,2,43.1,False,True,False,True,1,3.4,0,1,1,credential_stuffing_bot
0,0,2,30,282.0,False,False,False,True,0,17.1,5,3,0,mobile_legit
1,1,0,7,,False,False,False,False,0,68.0,8,2,0,mobile_legit
0,0,2,146,198.2,False,False,False,False,1,13.6,7,3,0,casual_legit
0,0,4,250,243.1,False,False,False,False,0,13.9,8,2,0,casual_legit
0,0,1,255,411.8,False,False,False,False,0,48.7,9,4,0,casual_legit
0,0,2,163,193.5,False,False,False,False,0,86.6,6,4,0,casual_legit
0,0,1,104,182.3,False,False,False,False,0,14.6,13,3,0,casual_legit
0,0,49,0,,False,True,True,True,0,4.7,1,10,1,scraper_bot
0,0,1,11,259.2,False,False,False,False,0,14.0,9,3,0,mobile_legit
0,0,6,337,249.6,False,False,False,False,0,95.0,9,2,0,casual_legit
0,0,42,0,44.4,False,True,True,True,0,1.0,0,17,1,scraper_bot
0,0,3,2,404.7,False,False,False,False,0,13.3,8,1,0,mobile_legit
3,0,38,1,,False,True,False,False,1,1.0,0,1,1,credential_stuffing_bot
6,0,14,1,,True,True,True,True,0,1.3,2,3,1,credential_stuffing_bot
4,1,32,0,,True,False,True,False,0,0.4,1,2,1,credential_stuffing_bot
0,0,2,78,142.2,False,False,False,False,0,18.9,10,4,0,casual_legit
0,0,6,191,223.0,False,False,False,False,0,43.0,6,4,0,casual_legit
1,0,2,3,209.0,True,False,False,False,0,59.0,3,4,0,casual_legit
6,0,23,0,33.1,False,False,False,False,1,2.8,0,1,1,credential_stuffing_bot
0,0,2,217,279.7,False,False,False,False,0,37.6,10,3,0,casual_legit
0,0,2,169,230.5,False,False,False,False,0,11.2,8,4,0,casual_legit
4,0,34,0,,True,True,False,False,1,1.8,0,1,1,credential_stuffing_bot
2,1,2,137,264.3,False,True,False,False,0,19.9,5,4,1,careful_human_attacker
0,0,50,1,41.1,False,True,True,True,0,0.6,0,11,1,scraper_bot
2,1,32,1,51.6,True,False,True,True,0,0.8,0,1,1,credential_stuffing_bot
0,0,2,28,,False,False,False,False,0,19.9,15,3,0,mobile_legit
4,0,13,0,44.0,False,True,False,False,4,4.6,0,2,1,credential_stuffing_bot
2,0,59,0,,True,True,True,True,0,0.9,0,1,1,credential_stuffing_bot
0,0,4,151,214.9,False,False,False,True,0,66.3,10,2,0,casual_legit
0,0,0,204,226.9,False,False,False,True,0,55.0,9,1,0,casual_legit
0,0,1,207,156.0,False,False,False,False,0,34.1,4,2,0,casual_legit
0,0,2,205,242.4,True,False,False,False,0,20.3,6,2,0,legit_on_vpn
4,0,14,0,25.0,False,True,True,False,1,4.5,1,2,1,credential_stuffing_bot
0,0,2,162,205.6,False,False,False,False,0,13.2,14,1,0,casual_legit
0,0,2,22,287.5,False,False,True,False,0,7.8,5,2,0,mobile_legit
0,0,4,172,164.5,False,False,False,True,0,7.8,12,3,0,casual_legit
7,0,27,0,,False,True,False,True,0,1.6,0,2,1,credential_stuffing_bot
1,0,5,132,197.2,False,False,False,False,0,94.4,14,3,0,legit_password_typo
0,0,6,7,163.2,True,False,False,True,1,11.0,2,3,1,repeat_offender
0,0,3,143,247.3,False,False,False,False,0,22.6,7,3,0,casual_legit
0,0,4,277,,False,False,False,True,0,55.3,12,1,0,casual_legit
2,2,8,5,153.9,True,False,True,True,1,1.7,0,5,1,repeat_offender
0,0,3,108,284.1,False,False,False,False,0,73.4,9,2,0,casual_legit
3,1,34,0,,False,False,False,False,0,0.5,0,1,0,credential_stuffing_bot
1,0,3,165,235.2,False,False,False,False,0,154.5,13,1,0,casual_legit
0,0,53,0,,False,True,True,True,1,3.5,0,22,0,scraper_bot
0,0,3,215,277.7,False,False,False,False,0,39.6,8,2,0,casual_legit
1,0,45,0,,True,False,True,False,0,0.4,1,12,1,scraper_bot
0,0,3,131,231.5,False,False,False,False,0,82.3,9,3,0,casual_legit
1,0,4,103,106.9,False,False,False,False,0,80.4,9,1,0,legit_password_typo
0,0,2,139,268.5,False,False,False,False,0,35.0,5,4,0,casual_legit
0,0,1,117,239.1,False,False,False,False,0,14.4,5,2,0,casual_legit
3,3,21,8,,False,True,False,True,3,6.4,2,5,1,repeat_offender
6,0,46,0,,True,False,False,False,0,2.3,0,1,1,credential_stuffing_bot
0,0,1,14,245.1,True,False,False,False,0,63.8,9,1,0,mobile_legit
1,0,1,144,223.6,False,False,False,False,0,27.1,6,2,0,casual_legit
1,0,4,106,255.5,False,False,False,False,0,89.3,12,2,0,legit_password_typo
0,0,2,193,,True,False,False,False,0,66.4,10,1,0,legit_on_vpn
2,1,15,89,235.6,True,False,False,True,0,18.5,2,3,1,careful_human_attacker
0,0,3,203,165.1,False,False,False,False,0,12.0,9,3,0,casual_legit
4,0,39,1,47.7,False,True,False,False,0,2.3,3,1,1,credential_stuffing_bot
0,0,4,147,208.2,False,False,False,False,0,89.2,10,3,0,casual_legit
0,0,2,38,,False,False,False,False,0,6.3,8,3,0,mobile_legit
2,0,3,107,229.5,False,False,False,True,0,27.2,14,1,0,legit_password_typo
0,0,4,185,276.6,False,False,False,False,0,69.6,19,2,0,casual_legit
4,6,4,92,155.1,False,False,False,False,0,26.4,9,3,1,careful_human_attacker
0,0,3,143,155.3,False,False,False,False,0,24.6,1,1,0,casual_legit
1,0,3,122,243.0,False,False,False,False,1,103.1,16,4,0,legit_password_typo
2,0,16,7,128.0,True,True,False,True,3,1.1,3,3,1,repeat_offender
0,0,49,0,80.7,True,True,True,False,0,2.6,0,8,1,scraper_bot
2,2,34,0,29.3,True,True,False,False,0,1.3,0,1,1,credential_stuffing_bot
0,0,5,132,224.1,False,False,False,True,0,14.2,9,2,0,casual_legit
0,0,2,8,384.2,False,False,False,False,0,62.7,8,4,0,mobile_legit
1,0,27,0,,True,True,True,False,0,1.2,0,1,1,credential_stuffing_bot
1,0,3,0,,False,False,False,False,0,13.3,9,2,0,mobile_legit
2,0,16,0,,True,True,False,False,0,1.6,0,1,1,credential_stuffing_bot
1,0,9,192,210.6,False,False,True,False,0,164.4,15,2,0,legit_password_typo
1,0,35,6,16.6,False,False,False,False,3,1.7,2,5,1,repeat_offender
0,0,2,214,199.9,False,False,False,False,0,23.5,11,2,0,casual_legit
0,0,2,183,196.7,False,False,False,True,0,21.8,8,3,0,casual_legit
0,0,5,161,138.6,False,False,False,True,0,21.0,11,3,0,legit_password_typo
4,1,3,211,226.5,False,False,False,True,2,5.5,6,4,1,careful_human_attacker
0,0,2,79,140.6,False,False,False,False,0,13.2,8,5,0,casual_legit
4,1,8,148,324.1,True,False,True,False,0,8.6,6,3,1,careful_human_attacker
2,0,4,176,292.0,False,False,False,True,0,138.9,14,2,0,legit_password_typo
0,0,2,207,227.1,False,False,False,False,0,55.9,16,3,0,casual_legit
7,1,25,1,,True,True,False,False,0,0.5,0,1,1,credential_stuffing_bot
0,0,7,64,254.2,False,False,False,False,0,73.8,12,3,0,casual_legit
0,0,4,17,215.9,False,False,False,False,0,24.9,3,2,0,mobile_legit
0,0,5,227,215.2,False,False,False,False,0,28.2,6,3,0,casual_legit
0,0,4,193,248.4,False,False,False,False,0,7.8,10,2,0,casual_legit
0,0,4,71,257.5,True,False,False,False,0,8.2,8,3,0,legit_on_vpn
1,1,15,11,44.8,False,True,False,False,2,3.1,1,2,1,repeat_offender
0,1,5,166,225.8,False,False,False,False,0,26.3,11,1,0,casual_legit
0,0,3,215,237.4,False,False,False,False,0,32.5,9,3,0,casual_legit
0,0,3,12,338.7,False,False,False,True,0,27.3,5,1,0,mobile_legit
3,0,37,0,45.8,False,False,True,False,3,2.6,0,1,1,credential_stuffing_bot
0,0,0,13,256.7,False,False,False,False,0,20.9,3,1,0,mobile_legit
0,0,4,129,,False,False,False,True,0,5.5,15,6,0,casual_legit
0,0,2,10,283.6,False,False,False,True,0,68.5,10,1,0,mobile_legit
0,0,2,40,325.9,False,False,False,False,0,37.8,3,2,0,mobile_legit
0,0,0,0,171.2,False,False,False,False,0,6.0,9,2,0,casual_legit
0,0,4,127,240.1,False,False,False,False,0,20.7,3,3,0,casual_legit
0,1,7,101,122.1,False,False,False,False,0,113.6,5,4,0,legit_password_typo
0,0,1,234,163.1,False,False,False,True,0,26.8,11,2,0,casual_legit
0,0,30,0,,False,False,True,True,0,0.6,0,15,1,scraper_bot
0,0,2,214,222.2,False,False,False,False,0,102.6,7,1,0,casual_legit
0,0,5,173,322.5,False,False,False,False,0,22.2,6,3,0,casual_legit
0,0,2,169,152.7,False,False,False,False,0,43.3,10,1,0,casual_legit
1,0,2,190,205.1,True,False,False,False,0,93.5,13,2,0,legit_password_typo
3,0,35,1,54.6,False,False,True,True,1,3.0,0,1,1,credential_stuffing_bot
0,0,32,1,,True,True,True,False,0,5.2,1,14,1,scraper_bot
0,0,2,16,320.6,False,False,False,False,0,40.8,6,2,0,mobile_legit
0,0,5,123,183.1,False,False,False,False,0,13.0,10,1,0,casual_legit
0,0,3,164,180.5,False,False,False,True,0,7.9,9,2,0,casual_legit
0,0,39,0,43.2,False,False,False,True,0,1.5,1,12,1,scraper_bot
3,0,34,0,,True,True,True,False,1,0.2,1,3,1,credential_stuffing_bot
0,0,31,1,40.1,False,True,True,False,2,0.4,1,18,1,scraper_bot
0,0,39,0,43.5,True,True,True,True,1,1.3,0,11,1,scraper_bot
5,1,27,1,33.9,True,True,True,True,1,1.6,0,1,1,credential_stuffing_bot
1,2,27,0,,False,True,False,False,1,4.9,1,1,1,credential_stuffing_bot
0,0,1,37,147.6,False,False,False,False,0,37.0,4,3,0,mobile_legit
1,0,2,52,189.1,False,False,False,False,0,10.6,13,2,0,casual_legit
0,0,6,213,240.9,False,False,False,False,0,82.3,8,4,0,casual_legit
1,0,6,211,246.3,False,False,False,False,0,23.0,10,1,0,casual_legit
4,1,13,0,20.9,False,False,True,True,0,1.4,0,1,1,credential_stuffing_bot
0,0,4,27,293.1,False,False,False,True,0,80.9,7,2,1,mobile_legit
2,5,1,94,251.4,False,True,True,True,0,6.6,8,3,1,careful_human_attacker
4,3,6,63,247.6,True,True,False,False,0,5.9,2,3,1,careful_human_attacker
0,0,3,243,235.2,False,False,False,False,0,40.7,9,3,0,casual_legit
0,0,43,0,59.5,False,True,True,False,1,0.7,0,8,1,scraper_bot
4,1,27,0,31.9,True,False,False,False,0,4.2,0,1,1,credential_stuffing_bot
0,0,7,149,177.3,False,False,False,False,0,91.3,7,3,0,casual_legit
0,0,5,127,235.8,True,False,False,True,0,27.1,3,1,0,legit_on_vpn
1,0,4,168,198.8,False,False,False,False,0,12.0,12,2,0,casual_legit
2,4,8,5,,True,False,False,False,2,3.2,2,4,1,repeat_offender
6,1,5,131,172.5,True,False,False,True,1,10.8,6,3,1,careful_human_attacker
0,0,6,215,210.9,False,False,False,True,0,142.5,10,6,0,legit_password_typo
0,0,4,208,186.9,False,False,False,True,0,76.8,19,2,0,casual_legit
5,3,9,82,198.2,True,True,False,False,2,5.0,6,4,1,careful_human_attacker
0,0,26,10,46.1,False,True,False,True,0,4.8,1,5,1,repeat_offender
4,1,14,0,26.6,False,True,True,False,0,1.2,1,1,1,credential_stuffing_bot
0,0,3,157,268.1,False,False,False,False,0,23.1,8,4,0,casual_legit
0,0,30,1,,True,True,True,False,0,0.7,1,17,1,scraper_bot
4,1,12,136,232.1,True,False,False,False,0,16.5,7,3,1,careful_human_attacker
3,0,32,2,52.4,False,True,False,False,1,1.4,0,3,1,credential_stuffing_bot
0,0,3,148,263.2,True,False,False,True,0,121.9,8,2,0,casual_legit
0,0,2,190,181.7,False,False,False,False,0,19.2,11,3,0,casual_legit
5,0,29,0,23.3,True,False,True,True,2,2.2,0,1,1,credential_stuffing_bot
0,0,4,258,229.5,False,False,False,False,0,87.7,11,6,0,casual_legit
1,0,52,1,,False,True,False,False,0,1.4,0,20,1,scraper_bot
0,0,3,159,160.0,False,False,False,False,0,18.8,5,1,1,casual_legit
0,0,0,259,209.2,False,False,False,False,0,14.1,15,2,0,casual_legit
1,0,4,215,150.7,False,False,False,False,0,18.8,8,3,0,legit_password_typo
0,0,4,284,257.1,True,False,False,False,0,49.3,10,1,0,casual_legit
1,1,15,2,90.2,True,True,False,False,1,3.9,0,3,1,repeat_offender
4,0,9,0,23.2,False,False,False,False,2,3.9,1,1,1,credential_stuffing_bot
0,0,3,107,254.7,False,False,False,False,0,29.1,13,3,0,casual_legit
1,0,5,206,266.9,False,False,False,False,0,19.2,11,3,0,casual_legit
0,0,2,0,370.9,False,False,False,True,0,12.2,5,2,0,mobile_legit
3,1,22,8,135.6,False,True,True,True,1,2.0,2,2,1,repeat_offender
0,0,4,87,145.3,False,False,True,False,0,45.1,11,2,0,casual_legit
0,0,4,135,,False,False,False,False,0,86.4,10,1,0,legit_password_typo
3,0,39,0,37.9,True,True,False,True,0,3.6,0,1,1,credential_stuffing_bot
0,0,3,78,,False,False,False,False,0,24.2,13,2,0,casual_legit
0,0,4,185,204.0,False,False,False,False,0,33.9,10,5,0,casual_legit
0,0,0,180,302.3,False,False,False,True,0,12.5,8,3,0,casual_legit
0,0,3,0,217.9,False,False,False,False,0,8.8,9,3,1,mobile_legit
4,1,31,1,47.2,False,True,False,False,1,1.2,0,1,1,credential_stuffing_bot
3,0,29,0,24.9,True,False,True,False,1,1.3,0,1,1,credential_stuffing_bot
3,0,13,0,33.3,True,False,True,False,1,0.9,0,1,1,credential_stuffing_bot
0,1,1,167,189.2,False,False,False,False,0,11.1,9,2,0,casual_legit
0,0,4,148,138.7,False,False,False,False,0,93.9,10,2,0,casual_legit
0,0,2,116,,True,False,False,False,0,153.0,7,1,0,casual_legit
0,0,3,2,346.8,False,False,False,False,0,50.6,7,2,0,mobile_legit
0,0,5,263,252.1,False,False,False,True,0,28.3,8,2,0,legit_on_vpn
5,1,34,0,,True,False,True,False,0,2.4,0,3,1,credential_stuffing_bot
6,4,6,191,210.2,False,False,False,True,2,18.3,8,2,1,careful_human_attacker
2,0,41,0,35.2,False,False,True,True,1,0.6,0,1,1,credential_stuffing_bot
0,0,5,61,263.5,False,False,False,False,0,54.9,9,1,0,casual_legit
0,0,3,12,278.6,False,False,False,False,0,6.4,5,4,0,mobile_legit
0,0,2,15,318.4,False,False,True,True,0,25.5,5,1,0,mobile_legit
0,0,0,31,296.4,False,False,True,False,0,9.8,6,3,0,mobile_legit
0,1,23,0,,False,True,True,True,1,3.7,0,10,1,scraper_bot
0,0,2,0,241.4,False,False,False,False,0,13.5,5,3,0,mobile_legit
1,0,6,1,,False,True,True,False,0,2.4,1,16,1,scraper_bot
0,0,4,98,258.1,True,False,False,False,0,48.6,9,2,0,legit_on_vpn
0,0,0,169,251.1,False,False,False,False,0,9.0,4,1,0,casual_legit
0,0,4,147,196.4,False,False,False,False,0,26.9,4,4,0,legit_password_typo
1,0,4,82,212.4,False,False,False,False,0,16.3,14,1,0,legit_password_typo
0,0,1,92,213.0,False,False,False,False,1,199.2,10,4,0,legit_on_vpn
3,2,32,2,,True,True,True,False,1,0.4,0,1,1,credential_stuffing_bot
1,2,13,11,80.6,False,True,False,False,1,4.6,2,3,1,repeat_offender
0,0,27,0,,True,True,True,True,1,1.2,0,11,1,scraper_bot
0,0,4,65,232.0,False,False,False,False,0,10.5,9,3,0,casual_legit
0,0,3,147,257.8,False,False,False,False,0,39.8,7,2,0,casual_legit
1,0,0,199,285.9,False,False,False,False,0,82.5,9,4,0,casual_legit
1,0,1,37,185.8,False,False,False,False,0,27.2,5,1,0,legit_password_typo
5,3,8,55,286.7,True,True,False,False,1,6.6,8,3,1,careful_human_attacker
0,0,27,0,,True,True,True,True,1,0.9,0,8,1,scraper_bot
3,0,2,100,206.7,False,False,False,False,0,92.4,7,1,0,legit_password_typo
0,0,2,4,283.9,False,False,False,False,0,63.0,7,3,0,mobile_legit
1,0,2,138,226.8,False,False,False,False,0,134.7,13,4,0,legit_password_typo
0,0,3,238,198.2,False,False,False,False,0,10.9,9,1,0,casual_legit
0,0,2,11,270.1,False,False,False,False,0,15.3,8,3,0,mobile_legit
1,0,20,3,,False,True,False,False,0,1.1,0,13,1,scraper_bot
3,1,13,7,108.0,False,True,True,False,0,6.4,0,4,1,repeat_offender
4,1,7,7,52.6,False,True,True,True,2,4.8,1,4,1,repeat_offender
0,0,50,0,38.0,False,False,True,True,0,2.8,0,16,1,scraper_bot
2,0,18,0,42.8,True,True,False,False,1,1.1,0,2,1,credential_stuffing_bot
0,0,5,56,230.9,True,False,False,False,0,7.9,6,1,0,casual_legit
2,1,7,147,203.8,False,False,False,False,0,18.4,14,2,0,legit_password_typo
2,2,14,159,181.2,False,True,True,True,0,81.2,7,4,1,careful_human_attacker
1,0,4,10,303.5,False,False,False,False,0,14.2,5,4,0,mobile_legit
0,0,50,1,15.0,False,True,True,False,1,3.5,0,11,1,scraper_bot
0,1,5,146,301.9,True,False,False,False,0,191.1,6,2,0,legit_on_vpn
4,0,5,174,222.8,False,False,False,False,0,11.8,11,4,0,legit_password_typo
0,0,2,166,174.1,False,False,False,False,0,52.3,10,5,0,casual_legit
0,0,4,115,201.4,False,False,False,False,1,8.5,12,1,0,casual_legit
0,0,5,214,229.4,False,False,False,False,0,49.9,10,1,0,casual_legit
1,0,3,191,253.6,True,True,False,False,0,43.3,9,2,0,legit_on_vpn
0,0,2,14,288.7,False,False,False,True,0,12.4,11,2,0,mobile_legit
0,0,4,195,253.9,False,False,False,False,0,6.8,12,4,0,casual_legit
0,0,82,1,,True,True,True,True,0,1.2,0,14,1,scraper_bot
1,0,67,0,,False,True,True,False,2,0.3,1,20,1,scraper_bot
0,0,2,24,315.6,False,False,False,False,0,7.2,5,2,0,mobile_legit
0,0,0,163,240.1,False,False,False,False,0,203.0,7,5,0,casual_legit
2,2,9,89,175.5,False,False,False,True,2,22.6,5,3,1,careful_human_attacker
0,0,2,210,,True,False,False,False,0,29.0,8,4,0,legit_on_vpn
0,0,2,14,268.3,True,False,False,False,0,4.2,3,1,0,mobile_legit
2,1,19,13,75.7,True,True,True,False,3,6.2,0,4,1,repeat_offender
6,4,1,124,320.1,True,False,True,False,1,50.3,7,2,1,careful_human_attacker
0,0,3,99,288.6,False,False,False,False,0,35.4,7,2,0,casual_legit
0,0,1,14,308.7,False,False,False,True,0,19.2,9,3,0,mobile_legit
0,0,4,9,333.5,False,False,False,False,0,24.7,6,3,0,mobile_legit
0,0,4,169,158.6,False,False,False,True,0,35.4,7,2,0,legit_password_typo
1,0,2,116,245.9,False,False,False,False,0,23.4,3,1,0,casual_legit
3,3,6,108,155.5,False,False,False,False,0,13.0,4,2,1,careful_human_attacker
0,0,4,112,,False,False,False,False,0,96.5,8,3,0,legit_password_typo
4,0,13,1,,False,True,True,False,2,2.1,1,2,1,credential_stuffing_bot
1,0,3,4,259.8,False,False,False,False,0,33.5,7,2,0,mobile_legit
1,1,12,15,,False,False,False,True,0,12.9,5,6,1,repeat_offender
0,0,5,121,275.6,False,False,False,True,0,9.9,11,3,0,casual_legit
0,0,1,4,322.1,False,False,False,True,0,26.8,5,3,0,mobile_legit
0,0,3,271,245.8,False,False,False,True,0,49.6,13,1,0,casual_legit
4,0,10,193,274.7,True,False,True,False,1,16.6,3,7,1,careful_human_attacker
0,0,3,169,,False,False,False,False,0,31.6,10,4,0,casual_legit
0,0,5,18,228.9,False,False,False,False,0,50.7,5,3,0,mobile_legit
0,0,4,263,309.7,False,False,False,False,0,86.4,9,2,0,casual_legit
1,0,45,0,22.9,True,False,True,False,1,2.7,0,1,1,credential_stuffing_bot
0,2,3,180,162.6,False,False,False,True,0,37.0,12,1,0,casual_legit
0,1,14,9,,True,False,False,False,6,15.1,3,4,1,repeat_offender
0,1,3,20,282.5,False,False,False,False,0,6.3,6,4,0,mobile_legit
0,0,23,1,43.1,True,True,True,False,0,1.5,0,13,1,scraper_bot
0,0,2,243,305.4,False,False,False,False,0,53.6,7,1,0,legit_on_vpn
0,0,3,156,275.9,False,False,False,False,0,7.2,13,5,0,casual_legit
4,0,17,8,55.2,True,True,True,False,5,4.3,0,3,1,repeat_offender
2,1,5,231,258.7,False,False,False,False,0,27.5,2,2,1,careful_human_attacker
0,0,2,156,279.5,False,False,False,False,0,7.2,6,1,0,legit_on_vpn
7,0,13,0,,True,True,False,False,0,1.6,0,1,1,credential_stuffing_bot
3,1,12,62,176.1,False,False,True,False,0,15.1,13,3,1,careful_human_attacker
7,0,20,0,,False,False,True,False,1,1.1,0,1,1,credential_stuffing_bot
0,0,3,308,197.6,False,False,False,True,0,149.9,7,4,0,casual_legit
0,0,2,39,393.3,True,False,False,True,0,33.7,5,2,0,mobile_legit
0,0,67,1,,False,True,True,False,0,3.2,0,20,1,scraper_bot
7,2,3,72,136.7,True,False,False,False,1,37.4,8,4,1,careful_human_attacker
1,0,3,11,,False,False,False,False,0,8.9,9,2,1,mobile_legit
0,0,1,52,126.2,False,False,False,True,0,28.8,13,4,0,casual_legit
0,1,2,0,361.4,False,False,False,False,0,7.5,6,1,0,mobile_legit
0,0,5,96,222.4,False,False,False,False,0,151.4,9,1,0,casual_legit
0,0,3,238,232.1,False,False,False,False,0,8.7,11,2,0,casual_legit
0,1,5,123,210.5,False,False,False,True,0,8.4,9,1,0,legit_password_typo
0,0,5,237,221.8,True,False,False,False,0,72.9,5,2,0,legit_on_vpn
1,3,24,8,,True,True,False,True,1,4.0,3,3,1,repeat_offender
0,0,6,173,258.8,False,False,False,False,0,8.7,14,1,0,casual_legit
0,0,2,118,257.6,False,False,False,False,0,86.0,18,2,0,casual_legit
0,0,5,26,413.1,False,False,False,False,0,8.9,9,5,1,mobile_legit
0,0,2,85,197.1,False,False,False,False,0,42.5,8,1,0,casual_legit
0,0,2,220,290.2,False,False,False,False,0,26.5,6,3,0,casual_legit
0,0,4,96,200.4,False,False,False,False,0,15.7,10,2,0,casual_legit
2,0,2,166,190.3,False,False,False,True,0,13.7,5,4,1,careful_human_attacker
3,3,9,169,210.0,True,False,False,False,1,34.5,7,3,1,careful_human_attacker
0,0,2,1,,False,False,True,False,1,1.2,0,21,1,scraper_bot
0,0,2,71,225.1,False,False,False,False,0,19.6,8,4,0,legit_password_typo
3,1,4,245,213.9,False,False,False,True,1,7.2,3,5,1,careful_human_attacker
0,0,0,10,440.1,False,False,True,False,0,15.4,4,1,0,mobile_legit
0,0,2,30,317.5,False,False,False,False,0,14.2,4,2,0,mobile_legit
0,0,3,15,,False,False,False,False,0,8.3,4,1,0,mobile_legit
0,0,5,159,314.3,False,False,False,False,0,51.9,12,3,0,casual_legit
0,0,3,222,213.8,False,False,False,False,0,49.2,10,3,0,casual_legit
0,0,6,107,312.1,False,False,False,False,0,15.5,12,3,0,casual_legit
1,1,14,221,235.4,True,False,False,True,1,7.3,9,7,1,careful_human_attacker
0,0,3,154,201.7,False,False,False,False,0,57.2,11,3,0,casual_legit
5,2,13,243,251.4,True,False,False,False,1,80.5,6,4,0,careful_human_attacker
0,0,4,11,243.3,False,False,False,False,0,63.4,14,2,0,mobile_legit
0,0,19,2,,False,True,True,False,0,1.1,0,8,1,scraper_bot
0,0,3,147,209.9,False,False,False,False,0,36.9,8,2,0,casual_legit
4,3,15,178,211.2,False,True,False,True,1,45.0,4,1,1,careful_human_attacker
0,0,5,171,239.8,False,False,False,False,0,89.1,11,1,0,casual_legit
4,0,15,285,200.3,False,False,False,False,0,34.4,7,2,1,careful_human_attacker
6,4,4,53,179.7,False,True,False,True,1,83.8,9,3,1,careful_human_attacker
1,0,0,182,267.6,False,False,False,False,0,9.9,12,2,0,casual_legit
0,0,2,214,298.4,False,False,False,False,0,30.4,5,4,0,casual_legit
0,0,6,198,169.9,False,False,False,False,0,14.5,9,4,1,legit_password_typo
0,0,3,315,200.1,False,False,False,True,0,30.3,10,1,0,casual_legit
2,0,27,10,,True,True,False,False,0,5.2,3,3,1,repeat_offender
5,0,38,0,51.5,True,True,True,True,0,0.6,0,1,1,credential_stuffing_bot
0,0,3,154,256.8,False,False,False,False,0,11.6,5,3,0,legit_password_typo
0,0,5,196,200.8,False,False,False,False,1,26.5,13,5,0,legit_password_typo
0,0,2,47,267.6,False,False,False,False,0,63.1,2,2,0,mobile_legit
3,0,11,12,158.5,True,False,True,True,2,3.4,0,3,1,repeat_offender
0,0,4,210,206.2,False,False,False,False,0,43.1,7,2,0,casual_legit
3,2,6,102,278.8,True,False,False,False,0,47.4,9,3,1,careful_human_attacker
0,0,3,135,151.8,True,True,False,False,0,7.4,7,2,0,legit_on_vpn
0,0,0,74,236.6,False,False,False,False,0,13.0,6,3,0,casual_legit
0,0,2,295,269.7,False,False,False,False,0,41.8,8,2,0,casual_legit
0,0,4,125,199.6,False,False,False,False,0,50.5,5,3,0,casual_legit
6,1,37,0,,True,True,True,True,0,0.7,1,1,1,credential_stuffing_bot
0,0,2,15,309.9,False,False,False,True,0,59.1,1,1,0,mobile_legit
1,0,3,1,241.1,False,False,False,False,0,80.6,7,3,0,mobile_legit
2,0,5,242,122.9,False,False,False,False,0,19.1,10,1,0,legit_password_typo
1,0,4,217,251.1,False,False,False,False,0,119.4,9,2,0,casual_legit
2,1,13,140,205.0,True,False,True,True,1,5.9,8,1,1,careful_human_attacker
2,0,16,4,77.2,True,True,False,False,4,3.4,1,4,1,repeat_offender
1,0,29,0,,False,False,True,True,2,0.4,0,1,1,credential_stuffing_bot
6,0,34,0,31.5,False,False,True,True,1,0.8,0,1,1,credential_stuffing_bot
0,0,5,299,250.0,False,False,True,False,0,55.8,10,4,0,casual_legit
3,0,15,2,58.9,False,False,False,True,0,0.3,2,1,1,credential_stuffing_bot
1,0,5,101,172.4,True,False,False,False,0,43.0,12,1,0,legit_on_vpn
0,0,2,8,172.1,False,False,False,False,0,21.8,10,2,0,mobile_legit
5,2,9,90,252.4,False,False,False,False,1,6.1,8,7,1,careful_human_attacker
5,0,17,0,55.6,True,True,False,True,0,3.0,1,1,1,credential_stuffing_bot
0,0,1,0,278.7,True,False,False,False,0,53.2,6,4,0,mobile_legit
5,0,41,2,15.0,True,True,False,True,1,0.3,0,1,1,credential_stuffing_bot
0,1,5,222,250.0,False,False,False,False,0,107.7,15,1,0,casual_legit
0,0,6,212,199.4,False,True,False,True,0,41.1,8,2,0,casual_legit
0,0,7,104,219.5,False,True,False,True,0,65.3,9,2,0,casual_legit
2,1,32,0,,True,False,True,True,0,1.2,0,1,1,credential_stuffing_bot
4,0,36,1,,False,True,True,False,1,0.5,0,2,1,credential_stuffing_bot
1,0,6,150,219.4,False,False,False,True,0,31.2,8,1,0,legit_password_typo
8,0,23,0,46.4,False,False,False,False,0,0.3,0,1,1,credential_stuffing_bot
0,0,1,23,248.0,False,False,False,False,0,44.0,5,2,0,mobile_legit
6,0,37,0,47.7,False,False,True,True,1,0.8,0,3,1,credential_stuffing_bot
0,1,3,2,316.8,False,False,False,False,0,19.8,7,2,0,mobile_legit
0,0,3,0,,False,True,True,False,0,1.8,0,19,1,scraper_bot
0,0,2,192,200.6,False,False,False,False,0,92.2,8,1,0,casual_legit
0,0,2,7,,False,False,False,False,0,41.5,7,2,0,mobile_legit
0,0,3,142,342.5,False,False,True,False,0,18.9,7,2,0,casual_legit
6,2,43,1,22.3,True,False,True,True,1,1.9,0,2,1,credential_stuffing_bot
2,0,0,182,298.9,False,False,False,False,0,19.4,12,2,0,legit_password_typo
0,0,2,63,222.4,False,False,False,False,0,100.2,7,4,0,casual_legit
4,0,10,1,32.0,True,False,True,False,2,1.5,1,2,1,credential_stuffing_bot
0,0,4,179,167.4,False,False,False,True,0,11.5,6,3,0,casual_legit
3,1,11,60,208.3,False,True,False,True,0,14.0,9,5,1,careful_human_attacker
0,0,2,235,181.2,True,False,False,False,0,100.5,9,3,0,legit_on_vpn
3,0,3,102,207.9,False,False,False,False,0,179.5,14,2,0,legit_password_typo
2,0,11,110,287.0,False,False,False,False,0,4.9,9,2,1,careful_human_attacker
0,0,2,0,319.5,False,False,False,False,0,7.3,8,4,0,mobile_legit
3,1,43,2,47.2,True,False,True,True,3,3.6,0,1,1,credential_stuffing_bot
0,0,3,65,356.6,False,False,False,False,0,33.9,10,3,0,casual_legit
0,0,4,213,154.2,False,False,False,False,0,5.9,6,3,0,casual_legit
0,1,5,68,239.2,False,False,False,False,0,130.0,8,4,0,legit_password_typo
0,0,1,246,261.3,False,False,False,False,0,40.1,10,3,0,casual_legit
0,0,1,211,212.8,False,False,False,False,0,18.1,9,1,1,casual_legit
2,5,4,34,208.5,True,False,False,True,1,10.4,6,1,1,careful_human_attacker
0,0,1,163,233.4,False,False,False,False,0,10.7,11,1,0,casual_legit
0,3,19,9,15.0,False,False,False,False,3,8.7,1,2,1,repeat_offender
1,0,6,133,215.8,False,False,False,False,0,146.5,10,3,0,legit_password_typo
0,0,4,12,275.1,False,False,False,False,0,43.6,3,1,0,mobile_legit
0,0,1,14,360.3,False,False,False,False,0,17.9,8,2,0,mobile_legit
1,0,6,97,213.7,True,False,False,False,0,130.0,11,4,0,legit_password_typo
0,0,32,1,,True,True,True,True,0,3.9,0,16,1,scraper_bot
0,0,5,12,281.2,False,False,False,False,0,16.3,3,2,0,mobile_legit
3,3,10,126,109.5,False,False,False,False,3,15.4,6,3,1,careful_human_attacker
0,0,5,144,216.7,False,False,False,False,0,73.4,8,2,0,casual_legit
0,0,6,198,239.4,True,False,False,False,0,9.0,13,3,0,legit_on_vpn
5,1,32,0,42.4,True,True,True,False,0,1.0,0,2,1,credential_stuffing_bot
0,0,3,182,191.9,True,False,False,False,0,50.0,7,3,0,legit_on_vpn
0,1,2,11,316.4,False,False,False,False,0,23.9,9,2,0,mobile_legit
0,0,0,232,224.7,False,False,False,False,0,48.6,9,1,0,casual_legit
0,0,7,153,245.3,False,False,False,False,0,59.6,13,2,0,legit_password_typo
0,0,30,1,,False,True,True,True,0,5.3,1,18,1,scraper_bot
0,0,3,62,272.9,True,False,False,False,0,8.8,11,1,0,legit_on_vpn
0,0,33,0,,True,False,False,False,1,1.7,0,12,1,scraper_bot
7,0,17,0,21.5,True,True,True,False,2,0.5,0,1,1,credential_stuffing_bot
0,0,4,322,207.5,True,False,False,False,0,5.1,11,3,1,casual_legit
0,0,3,140,242.9,False,False,False,False,0,23.1,9,2,0,casual_legit
3,2,5,9,,False,False,True,False,1,5.9,1,3,1,repeat_offender
3,0,16,2,23.9,False,True,False,True,0,0.8,1,1,1,credential_stuffing_bot
0,0,2,4,299.8,False,False,False,True,0,21.4,6,3,0,mobile_legit
0,0,0,28,,False,False,False,False,0,10.3,3,3,0,mobile_legit
2,1,7,106,178.9,False,False,False,False,0,20.7,7,1,0,legit_password_typo
2,5,8,98,210.7,True,False,False,False,0,114.6,8,1,0,careful_human_attacker
0,0,5,3,,False,False,False,False,0,12.3,5,3,0,mobile_legit
0,0,0,259,247.8,False,False,False,False,0,9.7,11,2,0,casual_legit
2,1,39,0,,False,True,True,False,1,1.0,0,1,1,credential_stuffing_bot
0,0,4,0,404.7,False,False,False,True,0,10.9,2,3,0,mobile_legit
0,0,3,161,163.0,False,False,False,False,0,21.9,12,4,0,casual_legit
0,0,5,83,265.8,False,False,False,False,0,38.5,6,1,0,casual_legit
0,0,2,122,288.3,False,False,False,False,0,31.5,12,3,0,casual_legit
0,0,2,165,118.6,False,False,False,False,0,44.2,10,4,0,casual_legit
0,1,0,240,225.2,False,False,False,False,0,90.4,8,1,0,casual_legit
0,0,2,0,325.5,False,False,False,True,0,6.2,4,3,0,mobile_legit
1,0,3,13,399.7,False,False,False,True,1,42.6,8,3,0,mobile_legit
0,0,2,297,255.7,False,False,False,False,0,112.6,10,6,0,casual_legit
0,0,5,134,204.6,False,False,False,True,0,56.9,9,1,0,casual_legit
0,1,4,110,231.1,False,False,False,False,0,15.9,15,1,0,legit_password_typo
2,0,2,194,175.9,False,False,False,False,0,127.3,10,3,0,legit_password_typo
0,0,0,155,252.8,False,False,False,False,0,8.0,10,3,0,casual_legit
0,0,2,20,334.0,False,False,False,False,0,24.8,7,2,0,mobile_legit
0,0,0,9,278.0,False,False,True,False,0,11.1,6,2,0,mobile_legit
3,0,36,1,43.2,True,False,True,False,1,0.9,0,1,1,credential_stuffing_bot
0,0,5,89,217.0,False,False,False,False,0,15.0,10,4,0,casual_legit
0,0,0,18,260.1,False,False,False,True,0,11.1,5,2,0,mobile_legit
0,0,3,250,204.2,False,False,False,False,0,11.6,8,1,0,casual_legit
0,0,3,160,278.6,False,False,False,False,0,12.4,13,4,0,casual_legit
1,1,3,177,234.6,False,True,False,False,0,11.0,3,3,1,careful_human_attacker
5,1,34,0,62.4,True,False,True,False,2,2.9,0,2,1,credential_stuffing_bot
0,0,2,134,214.7,False,False,False,False,0,135.8,9,4,0,casual_legit
0,0,4,328,234.1,False,False,False,True,0,32.0,10,1,0,casual_legit
0,0,4,216,202.1,False,False,False,False,0,222.9,9,2,0,casual_legit
0,0,3,159,202.1,False,False,False,False,1,47.3,10,3,0,casual_legit
0,0,2,15,260.1,False,False,False,True,0,20.0,6,3,0,mobile_legit
0,0,47,1,40.9,True,False,True,False,1,0.7,0,8,1,scraper_bot
0,0,3,232,216.5,False,False,False,False,0,34.0,12,2,0,casual_legit
2,0,35,1,15.0,True,False,True,False,0,2.5,0,3,1,credential_stuffing_bot
0,0,6,102,343.3,False,False,False,True,0,74.2,5,2,0,casual_legit
0,0,6,18,333.0,False,False,False,False,0,18.1,4,3,0,mobile_legit
0,0,31,1,36.9,False,True,False,True,0,1.5,0,9,1,scraper_bot
1,1,42,0,,True,False,True,False,0,2.7,0,9,0,scraper_bot
0,0,1,285,195.5,False,False,False,True,0,62.1,10,4,0,casual_legit
7,0,3,1,25.4,False,True,False,True,1,0.4,0,2,1,credential_stuffing_bot
7,1,11,0,15.0,True,False,False,False,1,0.9,0,1,1,credential_stuffing_bot
0,0,1,35,287.7,False,False,False,True,0,28.0,3,1,0,mobile_legit
0,0,36,0,,False,True,True,True,0,4.5,1,17,1,scraper_bot
0,0,2,193,220.9,False,False,False,False,0,37.1,9,2,0,casual_legit
1,0,3,186,244.5,False,False,False,False,0,39.1,16,5,0,casual_legit
3,1,19,14,,True,True,False,False,2,1.1,6,8,1,repeat_offender
3,0,5,186,220.8,False,False,False,False,0,38.1,15,3,0,legit_password_typo
1,2,13,136,122.0,True,False,False,False,1,39.6,9,2,1,careful_human_attacker
0,0,41,0,26.5,True,False,True,False,1,1.9,1,12,1,scraper_bot
0,0,4,289,192.3,True,False,False,False,0,9.7,4,2,0,casual_legit
1,0,3,148,188.0,False,False,False,True,0,21.3,7,1,0,legit_password_typo
0,0,4,12,385.6,False,False,False,False,0,82.1,11,1,0,mobile_legit
0,0,3,10,294.6,False,False,False,False,0,13.8,4,5,0,mobile_legit
1,0,6,154,179.0,False,False,False,False,0,28.7,3,4,0,casual_legit
0,0,5,213,166.0,False,False,False,False,0,33.5,1,5,0,casual_legit
0,0,0,131,187.2,False,False,False,False,0,43.5,9,4,1,casual_legit
1,1,0,12,,False,False,False,False,0,7.1,8,2,0,mobile_legit
5,0,20,0,,True,True,False,True,0,1.6,0,1,1,credential_stuffing_bot
3,0,6,118,263.3,False,False,False,False,0,150.1,10,3,0,legit_password_typo
0,0,37,2,,False,False,True,False,1,3.3,0,13,1,scraper_bot
0,0,4,107,180.7,False,False,False,False,0,23.4,8,6,0,casual_legit
0,0,3,19,269.5,False,False,False,True,0,13.2,6,2,0,mobile_legit
0,0,4,170,241.2,False,False,False,False,0,26.5,9,3,0,casual_legit
2,4,4,10,,False,False,False,True,2,1.5,2,3,1,repeat_offender
0,0,3,253,253.0,False,False,False,False,0,140.8,14,3,0,casual_legit
0,1,15,6,162.5,True,False,False,False,1,3.1,1,5,1,repeat_offender
4,0,21,0,,False,True,True,False,0,1.8,0,4,1,credential_stuffing_bot
5,0,31,0,36.1,False,False,False,False,1,1.6,0,2,1,credential_stuffing_bot
0,0,3,27,336.6,False,False,False,False,0,49.8,5,2,0,mobile_legit
0,0,24,0,24.3,False,True,False,False,1,0.3,0,17,1,scraper_bot
1,1,2,90,117.9,False,False,False,True,0,136.5,14,4,0,legit_password_typo
0,0,2,210,253.7,False,False,False,False,0,7.1,5,3,0,casual_legit
2,0,9,122,168.9,False,False,False,False,0,75.6,7,1,0,legit_password_typo
0,0,6,26,389.1,False,False,False,False,0,34.8,1,2,0,mobile_legit
0,0,18,0,,False,True,True,False,0,7.2,0,16,0,scraper_bot
4,1,31,0,40.7,True,True,False,True,0,0.7,0,1,1,credential_stuffing_bot
4,1,12,0,31.1,True,False,False,True,0,0.7,0,2,1,credential_stuffing_bot
5,1,35,1,15.0,False,True,True,False,1,1.0,0,1,1,credential_stuffing_bot
0,0,73,0,,True,True,True,False,1,3.4,1,20,1,scraper_bot
0,0,23,1,,True,True,True,True,0,2.2,0,22,1,scraper_bot
0,0,3,130,232.5,False,False,False,False,0,104.4,7,2,0,casual_legit
1,0,3,6,277.1,False,False,False,False,0,5.8,6,2,0,mobile_legit
0,0,4,220,233.4,False,False,False,True,0,124.9,7,1,1,casual_legit
0,0,3,238,240.2,False,False,False,True,0,29.2,12,3,0,casual_legit
0,0,2,120,369.0,False,False,False,False,0,89.5,9,3,0,casual_legit
1,0,2,94,241.0,True,False,False,True,0,30.7,7,1,0,legit_on_vpn
9,0,23,0,44.9,True,False,True,False,2,3.1,1,1,1,credential_stuffing_bot
1,3,0,100,239.4,True,False,False,True,0,74.8,12,3,1,careful_human_attacker
8,2,15,0,21.4,False,True,True,True,1,0.4,0,1,1,credential_stuffing_bot
0,0,4,166,263.5,True,False,False,False,0,8.1,7,5,0,casual_legit
0,0,1,333,233.7,False,True,False,True,0,18.9,10,3,0,casual_legit
1,0,6,122,185.5,True,False,False,True,1,30.8,8,3,1,careful_human_attacker
5,0,30,1,64.3,False,True,True,False,1,1.8,1,1,1,credential_stuffing_bot
0,0,5,251,219.8,False,False,False,False,1,45.4,11,3,0,casual_legit
4,1,4,5,105.2,True,False,True,False,1,6.6,0,6,1,repeat_offender
3,0,16,0,48.3,False,True,True,False,0,0.8,0,2,1,credential_stuffing_bot
0,1,5,103,232.8,False,False,False,False,0,64.4,12,3,0,casual_legit
0,0,5,32,179.2,False,False,False,True,0,40.3,12,1,0,legit_password_typo
0,0,0,52,140.6,False,False,False,False,0,12.1,11,1,0,casual_legit
6,4,16,156,198.2,True,False,True,False,0,87.7,6,4,1,careful_human_attacker
0,0,6,249,186.4,False,False,False,False,0,17.1,9,3,0,legit_password_typo
0,0,1,227,255.1,False,False,False,False,0,80.0,4,3,0,casual_legit
1,1,0,7,100.1,False,True,False,False,3,5.4,6,3,1,repeat_offender
1,0,3,54,231.2,True,False,False,False,0,68.1,11,4,0,legit_on_vpn
0,0,4,58,248.3,False,False,False,False,0,132.7,14,2,0,casual_legit
0,0,3,211,237.2,False,False,False,True,1,164.5,7,2,0,casual_legit
0,0,32,2,,False,False,True,True,0,3.0,1,15,1,scraper_bot
0,1,4,133,261.6,False,False,False,True,0,128.3,8,2,0,casual_legit
0,1,21,8,77.8,True,False,False,True,2,11.1,0,4,1,repeat_offender
0,0,0,161,216.7,True,False,False,False,0,91.6,10,2,0,legit_on_vpn
5,3,11,131,139.5,True,False,True,True,2,111.3,9,1,1,careful_human_attacker
0,0,5,242,271.7,False,False,False,False,0,48.1,9,3,0,casual_legit
5,2,17,8,,True,False,True,True,2,3.3,1,3,1,repeat_offender
0,0,6,71,209.0,False,False,False,True,0,130.7,12,1,0,casual_legit
2,1,8,214,245.9,False,True,False,False,0,93.0,5,1,1,careful_human_attacker
1,1,3,114,160.4,False,False,False,True,0,21.8,11,1,0,legit_password_typo
0,0,3,55,153.1,True,False,False,False,0,21.8,6,2,0,legit_password_typo
4,0,8,233,,False,False,False,False,1,132.0,7,3,1,careful_human_attacker
0,0,3,22,255.5,False,False,False,True,0,36.2,7,1,0,mobile_legit
4,0,29,0,48.4,True,False,True,False,1,0.5,1,1,1,credential_stuffing_bot
0,0,0,4,279.2,False,False,False,False,0,8.6,2,3,0,mobile_legit
0,0,3,66,250.4,False,False,False,False,0,63.1,12,1,0,casual_legit
0,0,2,187,192.1,False,False,False,False,0,96.0,6,2,0,casual_legit
0,0,53,0,76.8,False,True,True,True,0,1.6,5,14,1,scraper_bot
0,0,2,208,195.5,False,False,False,False,0,40.7,17,3,0,casual_legit
0,0,3,228,218.3,False,False,False,False,0,14.2,8,2,0,casual_legit
0,0,0,76,190.9,False,False,False,False,0,22.5,6,1,0,casual_legit
0,0,3,29,,False,False,False,False,0,21.2,3,3,0,mobile_legit
0,0,3,159,242.8,False,False,False,False,0,126.9,8,5,0,casual_legit
1,0,6,137,206.5,False,False,False,True,0,125.9,7,4,0,casual_legit
0,1,36,1,,True,False,False,True,1,7.3,2,18,1,scraper_bot
0,0,4,98,175.9,False,False,False,False,0,26.9,13,1,0,casual_legit
1,1,10,153,196.2,False,False,True,False,0,7.2,12,3,0,careful_human_attacker
2,2,11,220,224.4,True,False,False,True,0,6.9,11,3,1,careful_human_attacker
0,0,4,0,186.4,False,False,False,True,0,80.0,6,1,0,mobile_legit
1,1,14,9,51.3,True,False,False,True,3,2.5,1,6,1,repeat_offender
0,0,24,0,,False,True,True,False,0,2.4,0,20,1,scraper_bot
0,0,2,4,326.5,False,False,False,False,0,110.2,9,2,0,mobile_legit
0,0,31,1,,False,True,False,False,0,8.7,0,15,1,scraper_bot
1,0,6,165,216.9,False,False,False,False,1,11.3,10,2,0,casual_legit
2,1,5,130,250.6,False,False,False,False,0,68.7,10,3,0,legit_password_typo
7,0,21,1,38.2,True,False,True,False,0,1.4,0,1,1,credential_stuffing_bot
4,0,23,1,53.8,True,True,True,True,0,1.4,0,1,1,credential_stuffing_bot
1,3,14,8,47.9,True,True,False,False,3,4.0,3,3,1,repeat_offender
5,0,11,162,210.1,True,False,False,False,1,62.1,9,5,1,careful_human_attacker
0,0,5,263,178.0,False,False,False,False,0,15.5,9,4,0,casual_legit
1,0,27,1,,False,True,True,False,0,4.3,0,17,1,scraper_bot
3,0,23,1,,True,True,False,False,0,1.0,1,1,1,credential_stuffing_bot
0,0,4,0,223.8,False,False,False,False,0,26.9,9,3,0,mobile_legit
6,0,18,0,35.0,True,True,True,False,0,1.3,0,1,1,credential_stuffing_bot
4,0,9,126,195.7,False,False,False,False,0,18.1,5,4,1,careful_human_attacker
4,0,17,0,,False,True,True,False,1,1.9,1,1,1,credential_stuffing_bot
0,0,3,17,275.1,False,False,False,False,0,33.5,3,3,0,mobile_legit
3,1,8,146,158.7,True,True,False,False,2,41.0,7,6,1,careful_human_attacker
2,5,10,168,172.6,False,False,False,False,0,6.8,7,3,1,careful_human_attacker
3,2,1,180,43.3,False,False,False,True,0,114.5,9,2,1,careful_human_attacker
0,0,2,176,208.6,True,False,False,False,0,11.8,7,2,0,casual_legit
3,2,7,8,110.4,True,False,False,False,0,7.2,0,8,1,repeat_offender
1,0,2,169,191.1,False,False,False,False,0,27.8,10,2,0,legit_password_typo
0,0,4,2,212.0,False,False,False,False,0,14.7,7,2,0,mobile_legit
0,0,2,103,152.4,False,False,False,False,0,35.6,5,1,0,casual_legit
1,0,2,14,229.8,False,False,False,False,0,73.8,6,5,0,mobile_legit
0,0,22,1,,False,False,False,False,0,1.3,0,12,1,scraper_bot
2,0,19,9,50.1,True,False,True,True,1,3.7,2,3,1,repeat_offender
0,0,5,288,130.7,False,False,False,False,0,21.7,10,2,0,casual_legit
1,0,2,142,293.9,False,False,False,False,0,15.5,8,2,0,legit_password_typo
0,0,6,155,267.4,True,False,False,False,0,13.3,11,3,0,legit_on_vpn
3,2,0,111,230.2,True,False,False,True,0,55.5,6,3,1,careful_human_attacker
0,0,2,33,,False,False,False,True,0,42.4,6,1,0,mobile_legit
1,0,6,253,213.2,True,False,False,True,0,23.3,7,4,0,legit_on_vpn
1,1,4,144,192.1,False,False,False,True,0,33.3,13,4,0,legit_password_typo
1,1,27,9,142.4,False,True,False,False,3,9.0,1,4,1,repeat_offender
0,0,1,36,,False,False,False,False,0,65.5,3,3,0,mobile_legit
4,1,29,2,29.3,True,False,False,False,3,0.8,0,2,1,credential_stuffing_bot
0,1,5,181,178.1,False,False,False,False,0,63.0,11,4,0,legit_password_typo
0,0,1,136,193.7,False,False,False,False,0,40.2,7,2,0,casual_legit
5,1,13,143,150.5,False,False,False,False,0,40.7,5,3,1,careful_human_attacker
0,0,4,163,151.7,False,False,False,False,0,15.6,14,3,0,casual_legit
3,1,8,207,196.4,False,True,False,True,2,7.2,13,4,1,careful_human_attacker
0,1,5,13,227.4,False,False,False,False,0,11.4,6,2,0,mobile_legit
0,0,29,0,,False,False,False,False,0,0.4,1,23,1,scraper_bot
5,0,31,1,28.6,False,False,False,True,1,7.4,0,2,1,credential_stuffing_bot
0,0,5,263,228.4,True,False,False,False,0,56.1,14,3,0,casual_legit
3,0,11,1,26.8,False,True,True,False,0,0.9,0,1,1,credential_stuffing_bot
4,1,5,109,263.2,False,False,False,True,0,23.3,12,3,0,legit_password_typo
2,1,36,0,44.8,False,True,True,True,0,3.9,1,1,1,credential_stuffing_bot
0,1,4,135,251.8,True,False,True,False,0,11.0,10,2,0,casual_legit
0,0,5,193,239.6,False,False,False,False,0,24.5,3,3,0,casual_legit
3,0,20,1,,False,False,False,True,2,0.9,0,1,1,credential_stuffing_bot
0,0,2,103,228.8,False,False,False,False,0,69.8,6,1,0,casual_legit
6,2,6,150,198.6,True,False,False,False,1,14.9,5,3,1,careful_human_attacker
0,0,4,248,281.2,False,False,False,False,0,8.7,7,2,0,casual_legit
0,1,1,23,250.4,False,False,False,False,0,22.6,3,3,0,mobile_legit
4,1,7,118,176.4,True,False,False,True,0,52.3,7,3,1,careful_human_attacker
2,0,4,35,347.5,False,False,False,False,0,14.3,4,2,0,mobile_legit
0,1,39,0,29.8,False,True,True,False,0,0.4,0,17,1,scraper_bot
5,5,2,37,188.6,False,False,False,True,0,28.2,7,3,1,careful_human_attacker
0,0,3,108,215.7,False,False,False,False,0,15.2,5,4,0,casual_legit
3,1,5,0,15.0,True,True,True,False,0,1.4,0,1,1,credential_stuffing_bot
0,0,3,108,233.2,False,True,False,False,0,35.8,6,1,0,casual_legit
0,0,11,0,,True,True,True,False,0,0.7,0,11,1,scraper_bot
0,0,0,192,289.1,False,False,False,False,0,30.1,4,5,0,casual_legit
1,0,12,7,40.0,False,True,False,False,0,2.4,0,6,1,repeat_offender
1,0,1,207,200.2,False,False,False,False,0,61.5,9,2,0,casual_legit
0,0,2,29,355.3,False,False,False,True,0,39.2,9,1,0,mobile_legit
1,0,2,28,369.4,False,False,False,False,0,133.7,6,5,0,mobile_legit
0,0,47,0,,False,True,True,False,0,0.7,0,16,1,scraper_bot
1,0,45,0,49.1,True,False,True,False,0,0.3,0,18,1,scraper_bot
0,0,4,16,290.9,False,False,False,False,0,24.9,2,3,0,mobile_legit
2,4,9,183,77.4,True,False,False,False,0,34.5,5,2,1,careful_human_attacker
1,2,9,248,221.4,False,False,False,False,1,21.6,11,3,1,careful_human_attacker
0,1,1,10,,False,False,False,False,0,10.9,3,3,0,mobile_legit
1,0,7,0,,False,False,True,False,0,5.7,0,21,1,scraper_bot
0,0,6,270,281.2,True,False,False,False,0,63.8,7,3,0,casual_legit
0,0,3,178,195.0,False,False,False,False,0,44.3,7,2,0,casual_legit
3,1,34,0,25.0,False,True,False,False,2,0.2,1,2,1,credential_stuffing_bot
0,0,6,249,199.0,False,False,False,False,0,7.1,10,2,0,casual_legit
5,0,38,0,,True,False,True,False,0,1.4,1,2,1,credential_stuffing_bot
1,0,3,94,267.8,False,False,False,False,0,157.5,6,4,0,legit_password_typo
1,0,30,0,31.2,True,True,True,True,1,1.0,1,13,1,scraper_bot
2,1,12,41,237.5,True,False,False,True,0,10.7,7,4,1,careful_human_attacker
0,0,4,52,196.7,False,False,False,True,0,130.1,6,3,0,casual_legit
0,0,4,160,280.2,True,False,False,False,0,9.1,8,2,0,legit_on_vpn
1,0,5,103,229.4,True,False,True,True,0,55.1,6,2,0,legit_on_vpn
0,0,4,10,139.0,False,False,False,False,0,53.1,4,4,0,mobile_legit
1,0,35,1,,True,True,False,True,0,1.8,0,21,1,scraper_bot
2,2,0,219,163.4,True,False,False,False,0,26.2,3,5,1,careful_human_attacker
1,0,0,109,197.5,False,False,False,False,0,43.6,15,3,0,casual_legit
1,1,11,258,224.1,False,False,False,False,1,14.1,4,1,1,careful_human_attacker
1,0,2,1,294.6,False,False,False,False,0,28.1,3,1,0,mobile_legit
0,0,4,142,,False,True,False,False,1,23.9,18,2,0,legit_on_vpn
2,3,19,12,98.9,False,False,False,True,1,15.7,1,5,1,repeat_offender
5,1,39,0,,True,True,False,False,1,1.4,0,2,1,credential_stuffing_bot
2,0,8,220,187.9,False,False,False,True,0,42.6,16,2,0,legit_password_typo
2,2,7,254,169.0,False,False,False,False,0,35.8,12,2,0,legit_password_typo
0,0,3,193,268.0,True,False,False,False,0,11.6,8,2,0,legit_on_vpn
0,0,5,222,204.2,False,True,False,True,0,13.8,5,5,0,casual_legit
0,0,1,138,257.0,False,False,False,False,0,32.0,10,2,0,casual_legit
0,0,2,92,221.1,False,False,False,True,0,19.7,8,3,0,casual_legit
0,0,33,1,,False,False,False,False,0,2.5,0,13,1,scraper_bot
1,0,3,111,339.9,False,False,False,False,0,38.3,6,2,0,casual_legit
0,0,2,200,200.2,False,False,False,False,0,18.9,8,1,0,casual_legit
0,0,2,152,239.8,False,False,False,False,0,8.0,9,3,0,casual_legit
0,0,3,0,293.9,False,False,False,False,0,18.5,4,3,0,mobile_legit
0,0,3,251,200.4,False,False,False,False,0,65.1,5,5,0,casual_legit
6,0,26,1,37.2,True,False,False,False,0,0.8,0,1,1,credential_stuffing_bot
0,0,1,78,189.3,False,False,False,False,0,17.8,10,3,0,casual_legit
0,1,5,293,232.6,False,False,False,False,0,15.4,8,3,0,casual_legit
0,0,44,3,,True,True,False,True,0,0.6,0,18,1,scraper_bot
0,0,4,18,286.8,False,False,False,False,0,37.3,6,1,0,mobile_legit
0,0,5,134,164.0,False,False,False,True,0,39.9,9,7,0,legit_password_typo
0,0,0,55,331.9,False,False,False,False,0,39.8,3,2,0,mobile_legit
1,0,2,11,167.7,False,False,False,False,0,23.5,6,3,0,mobile_legit
1,0,29,1,,False,False,False,True,1,1.8,0,3,1,credential_stuffing_bot
6,0,29,1,,True,False,True,False,0,3.9,0,3,0,credential_stuffing_bot
0,0,2,169,198.4,False,False,False,False,0,24.9,8,3,0,casual_legit
2,1,15,10,,False,False,False,True,3,12.0,5,4,1,repeat_offender
1,0,4,355,254.6,False,False,False,False,0,36.6,5,2,1,casual_legit
0,0,5,148,224.5,False,False,False,False,0,8.7,9,2,0,casual_legit
0,0,1,142,174.1,False,False,False,True,0,20.9,6,5,0,casual_legit
2,0,7,266,127.9,False,False,False,True,0,9.2,12,5,0,legit_password_typo
2,2,4,107,167.5,False,False,False,False,0,6.3,4,7,1,careful_human_attacker
1,0,2,2,348.9,False,False,False,True,0,49.5,2,1,0,mobile_legit
0,0,0,146,185.1,False,False,False,False,0,48.6,9,3,0,casual_legit
0,0,4,161,211.7,False,False,False,False,0,10.2,7,5,0,casual_legit
4,2,30,0,,False,False,False,True,0,1.5,0,1,1,credential_stuffing_bot
0,0,26,0,,True,False,True,True,0,4.0,0,10,1,scraper_bot
0,0,3,309,311.9,False,False,False,False,0,10.4,6,3,0,casual_legit
0,0,6,175,210.0,False,False,False,False,0,10.3,9,1,0,casual_legit
1,4,6,272,121.5,True,False,False,False,0,123.0,7,5,1,careful_human_attacker
0,0,2,19,301.7,False,False,False,True,0,61.8,7,1,0,mobile_legit
1,3,7,11,,True,False,True,True,4,2.0,2,4,1,repeat_offender
0,0,34,1,,False,True,True,False,0,9.0,1,18,1,scraper_bot
1,0,5,5,,False,False,False,False,0,56.6,4,3,0,mobile_legit
6,1,5,50,206.9,True,False,False,False,0,14.0,8,3,1,careful_human_attacker
1,0,2,0,274.4,False,False,False,False,0,30.5,11,2,0,mobile_legit
2,2,5,194,223.1,False,False,False,False,0,52.9,9,2,0,legit_password_typo
0,0,3,166,216.8,False,False,False,False,0,6.7,12,2,0,casual_legit
0,0,4,68,260.1,False,False,False,False,0,22.9,8,3,0,casual_legit
1,0,52,0,58.1,False,True,False,True,0,1.9,0,14,1,scraper_bot
1,0,49,0,58.9,True,True,True,True,0,4.2,2,18,1,scraper_bot
5,1,10,162,160.8,False,False,False,False,0,30.2,6,2,1,careful_human_attacker
3,0,10,10,132.0,True,True,True,True,2,5.6,2,8,1,repeat_offender
1,0,3,103,165.0,True,False,False,True,0,7.9,7,1,0,legit_on_vpn
5,0,28,0,,False,True,True,False,0,0.5,0,3,1,credential_stuffing_bot
0,0,19,0,33.4,False,False,True,True,0,0.3,1,15,1,scraper_bot
0,0,3,4,343.3,False,False,False,False,0,87.4,6,3,0,mobile_legit
0,0,3,176,208.9,True,False,False,False,0,97.2,12,3,0,legit_on_vpn
5,1,27,1,55.0,False,False,True,True,0,0.3,0,2,1,credential_stuffing_bot
6,1,19,1,49.9,True,False,True,True,1,0.4,0,3,1,credential_stuffing_bot
3,1,9,7,,True,True,False,False,4,8.8,4,3,1,repeat_offender
1,0,3,23,326.4,False,False,False,True,0,12.8,7,4,0,mobile_legit
3,1,12,5,41.1,True,True,False,True,2,3.5,7,3,1,repeat_offender
0,0,6,144,243.6,False,False,False,False,0,15.6,13,1,0,casual_legit
4,7,13,153,,True,True,False,False,0,15.6,14,7,1,careful_human_attacker
3,2,25,0,45.7,True,True,True,False,2,2.1,1,1,1,credential_stuffing_bot
1,2,26,10,,True,True,False,False,3,11.2,1,6,1,repeat_offender
1,0,4,199,,False,False,False,False,0,87.4,18,4,0,legit_password_typo
3,2,15,183,210.9,False,False,False,False,1,90.3,9,3,1,careful_human_attacker
2,0,9,11,15.0,False,True,False,False,3,2.7,1,2,1,repeat_offender
0,0,3,50,276.3,False,False,False,False,0,25.8,10,2,0,mobile_legit
3,3,13,137,205.8,False,False,False,True,0,4.2,7,4,1,careful_human_attacker
0,0,58,0,41.3,True,False,False,False,0,0.7,0,14,1,scraper_bot
4,3,13,83,198.4,False,False,False,False,0,40.7,7,1,1,careful_human_attacker
0,0,34,8,22.3,False,False,True,False,2,9.4,2,4,1,repeat_offender
2,0,3,71,166.3,False,False,False,True,0,20.9,6,3,0,legit_password_typo
1,1,30,8,81.9,True,True,False,False,3,4.6,0,2,1,repeat_offender
1,0,40,1,,False,False,False,False,0,0.6,0,18,1,scraper_bot
8,0,31,0,41.8,False,False,True,True,0,2.0,1,1,1,credential_stuffing_bot
1,0,7,9,,True,False,True,True,1,4.0,3,3,1,repeat_offender
0,0,1,13,359.5,False,False,False,False,0,12.0,8,4,0,mobile_legit
0,0,2,145,276.5,False,False,False,False,0,49.7,10,6,0,casual_legit
2,0,4,94,108.1,False,False,False,True,0,75.1,16,2,0,legit_password_typo
0,0,3,279,276.3,False,False,False,False,0,10.2,11,1,0,casual_legit
0,0,5,160,257.3,True,False,False,False,0,26.7,7,3,0,legit_on_vpn
1,0,3,26,269.2,False,False,False,False,0,67.4,6,1,0,mobile_legit
3,1,15,0,,True,False,True,False,1,1.2,0,1,1,credential_stuffing_bot
0,0,1,231,190.6,False,False,False,True,0,77.5,6,2,0,casual_legit
2,1,14,16,15.0,True,False,False,True,2,2.9,5,3,1,repeat_offender
2,2,6,49,215.9,True,False,False,False,1,24.4,7,2,1,careful_human_attacker
0,0,3,185,229.2,False,False,True,False,0,31.8,15,2,0,casual_legit
0,0,5,261,212.1,False,False,False,False,0,11.0,11,2,0,casual_legit
0,0,4,27,,False,False,False,False,0,16.1,8,2,0,mobile_legit
4,4,6,66,223.9,False,False,False,True,1,9.5,6,4,1,careful_human_attacker
5,0,57,1,,True,True,False,False,1,0.4,0,1,1,credential_stuffing_bot
0,0,7,293,266.0,False,False,False,False,0,51.5,5,2,0,casual_legit
0,0,3,151,269.4,False,False,False,False,0,30.3,12,2,0,legit_password_typo
1,0,6,1,,True,False,False,False,2,0.6,0,1,1,credential_stuffing_bot
1,0,5,224,242.7,False,False,False,False,0,25.5,9,1,0,legit_password_typo
1,0,2,279,240.1,False,False,False,True,0,57.6,6,2,0,casual_legit
2,4,6,174,226.3,True,False,False,False,0,60.7,1,3,1,careful_human_attacker
0,0,2,20,271.5,False,False,False,True,0,37.3,2,1,0,mobile_legit
0,1,4,5,325.7,False,False,False,True,0,8.1,4,1,0,mobile_legit
0,0,4,170,225.1,False,False,False,False,0,33.5,4,3,0,casual_legit
0,0,15,0,,False,True,True,True,0,1.8,0,13,1,scraper_bot
0,1,0,20,346.8,False,False,False,True,0,14.5,7,2,0,mobile_legit
0,0,6,149,325.9,False,False,False,False,0,5.1,8,2,0,casual_legit
3,2,14,5,114.6,False,True,True,False,3,32.8,2,3,1,repeat_offender
6,1,44,0,38.2,True,True,True,True,1,2.6,2,1,1,credential_stuffing_bot
0,0,5,166,214.3,False,False,False,False,0,36.5,12,2,0,casual_legit
3,3,8,55,297.1,True,False,True,False,0,26.2,10,3,1,careful_human_attacker
0,0,6,192,267.9,False,False,False,False,0,38.9,11,2,0,casual_legit
0,0,3,3,353.3,False,False,False,True,0,13.2,12,2,0,mobile_legit
0,0,2,217,236.7,False,False,False,False,0,13.5,8,2,0,casual_legit
2,3,7,216,,False,False,False,True,2,13.1,9,6,1,careful_human_attacker
0,0,45,0,28.4,False,False,True,False,0,0.8,1,13,1,scraper_bot
0,0,4,108,200.7,False,False,False,False,0,68.7,11,2,0,legit_password_typo
1,0,4,40,238.7,False,False,False,False,0,27.9,8,1,0,mobile_legit
0,0,4,98,227.6,False,False,False,False,0,20.3,5,2,0,casual_legit
1,1,2,0,,False,False,False,False,1,14.5,9,1,0,mobile_legit
0,0,2,192,232.2,False,False,False,False,0,31.5,8,1,0,casual_legit
4,0,22,0,15.0,False,True,True,False,0,0.4,1,1,1,credential_stuffing_bot
2,3,2,138,127.9,False,False,False,False,0,17.0,9,1,1,careful_human_attacker
0,0,2,256,182.9,True,False,False,False,0,9.3,12,1,0,legit_on_vpn
2,0,5,0,36.4,False,False,True,False,0,2.5,2,15,1,scraper_bot
0,0,4,200,269.8,True,False,False,False,0,17.7,14,4,0,legit_on_vpn
1,0,5,223,241.5,False,False,False,False,0,42.7,14,4,0,casual_legit
0,0,2,3,290.8,False,False,False,False,0,8.9,6,5,0,mobile_legit
4,0,12,0,,True,True,True,False,2,3.2,0,1,1,credential_stuffing_bot
0,0,50,0,,True,False,True,True,1,1.7,0,17,1,scraper_bot
3,2,14,6,140.5,True,False,True,False,2,1.6,2,4,1,repeat_offender
2,0,2,225,169.5,False,False,False,False,0,26.0,11,2,0,legit_password_typo
0,0,3,164,299.9,False,False,False,True,0,48.8,11,1,0,casual_legit
0,0,5,123,260.7,False,False,False,False,0,11.5,10,2,0,casual_legit
0,1,2,0,190.4,False,False,False,False,0,90.2,9,1,0,mobile_legit
0,0,7,27,311.2,False,False,False,True,0,16.2,7,2,0,mobile_legit
0,0,4,8,207.7,False,False,False,False,0,81.3,6,1,0,mobile_legit
0,0,26,1,,False,True,True,False,0,3.4,0,10,1,scraper_bot
0,0,4,262,197.4,False,False,False,True,0,34.1,12,3,0,casual_legit
0,0,4,23,404.8,False,False,False,True,0,6.5,3,1,0,mobile_legit
2,0,1,208,209.4,False,False,False,False,0,5.4,13,2,0,casual_legit
0,0,2,207,178.5,False,False,False,False,0,8.4,17,2,0,casual_legit
6,0,12,80,,False,False,False,True,0,23.9,4,6,1,careful_human_attacker
0,0,5,135,195.8,False,False,False,True,0,110.4,7,5,0,legit_password_typo
0,1,2,0,273.7,False,False,False,True,0,6.8,7,3,0,mobile_legit
1,0,1,0,210.5,False,False,False,True,0,41.8,14,1,0,casual_legit
1,0,5,257,149.8,False,False,False,True,0,13.1,6,4,0,legit_password_typo
0,0,5,286,292.5,False,False,False,False,0,75.6,8,3,0,casual_legit
0,0,16,0,,False,True,True,True,0,4.1,2,11,1,scraper_bot
1,0,1,147,241.7,False,False,False,True,0,37.5,8,1,0,legit_password_typo
0,0,19,0,,True,False,True,False,2,0.7,0,13,1,scraper_bot
0,0,1,253,137.0,False,False,False,False,0,11.6,10,3,0,casual_legit
0,0,0,32,224.5,False,False,False,False,0,15.3,2,2,0,mobile_legit
0,0,5,111,234.3,False,False,False,False,0,7.8,14,3,0,casual_legit
0,0,6,0,241.9,False,False,False,False,0,11.3,7,1,0,mobile_legit
1,0,0,167,198.9,False,False,False,False,0,35.3,6,4,0,legit_password_typo
0,0,41,0,48.7,False,True,True,False,1,3.5,2,20,1,scraper_bot
0,0,52,1,35.7,False,True,False,False,0,4.1,1,20,1,scraper_bot
0,0,3,273,246.6,True,False,False,True,0,8.9,14,5,0,legit_password_typo
0,0,24,0,52.8,False,False,True,True,1,2.3,0,13,1,scraper_bot
1,0,4,17,265.2,False,False,False,False,0,105.6,8,5,0,mobile_legit
3,0,22,1,19.8,False,False,True,True,0,0.7,0,2,1,credential_stuffing_bot
2,0,4,29,289.0,False,False,False,True,0,53.6,4,3,0,mobile_legit
3,0,8,0,53.2,True,True,True,False,1,1.4,0,2,1,credential_stuffing_bot
0,0,5,260,289.1,False,False,False,False,0,20.7,8,3,0,legit_password_typo
0,0,4,170,220.6,False,False,False,False,0,20.1,7,2,0,casual_legit
0,0,6,225,227.5,True,False,False,True,0,53.0,8,1,0,legit_on_vpn
0,0,4,219,260.8,False,False,False,False,0,20.7,7,3,0,casual_legit
0,0,5,216,234.3,False,False,False,False,0,26.3,6,1,1,casual_legit
3,0,17,0,,True,True,True,False,0,1.0,0,2,1,credential_stuffing_bot
4,1,11,118,313.2,True,True,False,False,0,36.1,7,3,1,careful_human_attacker
0,0,32,2,,False,True,True,True,0,4.2,2,12,1,scraper_bot
2,2,26,0,41.3,False,False,True,False,1,0.6,0,2,1,credential_stuffing_bot
6,0,17,3,65.5,True,False,True,False,0,4.6,2,2,1,repeat_offender
1,0,27,6,66.4,False,False,True,True,2,1.2,3,4,0,repeat_offender
0,0,0,287,229.7,False,False,False,False,0,88.8,14,1,0,casual_legit
2,0,4,102,238.0,False,False,False,True,0,22.1,13,2,0,legit_password_typo
0,0,6,137,140.1,False,False,False,False,0,45.4,8,5,0,legit_password_typo
0,0,1,234,288.4,False,False,False,True,0,62.7,11,4,0,casual_legit
6,0,27,0,,True,False,True,True,2,0.3,1,1,1,credential_stuffing_bot
1,2,6,11,,False,False,False,False,2,10.6,1,4,1,repeat_offender
2,3,10,157,184.1,True,False,False,False,0,38.4,8,5,1,careful_human_attacker
0,0,51,0,42.3,False,True,True,True,1,0.3,0,14,1,scraper_bot
1,0,1,111,283.0,False,False,False,False,0,38.3,11,3,0,casual_legit
4,2,16,100,233.9,True,False,False,True,2,24.4,6,3,1,careful_human_attacker
0,0,2,162,189.3,False,False,False,False,0,32.1,13,3,0,casual_legit
0,0,4,165,,True,False,False,False,0,53.6,3,5,0,legit_on_vpn
0,0,3,179,221.9,False,False,False,False,0,58.2,12,2,0,casual_legit
0,0,6,249,119.6,False,False,False,False,0,53.9,9,2,0,legit_password_typo
0,0,2,32,307.8,False,False,False,False,0,21.7,2,3,0,mobile_legit
1,0,22,6,58.1,True,False,False,False,3,6.9,3,4,1,repeat_offender
1,0,5,107,214.0,False,False,False,False,0,9.1,10,1,0,casual_legit
0,0,0,167,152.0,False,False,False,True,0,23.9,2,2,0,casual_legit
5,0,9,144,270.3,True,False,False,False,0,83.6,6,4,1,careful_human_attacker
0,1,3,7,,False,False,False,False,0,36.0,11,4,0,mobile_legit
6,0,19,2,37.3,True,True,True,False,1,1.4,0,2,1,credential_stuffing_bot
5,0,22,1,,True,True,True,False,0,0.3,0,2,1,credential_stuffing_bot
0,0,2,103,179.9,False,False,False,False,0,43.0,5,4,0,casual_legit
5,0,30,2,32.6,False,False,True,False,3,0.6,1,2,1,credential_stuffing_bot
7,1,36,0,15.0,True,False,True,True,0,0.4,1,1,1,credential_stuffing_bot
0,0,4,66,329.0,False,False,False,False,0,77.8,4,4,0,casual_legit
0,0,6,300,251.3,False,False,False,False,0,100.9,13,1,0,casual_legit
1,0,3,85,174.0,False,False,False,False,0,5.1,9,1,0,casual_legit
0,0,2,20,283.6,True,False,False,False,0,78.9,2,3,0,mobile_legit
1,2,20,7,,True,False,False,True,3,1.8,3,7,1,repeat_offender
0,0,2,185,217.0,False,False,False,True,0,11.6,10,5,0,casual_legit
0,0,3,146,277.3,False,False,False,False,0,16.9,15,3,0,casual_legit
0,0,2,120,,False,False,False,False,0,85.6,13,3,0,legit_password_typo
0,0,3,10,177.5,False,False,False,False,0,9.1,4,3,0,mobile_legit
0,0,4,92,228.0,False,False,False,False,0,91.7,8,3,0,casual_legit
0,0,1,158,278.9,False,False,False,False,0,98.2,5,2,0,casual_legit
0,0,3,4,402.1,False,False,False,False,0,14.2,5,2,0,mobile_legit
3,2,43,0,,False,True,False,True,2,1.0,0,2,1,credential_stuffing_bot
1,0,3,50,174.4,False,False,False,False,0,179.1,14,2,0,legit_password_typo
3,2,12,7,68.8,True,False,True,True,1,2.5,3,4,1,repeat_offender
0,0,4,163,308.8,True,False,False,False,0,49.1,11,1,0,legit_on_vpn
0,0,3,151,,False,False,False,False,0,10.3,8,4,0,casual_legit
4,0,40,0,41.5,False,True,True,False,0,1.9,0,1,0,credential_stuffing_bot
0,0,1,269,278.9,False,False,False,False,0,46.1,10,2,0,casual_legit
0,0,3,321,189.4,False,False,False,False,0,75.1,10,2,0,casual_legit
0,0,5,136,249.1,False,True,False,True,0,44.3,8,2,0,casual_legit
3,1,32,0,,False,True,False,True,2,0.3,0,1,1,credential_stuffing_bot
1,0,3,14,242.7,False,False,False,True,0,86.8,7,2,0,mobile_legit
6,0,46,1,62.6,False,False,False,False,1,1.2,0,2,1,credential_stuffing_bot
0,0,6,80,235.9,False,False,False,False,0,54.7,14,1,0,casual_legit
0,0,3,31,273.2,False,False,False,False,0,128.0,2,3,0,mobile_legit
2,1,21,8,151.4,True,False,True,True,1,11.1,1,5,1,repeat_offender
0,0,4,39,295.1,False,False,False,False,0,40.7,1,1,0,mobile_legit
5,2,14,53,245.6,False,False,False,True,0,48.0,10,2,0,careful_human_attacker
0,0,3,143,191.3,False,False,False,False,0,87.2,5,1,0,casual_legit
2,1,0,11,84.3,True,False,False,False,1,20.9,1,3,1,repeat_offender
1,0,2,6,370.3,False,False,False,False,0,7.5,4,1,1,mobile_legit
1,0,3,219,218.1,False,False,False,False,1,18.8,16,2,0,legit_password_typo
0,0,0,14,216.0,False,False,False,False,0,10.7,6,2,0,mobile_legit
3,0,24,0,74.0,False,False,False,True,0,4.0,0,1,1,credential_stuffing_bot
2,0,36,0,55.2,False,False,True,False,0,1.7,1,1,1,credential_stuffing_bot
0,0,3,224,311.1,False,False,False,False,0,6.9,13,1,0,casual_legit
2,1,12,173,217.6,True,False,False,False,2,7.6,4,4,1,careful_human_attacker
3,1,28,0,49.6,False,True,True,True,0,0.6,0,3,1,credential_stuffing_bot
0,0,5,2,253.4,False,True,False,False,0,22.6,4,3,0,mobile_legit
0,0,2,0,246.7,False,False,False,False,0,6.4,7,5,0,mobile_legit
3,0,3,236,240.1,False,False,False,True,0,6.0,2,3,1,careful_human_attacker
0,0,1,224,189.5,False,False,False,False,0,49.7,13,2,0,casual_legit
0,0,3,78,247.3,False,False,False,False,0,11.1,8,3,0,casual_legit
4,3,7,94,231.4,False,False,False,True,0,7.1,3,4,1,careful_human_attacker
0,0,3,127,274.4,True,False,False,False,0,47.5,11,2,0,casual_legit
0,0,57,1,,True,False,True,False,0,1.3,1,19,1,scraper_bot
0,1,34,0,,True,True,False,False,0,1.2,1,15,1,scraper_bot
2,2,2,195,,False,False,False,True,0,5.9,6,2,1,careful_human_attacker
0,0,1,237,262.9,False,False,False,False,0,16.1,9,2,0,casual_legit
1,0,3,95,195.4,False,False,False,False,0,87.6,9,2,0,casual_legit
0,0,2,175,217.0,False,False,False,False,0,10.9,11,2,0,casual_legit
1,0,4,13,262.6,False,False,False,True,0,44.1,4,3,0,mobile_legit
0,0,5,125,173.0,False,False,False,False,0,52.3,8,2,0,casual_legit
1,0,32,0,,True,True,True,False,0,1.5,0,14,1,scraper_bot
0,0,2,12,358.3,False,False,False,False,0,47.4,4,2,0,mobile_legit
4,0,18,1,28.9,False,False,True,False,1,3.8,0,1,1,credential_stuffing_bot
6,1,16,1,17.6,True,False,False,False,0,0.2,0,2,1,credential_stuffing_bot
1,0,1,163,283.0,False,False,False,True,0,29.9,8,1,0,casual_legit
4,2,7,215,283.3,True,False,False,False,1,20.9,4,2,1,careful_human_attacker
2,2,9,80,111.6,True,False,False,False,0,43.8,4,4,1,careful_human_attacker
1,0,42,0,24.7,False,False,True,False,0,1.8,0,1,1,credential_stuffing_bot
1,0,5,92,220.9,False,False,False,False,0,70.4,11,4,0,casual_legit
0,0,4,180,230.0,True,False,False,False,1,6.4,2,4,0,legit_on_vpn
0,0,7,98,245.9,False,False,False,False,0,42.9,7,3,0,casual_legit
4,2,43,0,,False,True,True,True,1,0.7,1,2,1,credential_stuffing_bot
2,0,39,1,54.7,True,True,False,True,2,1.4,0,1,1,credential_stuffing_bot
0,0,2,145,266.2,False,False,False,False,0,48.6,12,5,0,casual_legit
5,1,19,2,31.4,False,True,True,False,2,2.2,0,2,1,credential_stuffing_bot
1,0,4,112,245.6,False,False,False,False,0,86.6,9,3,0,casual_legit
0,0,1,181,288.4,False,False,False,False,0,16.1,6,1,0,casual_legit
1,0,4,107,231.7,True,False,False,False,0,21.9,11,2,0,legit_on_vpn
0,0,0,9,,False,False,False,True,5,7.8,0,3,1,repeat_offender
5,0,27,0,,False,False,False,False,0,0.9,0,2,1,credential_stuffing_bot
1,0,2,86,173.8,False,False,False,False,0,23.4,12,4,0,legit_password_typo
3,0,5,229,171.8,True,False,False,False,0,9.6,14,1,0,legit_password_typo
0,0,4,35,,False,False,False,False,0,14.2,5,1,0,mobile_legit
0,0,2,277,266.2,False,False,False,False,0,73.0,10,3,0,casual_legit
3,0,44,1,55.6,True,True,False,True,2,1.1,0,1,1,credential_stuffing_bot
0,0,6,199,219.1,False,False,False,False,0,33.5,8,1,0,legit_password_typo
0,0,2,131,272.6,False,False,False,False,0,10.9,7,2,0,casual_legit
0,0,3,26,313.6,False,False,False,False,0,16.4,3,1,0,mobile_legit
0,0,45,0,64.8,True,False,True,True,2,5.1,0,17,1,scraper_bot
3,1,19,0,35.3,True,False,False,False,2,1.1,0,3,1,credential_stuffing_bot
4,0,23,1,,False,False,False,False,2,1.1,0,1,1,credential_stuffing_bot
0,0,3,159,236.0,False,False,False,False,0,39.7,13,3,0,casual_legit
0,0,1,206,266.4,False,False,False,True,0,8.6,10,3,0,casual_legit
1,0,1,13,385.7,False,False,False,False,0,16.0,4,3,0,mobile_legit
0,0,2,191,245.0,False,False,False,False,0,16.4,8,1,0,casual_legit
4,2,7,29,248.6,False,False,False,False,0,38.5,12,4,1,careful_human_attacker
2,2,5,220,286.5,False,False,False,False,0,16.9,8,2,1,careful_human_attacker
0,0,3,218,199.5,False,False,False,False,0,18.1,7,2,0,casual_legit
3,0,3,116,179.3,False,False,False,False,0,16.7,10,3,0,legit_password_typo
0,0,1,117,232.8,False,False,False,True,0,9.5,6,2,0,casual_legit
3,1,0,111,211.8,True,False,False,False,1,74.4,2,4,1,careful_human_attacker
2,4,18,141,194.3,True,False,False,False,0,5.3,5,4,1,careful_human_attacker
4,1,5,0,145.3,True,False,False,False,0,24.1,6,3,1,careful_human_attacker
0,0,3,134,267.1,False,False,False,False,0,9.4,5,2,0,casual_legit
0,0,3,261,275.9,False,False,False,False,0,5.1,12,2,0,casual_legit
0,0,47,0,,True,True,True,True,0,0.9,0,19,1,scraper_bot
6,2,40,2,,False,False,True,False,2,1.5,0,1,1,credential_stuffing_bot
0,0,4,137,246.0,False,False,False,False,0,41.7,8,1,0,casual_legit
0,0,3,239,280.4,True,False,False,False,0,40.8,10,1,0,legit_on_vpn
0,0,2,18,,False,False,False,False,0,11.7,8,1,0,mobile_legit
0,0,2,0,406.7,False,False,False,False,0,24.9,7,1,0,mobile_legit
8,0,28,0,,False,True,False,True,1,2.8,0,1,1,credential_stuffing_bot
0,0,0,182,225.6,False,False,False,True,0,33.2,8,2,0,casual_legit
5,0,37,0,,False,False,False,False,0,3.1,0,2,1,credential_stuffing_bot
0,0,3,132,173.0,False,False,False,False,0,38.6,8,3,0,casual_legit
1,0,4,0,332.6,False,False,False,True,0,21.8,6,2,0,mobile_legit
1,0,5,0,326.9,False,False,False,False,0,73.1,7,1,0,mobile_legit
2,1,20,8,,True,True,False,False,4,12.9,2,5,1,repeat_offender
4,1,21,1,,False,True,True,True,0,3.0,0,1,1,credential_stuffing_bot
4,0,16,2,,False,False,False,False,2,1.2,0,2,1,credential_stuffing_bot
0,0,3,239,198.2,False,False,False,False,0,13.1,11,4,0,casual_legit
0,0,2,152,242.0,True,False,False,False,0,76.5,8,3,0,legit_on_vpn
3,0,18,5,,True,False,False,False,1,10.4,3,3,1,repeat_offender
0,0,1,122,230.1,False,False,False,False,0,34.9,8,4,0,casual_legit
1,0,3,190,341.6,True,False,False,False,0,96.5,8,2,0,casual_legit
0,0,5,143,202.7,False,False,False,False,0,173.1,11,3,0,legit_password_typo
1,2,6,175,283.1,False,False,False,True,1,28.4,10,4,1,careful_human_attacker
0,0,2,148,160.2,False,False,False,False,0,66.2,9,3,0,casual_legit
0,0,0,215,263.3,False,False,False,False,0,62.1,8,3,0,casual_legit
1,0,40,0,,True,True,True,False,1,0.6,0,6,1,scraper_bot
0,0,2,176,201.3,False,False,False,False,0,38.5,6,3,0,casual_legit
0,0,4,2,313.0,False,False,False,True,0,116.4,8,2,0,mobile_legit
5,0,25,0,41.6,False,True,False,False,0,0.2,0,1,1,credential_stuffing_bot
0,0,2,30,275.9,False,False,False,False,0,10.9,10,1,0,mobile_legit
0,0,0,16,338.0,False,False,False,False,0,24.6,6,1,0,mobile_legit
4,4,3,99,201.2,True,False,False,True,0,81.7,3,3,1,careful_human_attacker
0,0,2,35,281.1,False,False,False,True,0,13.4,6,1,0,mobile_legit
0,0,3,267,194.4,False,False,False,False,0,76.4,5,2,0,casual_legit
0,0,48,1,31.2,False,True,True,True,0,6.6,0,15,1,scraper_bot
3,1,2,5,94.1,False,False,False,True,2,7.4,4,4,1,repeat_offender
1,0,7,217,270.0,False,False,False,False,0,9.7,5,2,1,legit_password_typo
0,0,3,94,,False,False,False,False,0,12.8,12,4,0,casual_legit
0,0,4,73,219.3,False,False,False,False,0,19.0,6,3,0,casual_legit
3,0,2,103,226.7,False,False,False,False,0,66.2,10,4,0,legit_password_typo
0,0,1,22,246.4,False,False,False,False,0,32.8,2,2,0,mobile_legit
1,0,3,193,189.6,False,False,False,False,0,18.8,6,4,0,casual_legit
0,1,2,223,227.6,False,False,False,True,0,11.0,6,2,0,casual_legit
0,0,4,182,304.6,False,False,False,False,1,88.5,2,5,0,casual_legit
0,0,8,180,258.3,True,True,False,False,0,14.3,8,2,0,legit_on_vpn
2,0,31,1,,False,True,False,True,0,0.6,0,18,1,scraper_bot
0,0,29,0,,False,True,True,False,0,0.3,0,15,1,scraper_bot
1,1,4,119,266.1,True,False,False,False,0,12.1,5,3,1,careful_human_attacker
4,0,31,0,49.1,False,True,True,True,0,1.1,0,1,1,credential_stuffing_bot
1,1,16,11,,False,False,False,True,2,2.5,4,5,1,repeat_offender
1,1,6,9,86.9,True,False,True,True,2,2.7,2,5,1,repeat_offender
0,0,6,131,201.3,True,False,False,True,0,26.1,9,3,0,legit_on_vpn
0,0,0,245,184.9,False,False,False,False,0,23.0,11,3,0,casual_legit
1,0,2,22,236.1,False,False,False,False,0,65.3,7,2,0,mobile_legit
6,0,33,1,,True,False,True,True,0,1.2,0,1,1,credential_stuffing_bot
4,1,27,0,36.2,True,True,True,False,3,3.7,0,1,1,credential_stuffing_bot
0,0,3,230,321.9,False,False,False,False,0,7.0,10,4,0,casual_legit
0,0,44,1,,False,True,True,False,0,0.6,0,12,0,scraper_bot
0,0,5,82,261.3,False,False,False,False,0,83.5,9,6,0,legit_password_typo
0,0,4,225,140.7,False,False,False,False,0,13.8,10,2,0,casual_legit
0,0,3,241,230.9,False,False,False,False,0,16.0,8,1,0,casual_legit
1,1,13,8,89.0,False,False,False,False,1,4.9,1,5,1,repeat_offender
3,0,18,3,,False,True,True,False,5,4.7,3,4,1,repeat_offender
0,0,4,9,214.6,False,False,False,True,0,18.9,3,2,0,mobile_legit
1,0,5,240,168.5,False,False,False,False,0,77.3,12,1,0,legit_password_typo
0,0,4,214,269.8,False,False,False,False,0,22.8,9,2,0,legit_on_vpn
0,0,30,1,,True,True,True,False,1,1.0,0,13,1,scraper_bot
1,0,0,0,249.8,False,False,False,False,0,24.9,4,3,0,mobile_legit
0,0,2,6,337.1,False,False,False,True,0,29.9,5,1,0,mobile_legit
1,0,24,0,,True,False,True,False,0,5.6,0,14,1,scraper_bot
0,0,49,0,,False,True,True,True,0,3.6,0,17,1,scraper_bot
1,0,1,0,300.3,False,False,False,False,0,38.4,8,2,0,mobile_legit
0,0,4,0,314.0,False,False,False,False,0,22.6,8,3,0,mobile_legit
0,0,4,9,,False,False,False,False,1,73.0,8,1,0,mobile_legit
0,0,70,1,,False,False,True,True,0,1.5,0,16,1,scraper_bot
0,1,1,175,192.9,False,False,False,False,0,38.3,8,2,0,casual_legit
3,4,1,125,250.6,False,True,False,False,0,12.8,7,4,1,careful_human_attacker
0,0,4,25,347.1,False,False,False,False,0,50.0,5,3,0,mobile_legit
0,0,4,135,194.3,False,False,False,True,0,31.3,7,4,0,casual_legit
0,0,34,0,,True,True,True,True,0,5.2,0,8,1,scraper_bot
0,0,2,148,208.1,False,False,False,False,0,27.7,5,1,0,casual_legit
5,2,40,0,52.9,True,True,False,False,0,1.6,0,1,1,credential_stuffing_bot
0,0,4,152,296.6,False,False,False,False,0,40.7,13,2,0,casual_legit
3,3,9,151,178.5,False,False,False,False,0,27.0,5,4,1,careful_human_attacker
2,0,1,178,233.0,False,False,False,False,0,107.8,11,2,0,casual_legit
0,0,0,103,251.6,True,False,False,False,0,14.9,4,1,0,legit_on_vpn
6,1,48,1,25.6,False,False,True,True,0,0.4,0,1,1,credential_stuffing_bot
0,0,3,82,,False,False,False,False,0,25.1,10,1,0,casual_legit
0,0,4,14,356.5,False,False,False,False,0,81.9,4,1,0,mobile_legit
0,0,3,15,323.7,False,False,False,False,0,6.3,3,3,0,mobile_legit
9,0,28,3,,True,True,True,True,0,1.1,0,1,1,credential_stuffing_bot
0,0,4,12,272.7,False,True,False,False,0,13.7,8,1,0,mobile_legit
0,0,2,22,293.7,False,False,False,False,0,20.8,7,3,0,mobile_legit
8,0,45,1,42.8,True,True,False,False,0,1.6,0,1,1,credential_stuffing_bot
4,2,30,1,34.7,True,False,True,False,1,1.1,0,1,1,credential_stuffing_bot
0,0,4,182,259.2,False,False,False,False,0,10.7,11,2,0,casual_legit
0,0,5,87,195.4,False,False,False,False,0,37.0,8,1,0,casual_legit
0,1,5,30,,False,False,False,False,0,12.1,7,1,0,mobile_legit
1,3,17,2,115.8,True,False,False,False,2,1.6,2,2,1,repeat_offender
4,2,10,91,276.4,False,True,False,False,2,19.7,8,6,1,careful_human_attacker
1,0,0,100,,False,False,False,False,0,82.0,11,3,0,casual_legit
1,0,37,2,,True,True,True,True,0,2.2,1,16,1,scraper_bot
4,1,12,201,199.4,True,False,False,False,0,19.2,6,3,1,careful_human_attacker
0,0,2,247,167.7,False,False,False,True,0,171.4,2,2,0,casual_legit
3,1,22,0,47.1,False,False,True,True,2,1.4,1,2,1,credential_stuffing_bot
2,0,22,2,42.0,False,False,True,True,0,1.5,2,1,1,credential_stuffing_bot
0,0,0,217,295.2,False,False,False,False,0,65.3,15,3,0,casual_legit
6,2,14,0,,True,True,False,True,1,3.2,2,1,1,credential_stuffing_bot
0,0,4,0,253.9,False,False,False,False,0,72.4,2,4,0,mobile_legit
2,4,15,174,225.1,False,False,False,False,0,20.6,5,7,1,careful_human_attacker
0,0,1,333,284.6,False,False,False,True,0,28.9,10,4,0,casual_legit
0,0,26,0,15.0,True,True,False,False,0,1.9,0,9,1,scraper_bot
9,0,20,0,30.2,False,False,True,False,0,0.6,1,1,1,credential_stuffing_bot
0,0,35,1,,False,False,True,True,1,0.7,2,9,1,scraper_bot
0,0,4,253,208.6,True,False,False,False,0,16.6,14,3,0,casual_legit
0,1,6,129,327.4,False,False,False,False,0,37.0,6,3,0,casual_legit
0,0,5,242,214.7,False,False,False,False,0,82.9,7,5,0,casual_legit
0,0,2,180,236.5,True,False,False,False,0,119.9,11,3,0,casual_legit
2,0,18,1,50.6,False,False,False,False,0,1.5,0,1,1,credential_stuffing_bot
0,0,3,186,345.8,False,False,False,False,0,79.3,6,2,1,casual_legit
0,0,3,224,276.0,False,False,False,False,0,5.8,9,1,0,casual_legit
0,0,4,174,273.9,False,True,False,False,0,75.2,9,3,0,casual_legit
0,0,2,206,,False,False,False,False,0,56.0,9,3,0,casual_legit
0,0,2,210,208.9,False,False,False,False,0,12.6,15,2,1,casual_legit
0,0,1,178,304.6,False,False,False,False,0,50.4,10,2,0,casual_legit
5,1,33,0,,False,False,False,False,0,0.6,0,1,1,credential_stuffing_bot
0,0,3,101,161.8,True,False,False,True,0,43.2,11,3,0,legit_on_vpn
1,0,13,0,,False,True,False,True,0,0.4,1,13,1,scraper_bot
2,1,20,0,36.3,True,True,False,False,1,1.9,0,1,1,credential_stuffing_bot
0,0,3,77,318.7,True,False,False,False,0,27.3,13,1,0,legit_on_vpn
0,0,7,2,,False,False,True,False,2,0.6,0,22,0,scraper_bot
5,0,13,1,,True,True,True,False,0,0.9,0,1,1,credential_stuffing_bot
2,3,11,108,173.3,True,False,False,True,0,24.6,10,6,1,careful_human_attacker
0,0,0,38,,False,False,False,True,0,12.6,5,2,0,mobile_legit
0,0,2,246,237.3,False,False,False,False,0,15.3,8,4,0,casual_legit
4,0,18,0,,True,False,False,False,1,1.1,0,1,1,credential_stuffing_bot
3,3,5,54,192.3,False,True,True,False,0,9.6,9,2,1,careful_human_attacker
3,0,8,173,199.4,True,False,False,True,0,19.4,5,4,1,careful_human_attacker
3,0,5,217,293.9,True,True,False,False,0,86.2,10,2,1,legit_password_typo
2,2,4,155,278.8,True,True,False,False,0,27.7,8,4,1,careful_human_attacker
0,1,4,0,255.1,False,False,False,False,0,18.0,6,1,0,mobile_legit
4,0,6,195,226.3,False,False,False,True,0,10.6,11,5,1,careful_human_attacker
4,1,33,0,,False,False,True,False,1,2.0,1,1,1,credential_stuffing_bot
2,1,1,116,210.7,False,False,False,False,0,18.4,15,3,0,legit_password_typo
0,0,6,289,180.0,False,False,False,True,0,13.7,15,2,0,legit_password_typo
0,0,3,250,,False,False,True,False,0,21.8,7,2,0,casual_legit
0,0,5,210,170.6,False,False,False,False,0,20.4,13,4,0,casual_legit
1,0,6,143,210.8,True,False,False,False,0,24.4,7,1,1,casual_legit
0,0,1,54,328.5,False,False,False,True,0,4.4,5,3,0,mobile_legit
0,0,3,176,186.1,False,False,False,False,0,58.0,10,2,0,casual_legit
0,0,4,200,155.5,False,False,False,False,0,15.5,7,4,0,casual_legit
4,0,7,0,25.3,False,True,False,False,1,0.9,0,2,1,credential_stuffing_bot
4,1,3,1,,True,True,True,True,0,4.4,0,1,1,credential_stuffing_bot
1,0,7,158,267.8,False,False,False,False,0,21.8,10,2,0,legit_password_typo
0,0,5,137,194.4,False,False,False,False,0,67.5,11,2,0,casual_legit
0,0,3,164,265.9,False,False,False,False,0,12.1,12,2,0,casual_legit
2,1,21,7,57.4,False,True,False,False,2,2.7,1,4,1,repeat_offender
0,0,3,15,304.4,False,False,False,True,0,48.1,3,2,0,mobile_legit
0,0,2,153,228.8,False,False,False,False,0,17.9,7,1,0,casual_legit
0,0,3,231,238.0,False,False,False,False,0,50.6,4,2,0,casual_legit
0,0,4,27,303.2,False,False,False,False,0,43.7,10,2,0,mobile_legit
0,0,6,95,245.3,False,False,False,False,0,30.1,8,3,0,casual_legit
0,0,42,0,,False,False,True,True,0,0.5,2,18,1,scraper_bot
0,0,5,145,192.0,False,False,False,False,0,20.1,5,3,0,casual_legit
0,0,2,311,207.2,False,False,False,False,0,7.6,7,1,0,casual_legit
2,1,43,2,56.5,True,True,False,False,1,2.9,0,3,1,credential_stuffing_bot
0,0,1,152,237.7,False,False,False,False,0,53.0,6,4,1,casual_legit
0,0,0,12,342.0,False,False,False,False,0,61.0,5,2,0,mobile_legit
0,0,13,2,,True,True,True,False,0,0.9,0,18,1,scraper_bot
0,1,3,29,202.9,False,False,False,False,0,21.3,5,2,0,mobile_legit
0,0,2,31,272.4,True,False,False,False,0,45.1,6,2,0,mobile_legit
0,0,4,208,245.8,False,False,False,False,0,34.2,11,1,0,casual_legit
1,2,23,0,,True,True,False,True,1,0.5,0,1,1,credential_stuffing_bot
0,0,1,214,277.3,False,False,False,False,0,5.4,7,2,0,casual_legit
4,0,5,119,132.2,False,False,True,True,0,57.3,6,4,1,careful_human_attacker
0,0,5,200,146.4,False,False,False,False,0,34.6,9,4,0,legit_password_typo
4,1,9,139,194.6,True,False,False,True,0,103.0,10,2,1,careful_human_attacker
1,0,69,0,,True,True,True,True,0,0.6,0,10,1,scraper_bot
1,3,4,201,271.1,False,False,False,True,0,22.5,5,6,1,careful_human_attacker
0,0,5,163,,False,False,False,False,0,41.6,7,3,0,casual_legit
1,0,48,1,37.2,False,False,True,True,1,1.3,0,17,1,scraper_bot
4,0,27,0,33.5,False,False,False,False,1,0.6,0,1,1,credential_stuffing_bot
1,2,17,3,82.1,False,False,True,False,1,11.7,0,4,1,repeat_offender
0,0,1,185,206.6,False,False,False,False,0,9.2,4,2,0,casual_legit
0,0,3,13,242.3,True,False,False,False,0,45.0,5,2,0,mobile_legit
0,0,19,2,33.0,False,True,True,False,0,0.6,0,16,1,scraper_bot
4,1,8,104,239.1,True,False,True,False,1,12.0,10,2,1,careful_human_attacker
0,0,3,221,222.2,False,False,False,False,0,39.6,6,3,0,casual_legit
0,0,4,0,322.7,False,False,False,False,0,62.6,8,3,0,mobile_legit
0,0,1,22,222.5,False,False,False,False,0,40.8,9,3,0,mobile_legit
0,0,2,256,245.8,True,False,False,False,0,15.6,15,4,0,casual_legit
1,1,18,3,,False,False,False,True,4,11.4,0,4,1,repeat_offender
2,3,7,163,132.5,False,False,False,False,0,21.8,10,4,1,careful_human_attacker
3,3,7,28,132.7,False,False,False,True,0,27.2,7,2,1,careful_human_attacker
0,0,24,2,,False,True,False,False,0,0.5,0,9,1,scraper_bot
3,0,48,0,,False,False,True,False,2,0.6,0,19,1,scraper_bot
2,1,2,230,217.7,True,False,False,True,1,7.2,4,4,1,careful_human_attacker
0,0,2,23,298.9,False,False,False,False,0,21.6,8,1,0,mobile_legit
6,1,16,1,50.9,True,True,True,False,2,3.9,0,1,1,credential_stuffing_bot
0,0,2,214,284.7,False,False,False,False,0,57.1,5,3,0,casual_legit
1,0,7,196,147.5,False,False,False,True,0,17.6,11,2,0,casual_legit
1,0,21,1,51.3,False,False,True,False,3,1.1,0,17,1,scraper_bot
0,0,3,155,,False,False,False,False,0,50.4,8,3,0,casual_legit
0,0,5,0,282.3,False,False,False,False,0,15.6,6,3,0,mobile_legit
1,0,37,1,33.0,True,False,True,False,1,0.2,1,1,1,credential_stuffing_bot
1,2,3,29,354.5,False,False,False,False,0,31.0,3,4,0,mobile_legit
0,0,3,234,238.8,False,False,True,True,0,102.6,12,5,0,casual_legit
2,1,2,207,160.0,False,False,False,False,0,10.3,9,4,0,legit_password_typo
0,0,53,0,,False,True,True,False,0,1.9,1,13,1,scraper_bot
3,0,30,0,28.3,True,False,True,True,0,5.8,1,3,1,credential_stuffing_bot
0,0,42,1,,True,True,False,False,1,0.4,1,13,1,scraper_bot
0,0,4,21,262.4,False,False,False,False,0,47.5,6,4,0,mobile_legit
0,0,2,117,128.0,False,False,False,False,0,5.6,7,3,0,casual_legit
2,0,27,1,47.8,True,False,False,False,0,2.0,0,2,1,credential_stuffing_bot
1,3,10,155,277.0,True,False,False,True,2,20.9,5,5,1,careful_human_attacker
5,0,30,2,,True,False,False,False,1,1.5,0,1,1,credential_stuffing_bot
0,0,4,157,235.3,True,False,False,False,0,43.9,7,5,0,legit_password_typo
2,0,10,118,186.3,False,False,True,True,0,5.9,8,3,1,careful_human_attacker
2,0,2,282,193.2,False,False,False,False,0,34.7,12,4,0,legit_password_typo
0,0,1,222,170.2,False,False,False,False,0,48.4,12,2,0,casual_legit
0,1,13,7,53.2,True,False,True,False,2,12.9,1,5,1,repeat_offender
6,3,5,102,247.2,False,False,False,True,0,21.6,3,5,1,careful_human_attacker
0,0,3,280,209.5,False,False,False,False,0,16.0,7,2,0,casual_legit
3,0,24,0,,True,True,True,True,1,1.6,0,1,1,credential_stuffing_bot
6,1,8,120,230.8,True,False,False,False,0,9.3,12,4,1,careful_human_attacker
2,1,5,101,171.9,False,False,False,False,0,26.3,10,2,0,legit_password_typo
0,0,0,194,224.8,False,False,False,False,0,11.5,9,2,0,legit_on_vpn
5,2,5,149,237.6,True,False,False,False,2,56.7,5,4,1,careful_human_attacker
0,0,2,143,202.0,False,False,False,False,0,66.8,8,3,0,casual_legit
0,0,5,188,,False,False,False,False,0,31.2,10,2,0,casual_legit
0,0,4,9,,False,False,False,False,0,67.2,4,3,0,mobile_legit
0,0,4,8,302.0,False,False,False,True,0,16.7,8,2,0,mobile_legit
5,0,14,71,234.2,False,False,False,True,0,22.5,7,2,1,careful_human_attacker
0,0,40,1,,True,True,True,False,0,10.4,0,19,1,scraper_bot
1,2,8,107,253.2,False,False,False,False,3,23.6,9,3,1,careful_human_attacker
0,0,4,32,382.1,False,False,False,False,0,19.9,6,3,0,mobile_legit
3,0,6,94,,False,False,False,False,0,32.1,8,5,0,legit_password_typo
0,0,2,177,279.0,False,False,True,False,0,57.3,6,4,0,casual_legit
0,0,16,0,55.5,False,True,True,False,0,2.1,0,19,1,scraper_bot
0,0,4,166,284.7,False,False,False,False,1,36.2,8,2,0,casual_legit
0,0,3,151,208.6,False,False,False,True,0,53.7,9,2,0,casual_legit
0,0,3,113,241.4,False,False,False,False,0,5.6,6,3,0,casual_legit
0,0,0,2,,True,True,True,True,0,2.6,2,12,1,scraper_bot
2,0,29,1,,True,True,False,False,0,2.1,1,1,1,credential_stuffing_bot
4,0,27,0,29.4,True,True,True,True,0,1.8,0,1,1,credential_stuffing_bot
2,0,5,189,146.2,False,False,False,True,0,55.0,10,1,0,legit_password_typo
0,0,3,6,257.5,False,False,False,True,0,49.8,6,2,0,mobile_legit
1,0,30,4,53.4,True,False,True,False,0,2.4,0,14,1,scraper_bot
0,0,3,131,194.5,False,False,False,False,0,19.7,14,2,0,casual_legit
0,0,5,130,190.3,True,False,False,True,0,18.9,10,2,0,legit_on_vpn
0,1,2,11,117.8,True,False,False,True,0,9.0,1,3,1,repeat_offender
0,0,3,216,145.3,True,False,False,False,0,21.0,9,3,0,casual_legit
0,0,0,17,186.3,False,False,False,False,0,30.7,9,3,0,casual_legit
5,1,20,1,27.2,True,True,True,True,2,2.2,1,3,1,credential_stuffing_bot
6,1,25,0,,False,True,True,False,0,0.6,0,3,1,credential_stuffing_bot
1,0,5,28,415.5,False,False,False,False,0,66.9,3,1,0,mobile_legit
2,2,10,88,180.3,True,False,False,True,1,40.0,9,1,1,careful_human_attacker
0,0,22,1,15.6,False,True,False,False,0,3.9,0,17,1,scraper_bot
2,1,8,126,181.4,True,False,False,True,2,14.0,5,3,1,careful_human_attacker
7,0,36,0,21.6,False,True,False,False,0,5.1,0,1,1,credential_stuffing_bot
5,3,3,174,259.3,True,False,False,False,0,13.8,9,4,1,careful_human_attacker
0,0,10,1,,False,False,True,False,0,0.3,2,15,1,scraper_bot
8,2,26,0,26.4,True,True,True,False,0,2.7,1,1,1,credential_stuffing_bot
0,0,51,0,,False,True,True,False,0,5.6,0,11,1,scraper_bot
0,0,3,193,194.3,False,False,False,False,0,28.2,7,1,0,casual_legit
0,0,1,0,197.6,False,False,False,False,0,17.9,4,1,0,mobile_legit
0,0,8,0,,False,True,False,True,0,1.3,2,21,1,scraper_bot
0,0,2,28,300.9,False,False,False,False,0,107.7,2,4,0,mobile_legit
0,0,2,13,355.8,False,False,False,True,0,10.6,9,2,0,mobile_legit
3,0,42,1,30.8,False,True,True,False,2,0.3,0,1,1,credential_stuffing_bot
2,2,8,241,205.4,False,False,False,True,0,5.9,5,3,1,careful_human_attacker
1,3,0,9,28.8,True,True,True,False,2,16.8,2,4,1,repeat_offender
4,2,51,0,24.1,False,False,True,False,1,1.8,1,1,1,credential_stuffing_bot
0,0,4,34,,False,False,False,True,0,4.8,9,2,0,mobile_legit
0,0,4,214,228.1,False,False,False,False,0,22.9,7,3,0,casual_legit
0,0,5,12,352.3,False,False,False,False,0,17.0,6,2,0,mobile_legit
0,1,18,1,,False,False,True,False,0,5.5,0,17,1,scraper_bot
0,0,4,163,231.3,False,False,False,False,0,120.0,9,2,0,legit_password_typo
2,0,2,16,261.2,False,False,False,False,0,15.9,5,2,0,mobile_legit
1,0,40,1,,False,False,True,True,0,4.7,0,15,1,scraper_bot
0,0,1,159,283.2,False,False,False,False,0,25.6,10,1,0,casual_legit
1,0,4,235,,True,False,False,True,0,19.4,11,2,0,casual_legit
2,0,52,0,24.2,True,True,True,True,0,2.5,0,1,1,credential_stuffing_bot
2,0,10,30,280.5,False,False,False,True,0,42.1,9,3,1,careful_human_attacker
0,0,1,0,266.7,False,False,False,False,0,251.7,6,2,0,mobile_legit
0,0,4,254,192.4,False,False,False,False,0,6.8,4,2,0,casual_legit
0,1,55,1,,False,True,False,False,1,1.0,1,17,1,scraper_bot
0,0,42,2,59.4,False,True,True,False,0,0.5,0,14,1,scraper_bot
0,0,2,133,,False,False,False,True,0,15.7,10,2,0,casual_legit
5,0,30,0,38.2,True,False,True,False,1,0.3,1,2,1,credential_stuffing_bot
0,0,3,113,,False,False,False,True,0,10.2,8,1,0,casual_legit
0,0,5,44,187.1,False,False,False,False,0,5.7,7,2,0,casual_legit
2,0,39,0,,False,True,True,False,2,1.2,0,14,1,scraper_bot
2,0,17,15,49.3,False,True,False,True,1,2.9,0,5,1,repeat_offender
0,2,23,9,158.9,True,False,True,False,1,9.7,3,2,1,repeat_offender
2,0,38,1,62.4,True,False,True,False,0,3.0,0,1,1,credential_stuffing_bot
5,0,19,0,,True,True,True,False,1,5.1,1,3,1,credential_stuffing_bot
4,0,20,5,,True,False,False,True,1,7.5,2,5,1,repeat_offender
0,0,3,206,,False,False,False,True,0,19.3,6,2,0,casual_legit
0,0,1,150,141.4,False,False,False,False,0,8.3,12,3,0,casual_legit
0,0,1,3,,False,False,False,False,0,29.7,9,2,0,casual_legit
5,0,39,0,15.0,True,False,True,True,0,0.7,0,1,1,credential_stuffing_bot
0,0,3,128,157.4,False,False,False,False,0,13.4,7,6,0,casual_legit
0,0,4,93,218.1,False,False,False,False,0,23.5,8,2,0,legit_on_vpn
0,0,51,1,,False,True,True,False,0,0.3,1,10,1,scraper_bot
0,0,2,174,331.2,False,False,False,False,0,13.6,5,1,0,casual_legit
0,0,5,291,212.9,False,False,False,False,0,53.4,6,1,0,casual_legit
1,0,4,225,179.8,True,False,False,False,0,14.4,11,3,0,legit_on_vpn
0,0,2,231,223.5,False,False,False,False,0,9.2,6,2,0,legit_on_vpn
0,0,37,0,,False,False,False,False,0,2.2,1,11,1,scraper_bot
2,0,3,244,172.1,True,False,False,False,0,47.5,5,2,0,legit_password_typo
1,0,3,183,214.4,False,False,False,False,0,59.4,8,2,0,casual_legit
3,0,6,100,142.7,False,False,False,False,0,9.0,8,5,0,legit_password_typo
0,0,1,258,282.5,False,False,False,False,0,8.9,15,1,0,casual_legit
0,0,2,30,315.3,False,False,False,False,0,44.9,5,1,0,mobile_legit
1,0,24,6,93.1,True,False,True,True,0,32.8,3,4,1,repeat_offender
3,2,11,137,173.3,False,False,True,True,1,21.2,4,5,1,careful_human_attacker
5,4,4,95,152.8,True,True,False,False,0,4.3,13,5,1,careful_human_attacker
1,0,6,207,229.8,False,False,False,False,0,85.3,5,5,0,casual_legit
0,1,49,3,78.1,False,True,True,False,0,1.9,1,14,1,scraper_bot
0,0,2,39,288.3,False,False,False,False,0,10.2,3,1,0,mobile_legit
1,0,3,245,132.9,False,False,False,False,0,33.6,7,1,0,casual_legit
0,0,3,118,303.4,False,False,False,False,0,12.6,9,3,0,casual_legit
0,0,4,88,158.2,False,False,False,False,0,22.9,8,4,0,casual_legit
0,0,2,153,209.4,False,False,False,False,0,22.0,11,1,0,casual_legit
1,1,17,9,,True,False,False,True,1,4.2,1,3,1,repeat_offender
0,0,2,128,282.8,False,False,False,False,0,19.7,5,3,0,casual_legit
0,0,3,212,329.7,True,False,False,False,0,65.0,12,3,0,casual_legit
0,0,2,215,171.3,False,False,False,False,0,9.9,10,2,0,casual_legit
1,1,15,7,86.2,False,True,False,True,0,2.7,2,2,1,repeat_offender
0,0,2,350,221.6,False,False,False,False,0,67.3,7,4,0,casual_legit
1,0,44,0,61.9,False,True,False,False,0,2.3,0,16,1,scraper_bot
1,0,4,93,251.6,False,False,False,False,0,144.7,11,2,0,legit_password_typo
0,0,3,22,258.3,False,False,False,False,0,5.9,8,3,0,mobile_legit
0,0,2,260,253.8,True,False,False,False,0,85.0,8,2,0,legit_on_vpn
0,0,35,2,,True,True,True,False,0,10.4,2,15,1,scraper_bot
0,0,25,0,,False,False,True,True,0,2.6,0,20,1,scraper_bot
0,0,5,322,168.8,True,False,False,False,0,79.9,9,2,0,casual_legit
0,0,5,142,225.1,False,False,False,False,0,79.0,7,2,0,casual_legit
8,1,28,0,26.8,False,False,True,False,0,1.1,1,2,1,credential_stuffing_bot
0,0,4,16,229.6,False,False,False,False,0,53.5,4,3,1,mobile_legit
0,0,2,156,,False,False,False,False,0,48.0,7,4,0,casual_legit
0,0,4,180,,False,False,False,False,0,137.4,7,1,0,casual_legit
1,0,4,61,181.0,False,False,False,False,0,11.4,7,4,0,casual_legit
3,5,16,142,239.4,False,False,False,False,0,88.8,4,2,1,careful_human_attacker
0,0,4,267,217.1,False,False,False,False,0,25.9,4,2,0,casual_legit
0,0,2,206,273.3,False,False,False,False,0,20.7,5,3,0,casual_legit
0,1,4,127,195.4,True,False,False,False,0,69.2,4,1,0,legit_on_vpn
1,0,3,117,221.2,False,False,False,False,0,40.2,5,4,0,casual_legit
5,0,11,0,,False,True,False,False,0,1.7,0,3,1,credential_stuffing_bot
2,0,1,6,332.3,False,False,False,False,0,24.2,5,3,0,mobile_legit
0,0,34,2,,False,False,True,False,0,4.3,0,15,1,scraper_bot
3,1,7,6,,True,True,False,True,4,15.6,4,5,1,repeat_offender
1,0,4,146,104.4,False,False,False,False,0,119.2,9,2,0,legit_password_typo
0,0,0,177,198.2,False,False,False,False,0,24.5,9,2,0,casual_legit
5,3,2,145,144.1,True,False,False,False,0,22.1,9,2,1,careful_human_attacker
0,0,3,204,224.3,False,False,False,False,0,40.1,12,4,0,casual_legit
0,0,3,64,169.8,False,False,False,False,0,184.3,8,2,0,casual_legit
4,1,15,0,,True,True,False,False,1,0.9,1,1,1,credential_stuffing_bot
5,1,20,0,39.7,True,True,True,False,2,0.3,0,2,1,credential_stuffing_bot
3,0,26,1,15.0,True,False,True,False,1,0.6,1,3,1,credential_stuffing_bot
0,0,6,99,258.7,False,False,False,False,0,8.3,8,2,0,casual_legit
4,1,6,7,103.1,False,True,False,True,1,4.9,4,3,1,repeat_offender
3,1,10,96,180.0,True,False,False,False,1,10.4,6,4,1,careful_human_attacker
0,0,3,197,209.2,False,False,False,False,0,10.4,5,1,0,casual_legit
1,1,19,8,122.2,True,True,False,False,4,3.5,2,4,1,repeat_offender
1,0,3,1,324.5,False,False,False,False,0,74.1,9,3,0,mobile_legit
4,0,15,0,29.7,True,False,False,False,0,0.5,0,1,1,credential_stuffing_bot
5,1,19,0,,False,False,False,True,1,0.2,0,1,1,credential_stuffing_bot
0,0,5,199,187.1,False,False,False,False,0,52.1,5,2,0,casual_legit
1,0,56,1,37.0,False,True,False,False,0,1.3,1,18,1,scraper_bot
0,0,2,249,256.4,False,False,False,False,0,12.3,8,3,0,casual_legit
3,1,7,1,,False,True,True,False,2,0.2,1,1,1,credential_stuffing_bot
0,0,27,0,,False,True,True,True,0,2.5,0,15,1,scraper_bot
0,0,25,0,,False,False,True,False,0,0.4,1,16,1,scraper_bot
0,0,3,12,275.2,False,False,False,False,0,7.0,3,2,0,mobile_legit
0,0,3,300,262.7,False,False,False,False,0,8.4,7,2,0,casual_legit
0,0,6,147,320.6,True,False,False,False,0,21.9,11,2,0,legit_on_vpn
2,2,0,196,244.5,True,False,False,False,0,31.0,5,2,1,careful_human_attacker
1,0,3,320,219.3,False,False,False,False,0,56.5,9,3,0,casual_legit
0,1,1,17,297.5,False,False,False,True,0,40.5,5,5,0,mobile_legit
4,1,5,112,267.3,True,True,False,False,0,79.9,4,4,1,careful_human_attacker
0,0,29,0,57.2,False,True,True,True,0,4.7,0,16,1,scraper_bot
0,0,4,265,204.1,False,False,False,False,0,41.5,15,4,0,casual_legit
1,1,9,9,125.1,True,False,False,False,5,5.4,1,4,1,repeat_offender
0,0,29,0,,True,True,True,False,0,1.8,1,11,1,scraper_bot
4,1,8,237,225.9,False,False,False,False,0,54.5,5,1,1,careful_human_attacker
2,1,6,191,191.4,True,True,False,True,1,6.7,8,8,1,careful_human_attacker
1,0,2,30,256.3,True,False,False,True,0,13.3,7,3,0,mobile_legit
0,0,4,268,250.8,False,False,False,False,0,44.6,5,2,0,casual_legit
0,0,7,165,233.3,False,False,False,False,0,17.8,10,3,0,casual_legit
2,0,36,0,15.4,True,False,False,True,0,1.0,0,1,1,credential_stuffing_bot
0,0,37,1,,False,True,True,True,0,0.5,0,13,1,scraper_bot
0,1,15,8,,True,True,False,True,1,9.4,2,3,0,repeat_offender
1,0,6,115,218.7,False,False,False,False,0,31.3,8,4,0,legit_password_typo
0,0,3,140,193.1,False,False,False,True,0,40.7,4,4,0,casual_legit
0,0,21,1,,False,True,False,False,0,0.3,0,29,1,scraper_bot
1,1,8,201,174.8,True,False,False,False,1,26.8,8,3,1,careful_human_attacker
0,0,4,111,168.5,False,False,False,False,0,91.5,10,7,0,legit_password_typo
0,0,1,242,158.6,False,False,False,False,0,42.8,13,2,0,casual_legit
2,2,5,109,225.7,True,True,False,True,0,21.9,9,3,0,careful_human_attacker
0,0,1,128,217.1,False,False,False,False,0,11.1,6,4,1,casual_legit
3,3,9,134,175.5,True,False,False,True,1,12.9,6,3,1,careful_human_attacker
2,1,2,163,,False,False,False,False,0,88.9,6,3,0,legit_password_typo
0,0,5,1,,False,False,False,False,0,16.6,10,5,0,mobile_legit
0,0,5,214,284.9,False,False,False,False,0,41.4,10,3,0,casual_legit
0,0,3,74,208.7,True,False,False,True,0,17.4,12,1,0,legit_on_vpn
2,1,29,0,33.0,False,True,True,False,0,2.8,0,2,1,credential_stuffing_bot
0,0,4,275,205.9,False,False,False,False,1,26.5,3,2,0,casual_legit
0,0,53,1,,False,False,True,False,0,2.5,0,14,1,scraper_bot
0,0,5,91,181.9,False,False,False,False,0,86.5,9,3,0,casual_legit
0,0,2,0,342.4,False,False,False,False,0,56.5,5,3,0,mobile_legit
0,0,41,2,,False,True,True,False,0,0.7,0,14,1,scraper_bot
2,1,11,9,133.3,True,True,True,True,2,3.1,2,4,1,repeat_offender
1,0,2,32,375.4,False,False,False,False,0,20.6,3,3,0,mobile_legit
0,0,5,194,298.1,False,False,False,False,0,28.9,10,2,0,casual_legit
0,0,4,192,251.4,False,False,False,False,0,61.5,11,4,0,casual_legit
0,0,5,66,224.2,False,False,False,False,0,20.2,7,2,0,casual_legit
1,0,5,111,232.4,False,False,False,False,0,18.5,9,1,0,legit_password_typo
1,0,27,0,34.4,False,False,False,False,2,0.9,1,1,1,credential_stuffing_bot
1,2,14,26,174.8,True,False,False,False,0,12.1,10,1,1,careful_human_attacker
0,0,6,272,178.7,False,False,False,True,0,25.1,10,1,0,casual_legit
2,2,15,150,224.6,True,False,False,False,0,13.8,6,3,0,careful_human_attacker
0,0,2,390,319.8,False,False,False,False,0,8.6,11,3,0,casual_legit
0,0,6,11,256.0,False,False,False,False,0,34.9,7,2,0,mobile_legit
0,0,1,147,183.5,False,False,False,False,1,22.5,15,1,0,casual_legit
0,0,3,216,219.7,True,False,False,False,0,9.6,10,4,0,legit_on_vpn
2,1,2,8,92.7,True,True,False,False,2,4.8,1,1,1,repeat_offender
0,0,2,203,92.5,False,False,False,False,0,14.0,13,2,0,casual_legit
1,0,6,136,179.9,True,False,False,False,0,39.5,9,1,0,casual_legit
0,0,6,16,183.9,False,False,False,False,0,79.8,7,3,0,casual_legit
0,1,9,16,94.3,True,True,True,False,3,2.2,2,6,1,repeat_offender
0,0,2,26,,False,False,False,False,0,24.0,3,1,0,mobile_legit
8,0,34,0,,False,False,False,True,1,0.7,0,3,1,credential_stuffing_bot
1,4,12,5,80.0,True,True,False,False,2,2.2,1,3,1,repeat_offender
3,2,8,180,,True,False,False,True,2,28.1,9,3,1,careful_human_attacker
0,0,3,168,238.3,False,False,False,False,0,29.4,3,4,0,casual_legit
1,0,3,228,235.0,False,False,False,True,0,30.0,8,2,0,casual_legit
0,0,3,199,238.2,False,False,False,False,0,27.8,5,2,0,casual_legit
3,1,22,0,15.0,True,True,True,False,0,1.4,0,1,1,credential_stuffing_bot
0,0,1,254,228.0,True,False,False,False,0,52.7,10,2,0,legit_on_vpn
0,0,4,160,265.6,False,False,False,True,0,9.9,6,1,0,casual_legit
0,0,1,0,202.9,False,False,False,True,0,6.4,8,2,0,mobile_legit
5,2,6,166,190.1,False,False,False,False,0,33.2,11,6,1,careful_human_attacker
1,0,4,186,140.2,False,False,False,False,0,38.5,11,2,0,legit_password_typo
1,0,6,188,,False,False,False,False,0,15.4,10,3,0,casual_legit
0,0,3,49,367.0,False,False,False,False,0,37.2,7,3,0,mobile_legit
5,1,42,0,25.4,False,True,False,False,1,1.0,0,1,1,credential_stuffing_bot
2,2,0,3,122.9,False,False,False,False,0,10.4,2,7,1,repeat_offender
1,0,3,7,331.3,False,False,False,False,0,71.9,4,1,0,mobile_legit
4,3,2,129,194.1,False,False,False,False,0,13.4,9,2,1,careful_human_attacker
0,0,62,2,,True,False,True,True,0,0.9,0,13,1,scraper_bot
1,2,10,145,166.5,False,True,False,False,0,6.2,6,3,1,careful_human_attacker
2,5,6,63,126.9,True,False,False,False,1,21.6,8,4,1,careful_human_attacker
5,4,9,145,213.6,True,False,True,False,1,20.1,10,3,1,careful_human_attacker
1,1,10,6,106.4,False,False,False,True,1,2.6,0,1,1,repeat_offender
0,0,4,168,206.3,False,False,False,False,0,50.4,10,1,0,casual_legit
2,0,17,10,93.4,True,True,False,False,1,5.7,2,3,1,repeat_offender
4,1,7,9,95.5,False,False,False,False,3,2.7,2,1,1,repeat_offender
4,0,26,1,,True,True,True,False,0,0.3,0,1,1,credential_stuffing_bot
0,0,2,13,305.9,False,False,False,False,0,85.0,5,3,0,mobile_legit
3,1,10,91,222.6,True,False,False,True,1,36.3,11,3,1,careful_human_attacker
1,2,15,7,25.7,False,False,True,True,0,15.4,1,3,1,repeat_offender
2,0,2,177,218.7,False,False,False,True,0,17.9,13,2,0,casual_legit
0,0,3,128,209.2,False,False,True,False,0,8.8,14,2,0,casual_legit
2,1,2,184,157.9,True,False,False,True,2,23.2,6,7,1,careful_human_attacker
0,0,6,294,203.1,False,False,False,False,0,89.0,7,2,0,casual_legit
2,0,7,8,74.3,False,False,False,False,2,1.6,2,4,1,repeat_offender
5,1,48,0,,True,True,True,False,1,2.3,0,1,1,credential_stuffing_bot
4,2,8,253,254.2,True,False,False,True,1,12.7,10,6,1,careful_human_attacker
2,0,8,8,86.3,True,True,False,False,2,8.7,0,3,1,repeat_offender
0,0,33,0,,False,True,True,False,0,0.8,1,12,1,scraper_bot
1,1,33,1,,False,True,True,True,0,0.7,0,14,1,scraper_bot
0,1,4,10,327.8,False,False,False,True,0,29.1,3,4,0,mobile_legit
0,0,7,152,236.1,False,False,False,False,0,55.3,11,2,0,casual_legit
0,0,1,122,238.8,False,False,False,False,0,5.0,6,2,0,casual_legit
3,0,1,0,357.7,False,False,False,False,0,88.2,4,1,0,mobile_legit
5,1,33,0,48.3,False,False,True,True,1,0.4,1,1,1,credential_stuffing_bot
4,2,13,168,191.7,True,False,False,True,0,58.0,8,4,1,careful_human_attacker
3,1,10,168,147.0,False,False,False,False,1,14.5,7,2,1,careful_human_attacker
0,0,5,144,191.5,False,False,False,True,0,24.2,11,3,0,legit_password_typo
0,0,14,0,67.8,False,True,True,True,1,0.7,0,17,1,scraper_bot
1,0,1,118,215.3,False,False,False,False,0,10.6,4,4,0,casual_legit
0,0,44,0,,False,False,True,True,0,1.8,1,13,1,scraper_bot
0,0,5,14,318.7,False,False,False,False,0,83.5,5,2,0,mobile_legit
0,0,2,322,199.6,False,False,False,False,0,10.6,6,1,0,casual_legit
0,0,3,307,244.3,False,False,False,False,0,44.8,8,5,0,casual_legit
2,0,25,7,149.4,False,True,False,False,3,2.9,2,3,1,repeat_offender
5,1,18,0,,False,False,False,True,2,0.3,0,3,1,credential_stuffing_bot
1,0,3,165,252.3,False,False,False,True,0,12.5,12,3,0,casual_legit
6,0,47,0,34.4,True,True,False,False,0,1.8,0,1,1,credential_stuffing_bot
0,0,0,15,,True,False,True,True,2,11.8,1,5,1,repeat_offender
0,0,5,201,166.8,False,False,False,False,0,32.0,9,3,0,casual_legit
0,0,2,45,295.5,False,False,False,False,0,15.1,7,3,0,mobile_legit
0,0,4,74,271.5,False,False,False,False,0,54.0,10,4,0,casual_legit
2,0,21,0,91.0,False,False,False,True,1,1.2,0,22,1,scraper_bot
2,0,3,117,229.6,False,False,False,False,0,15.3,12,2,0,legit_password_typo
1,0,2,42,356.8,False,False,False,False,0,16.3,5,2,0,mobile_legit
0,0,2,189,221.1,False,False,False,False,0,39.8,11,2,0,casual_legit
0,0,4,297,302.5,False,False,False,False,0,13.5,7,5,0,casual_legit
0,0,5,41,260.7,False,False,False,False,0,14.6,4,1,0,mobile_legit
0,0,2,208,219.0,False,False,False,False,0,6.5,9,2,0,casual_legit
0,0,3,172,230.3,True,False,False,False,0,5.7,10,3,0,legit_on_vpn
0,0,3,0,,False,False,False,True,0,38.4,5,1,0,mobile_legit
0,0,4,115,173.0,False,False,False,False,0,9.2,11,1,0,casual_legit
0,0,8,213,246.4,False,False,False,True,0,92.1,10,2,0,casual_legit
1,0,2,14,,False,False,False,False,0,83.3,8,1,0,mobile_legit
0,0,0,104,151.9,False,False,False,False,0,116.9,8,2,0,casual_legit
0,0,19,8,48.0,True,True,False,False,3,2.8,3,6,1,repeat_offender
3,2,4,154,265.1,False,False,False,False,0,11.9,6,1,1,careful_human_attacker
1,0,4,122,,False,False,False,False,0,76.1,9,2,0,casual_legit
7,0,0,2,15.0,False,True,False,True,1,0.6,0,3,1,credential_stuffing_bot
0,0,3,148,229.4,False,False,False,False,0,37.8,4,4,0,casual_legit
0,0,0,15,145.5,False,False,False,False,0,23.7,10,3,0,mobile_legit
0,0,2,7,290.2,True,False,False,False,0,5.9,8,2,0,mobile_legit
1,0,2,24,315.5,False,False,False,False,0,6.6,2,1,0,mobile_legit
0,0,2,30,237.4,False,False,False,False,0,49.2,5,2,0,mobile_legit
0,0,6,194,204.0,True,True,False,False,0,75.4,11,2,0,legit_on_vpn
0,0,4,125,142.3,False,False,False,True,0,7.3,8,1,0,casual_legit
2,3,8,256,236.9,True,True,False,False,1,24.9,9,3,0,careful_human_attacker
0,0,2,208,247.0,False,False,False,False,0,30.0,4,3,0,casual_legit
0,0,3,212,191.9,False,False,False,False,0,50.0,11,2,0,casual_legit
4,0,15,0,61.5,False,True,False,False,1,2.6,0,1,1,credential_stuffing_bot
0,0,1,188,248.7,False,False,False,False,0,78.6,8,1,0,casual_legit
0,0,2,147,137.8,False,False,False,False,0,7.3,9,3,0,casual_legit
0,0,1,11,299.7,False,False,False,False,0,5.6,9,2,0,mobile_legit
3,0,8,138,236.2,True,False,False,False,0,35.0,8,3,0,careful_human_attacker
2,0,1,280,291.1,False,False,False,False,0,267.6,13,3,0,legit_password_typo
0,1,4,172,229.3,False,False,False,False,0,20.1,10,2,0,casual_legit
0,0,4,134,197.5,False,False,False,False,0,13.5,12,4,0,casual_legit
0,0,2,150,,False,False,False,False,0,14.2,10,1,0,casual_legit
0,0,1,114,243.6,False,False,False,False,0,90.3,15,4,1,casual_legit
0,0,37,2,,False,True,True,True,0,1.1,1,14,1,scraper_bot
0,0,6,136,196.6,False,False,False,False,0,41.3,11,1,0,casual_legit
0,0,3,245,223.7,False,False,False,False,0,161.9,11,5,0,casual_legit
0,0,6,227,274.9,False,False,False,False,0,40.3,8,3,0,legit_password_typo
1,0,23,0,,True,False,True,True,2,1.0,0,1,1,credential_stuffing_bot
7,2,10,247,135.4,True,False,False,True,0,51.8,11,4,1,careful_human_attacker
0,0,6,71,131.4,False,False,False,False,0,48.1,9,4,0,legit_password_typo
4,5,11,105,300.5,True,False,False,True,2,43.1,6,4,1,careful_human_attacker
0,0,3,27,334.0,False,False,False,False,0,14.9,6,2,0,mobile_legit
0,0,5,162,196.3,False,False,False,False,0,71.1,7,1,0,casual_legit
1,2,19,6,,True,True,True,False,2,4.0,1,4,1,repeat_offender
0,0,4,173,226.1,False,False,False,False,0,33.7,13,3,0,casual_legit
0,0,3,12,292.2,False,False,False,False,0,34.1,7,1,0,mobile_legit
0,0,2,80,246.9,False,False,False,False,0,89.1,6,3,0,casual_legit
2,1,30,0,25.4,False,False,False,True,1,2.1,1,1,1,credential_stuffing_bot
4,0,6,224,167.7,True,False,False,False,1,4.2,6,3,1,careful_human_attacker
4,1,9,156,149.5,True,False,False,True,0,26.5,2,1,1,careful_human_attacker
0,0,22,0,,False,True,False,False,0,1.2,1,15,1,scraper_bot
0,0,4,49,214.1,False,False,False,False,0,70.3,12,3,0,casual_legit
0,0,52,0,37.4,True,True,False,True,0,0.4,0,11,1,scraper_bot
0,0,6,212,242.3,False,False,False,True,0,34.2,7,4,0,casual_legit
0,0,1,134,217.5,False,False,False,False,0,46.7,6,1,0,casual_legit
1,0,0,79,215.7,False,False,False,False,0,11.0,9,2,0,casual_legit
0,0,3,222,318.2,True,False,False,False,0,107.6,11,2,0,legit_on_vpn
0,0,0,212,217.1,False,False,False,False,0,13.1,10,4,0,casual_legit
3,1,16,0,41.1,True,True,True,False,2,0.5,1,1,1,credential_stuffing_bot
0,0,21,1,,False,True,True,False,0,1.0,1,11,1,scraper_bot
0,0,3,9,243.8,False,False,False,False,0,26.9,13,1,0,mobile_legit
3,2,1,178,186.6,False,True,False,False,0,43.3,7,4,1,careful_human_attacker
2,2,12,143,234.6,True,False,False,False,0,7.7,6,3,1,careful_human_attacker
1,0,3,0,286.1,False,False,False,False,0,52.2,5,2,0,mobile_legit
0,0,4,106,219.6,False,False,False,False,0,27.1,12,5,0,casual_legit
3,0,33,0,29.5,False,True,True,True,2,3.8,0,1,1,credential_stuffing_bot
0,0,1,185,262.9,False,False,False,False,0,6.1,7,3,0,casual_legit
0,1,4,27,225.0,False,False,False,False,0,12.4,4,1,0,mobile_legit
0,0,2,23,213.4,False,False,False,True,0,49.0,8,1,0,mobile_legit
0,0,22,0,,False,True,True,True,1,2.6,1,22,1,scraper_bot
7,0,34,0,43.4,False,True,False,False,0,3.0,0,3,1,credential_stuffing_bot
0,0,4,162,223.1,False,False,False,False,0,5.3,11,1,0,casual_legit
4,3,11,238,270.4,True,False,False,False,0,20.5,8,7,1,careful_human_attacker
1,0,3,132,220.2,True,False,False,False,0,70.8,7,1,0,legit_on_vpn
4,0,2,194,228.5,False,False,False,False,0,92.6,11,2,0,legit_password_typo
0,0,4,3,323.5,False,False,False,False,0,65.6,3,1,0,mobile_legit
0,0,3,167,206.3,False,False,False,False,0,23.3,6,2,0,casual_legit
0,0,6,216,233.5,False,False,False,False,0,153.2,14,2,0,casual_legit
1,2,10,199,219.8,False,False,False,True,0,23.5,6,1,1,careful_human_attacker
1,2,14,10,,True,True,False,True,2,1.2,0,3,1,repeat_offender
0,0,33,0,,False,True,True,False,0,0.4,0,7,1,scraper_bot
0,0,0,42,251.8,False,False,False,True,0,60.6,8,2,0,mobile_legit
4,1,17,0,,True,True,True,False,0,2.2,0,1,1,credential_stuffing_bot
7,1,17,2,56.4,True,False,True,True,0,1.6,1,2,1,credential_stuffing_bot
5,1,42,0,37.6,False,True,False,True,1,1.2,0,2,1,credential_stuffing_bot
3,2,11,2,,True,True,False,True,1,1.3,1,1,1,credential_stuffing_bot
4,1,9,0,24.1,False,True,False,True,0,0.3,0,2,1,credential_stuffing_bot
0,1,2,105,287.0,True,False,False,True,1,33.7,7,2,0,legit_on_vpn
0,0,6,185,247.6,False,False,False,False,0,51.5,6,3,0,casual_legit
0,0,4,229,233.8,False,False,False,False,0,41.7,12,1,0,casual_legit
5,0,22,0,,False,False,False,False,1,2.0,0,1,1,credential_stuffing_bot
4,1,8,190,,False,False,False,False,0,28.3,9,5,1,careful_human_attacker
0,0,3,13,326.5,False,False,False,False,0,5.4,2,4,0,mobile_legit
0,0,3,19,278.6,False,False,False,False,0,23.0,5,1,0,mobile_legit
0,0,4,242,319.7,False,False,False,False,0,17.4,11,1,0,casual_legit
1,1,5,110,204.6,False,False,False,False,0,67.8,17,3,0,legit_password_typo
4,4,4,93,235.3,False,False,False,True,0,10.9,5,4,1,careful_human_attacker
3,0,8,90,238.1,False,False,False,True,0,54.6,6,3,1,careful_human_attacker
0,0,1,0,213.6,False,False,False,False,1,62.1,12,4,0,mobile_legit
3,0,33,1,47.4,True,True,False,True,1,8.0,0,3,1,credential_stuffing_bot
3,1,24,0,,False,True,True,False,0,1.2,0,2,1,credential_stuffing_bot
6,0,61,0,33.6,False,True,True,True,1,0.3,1,1,1,credential_stuffing_bot
0,1,4,191,245.3,False,False,False,False,0,85.2,13,2,0,casual_legit
2,2,7,158,274.7,True,False,True,False,0,5.3,6,2,1,careful_human_attacker
0,0,4,233,254.1,False,False,False,False,0,32.4,2,4,0,casual_legit
3,1,8,218,245.2,False,False,False,True,0,4.2,7,1,1,careful_human_attacker
3,1,8,204,199.6,False,False,False,True,2,20.9,7,4,1,careful_human_attacker
2,0,33,0,33.8,True,False,True,False,1,0.4,0,1,1,credential_stuffing_bot
0,0,5,195,222.0,True,False,False,False,0,15.8,14,2,0,casual_legit
0,0,4,209,295.3,False,False,False,False,0,34.6,7,5,0,casual_legit
1,0,1,18,321.0,False,False,False,False,0,22.9,7,2,0,mobile_legit
4,2,4,164,184.4,False,False,False,False,1,34.1,4,3,1,careful_human_attacker
0,0,5,243,150.9,False,False,False,False,0,15.7,10,2,0,casual_legit
0,0,2,114,260.5,False,False,False,False,0,9.3,11,1,0,casual_legit
0,0,0,183,190.9,False,False,False,False,0,26.0,10,2,0,casual_legit
0,0,2,94,279.1,False,False,False,False,0,46.2,7,3,0,casual_legit
0,0,1,125,175.6,True,False,False,False,0,28.9,11,3,0,casual_legit
0,0,5,49,,False,False,False,False,0,43.0,5,1,0,mobile_legit
1,1,8,164,155.2,True,False,False,True,0,12.6,7,5,1,careful_human_attacker
0,0,5,119,175.1,False,False,False,True,0,38.1,5,2,0,casual_legit
1,0,3,115,180.6,False,False,False,False,0,120.1,9,4,0,casual_legit
4,0,30,0,,False,True,True,False,0,1.8,1,1,1,credential_stuffing_bot
2,3,8,215,190.8,False,False,False,False,0,80.4,5,2,1,careful_human_attacker
0,0,3,269,118.4,False,False,False,True,0,95.5,8,2,0,casual_legit
1,0,3,164,225.8,False,False,False,False,0,34.0,6,2,0,casual_legit
5,1,17,0,40.4,False,True,False,False,1,2.2,2,1,1,credential_stuffing_bot
2,3,12,270,245.0,False,False,False,False,0,4.5,6,4,1,careful_human_attacker
2,1,40,1,60.1,False,True,True,True,1,1.7,0,1,1,credential_stuffing_bot
1,1,3,102,154.3,True,False,False,True,0,13.4,10,3,0,legit_on_vpn
0,0,1,176,180.6,False,False,False,False,0,105.7,6,1,0,casual_legit
1,0,4,101,249.0,False,False,False,False,0,48.3,13,1,0,casual_legit
0,0,1,238,227.7,True,False,False,False,0,98.3,10,5,0,legit_on_vpn
5,2,11,58,104.2,False,False,False,False,1,23.8,5,1,1,careful_human_attacker
4,1,23,0,15.0,True,False,False,True,1,0.8,0,1,1,credential_stuffing_bot
2,1,14,0,44.5,True,False,True,False,0,1.1,0,1,1,credential_stuffing_bot
0,0,4,11,314.0,False,False,False,False,0,56.2,6,1,0,mobile_legit
1,0,4,177,194.6,False,False,False,False,0,47.0,5,3,0,casual_legit
2,1,4,0,377.3,False,False,False,False,0,28.0,7,1,0,mobile_legit
1,0,5,35,325.0,False,False,False,False,0,16.2,4,2,0,mobile_legit
2,4,12,161,173.4,True,False,False,False,2,63.9,7,6,1,careful_human_attacker
4,3,13,10,132.2,True,True,True,False,2,3.0,1,4,1,repeat_offender
0,0,31,0,,True,False,True,True,0,1.4,0,17,1,scraper_bot
1,0,0,193,170.5,False,False,False,False,0,54.3,4,1,0,legit_on_vpn
1,0,4,13,361.7,False,False,False,False,0,14.6,7,1,0,mobile_legit
1,0,10,12,,True,False,False,True,4,1.9,1,6,1,repeat_offender
0,0,38,0,,False,True,True,True,2,3.2,2,11,1,scraper_bot
4,0,13,0,15.0,True,False,False,False,1,0.3,0,2,1,credential_stuffing_bot
1,0,3,205,188.2,False,False,False,False,0,19.0,8,3,0,casual_legit
0,0,2,157,195.3,False,False,False,False,0,16.0,10,3,0,casual_legit
2,0,25,0,72.3,False,False,True,True,2,0.7,0,1,1,credential_stuffing_bot
0,0,2,22,240.5,False,False,False,False,0,42.7,13,4,0,casual_legit
1,1,1,163,142.3,False,False,False,False,0,37.7,7,2,0,casual_legit
3,2,20,0,,True,False,False,False,2,3.4,0,3,1,credential_stuffing_bot
0,0,4,204,323.1,False,False,False,False,0,35.6,4,1,0,casual_legit
0,0,2,247,247.1,False,False,False,False,0,42.8,5,3,0,casual_legit
0,0,55,1,,False,False,True,True,0,0.7,0,13,1,scraper_bot
0,0,2,16,314.4,False,False,False,False,0,20.0,5,2,0,mobile_legit
0,0,3,238,142.3,False,False,False,False,0,54.9,11,2,0,casual_legit
3,2,12,9,135.7,False,True,False,True,1,1.3,1,4,1,repeat_offender
0,0,2,184,213.5,False,False,False,True,0,39.2,14,3,0,casual_legit
2,4,3,174,183.5,False,False,False,False,1,37.9,9,4,1,careful_human_attacker
1,0,5,179,162.2,True,False,False,True,0,31.9,6,4,1,careful_human_attacker
0,0,4,173,218.9,False,False,False,False,0,11.1,6,2,0,casual_legit
0,0,5,9,410.9,False,False,False,False,0,68.1,5,2,0,mobile_legit
0,0,3,49,203.8,True,False,False,False,0,5.8,4,3,1,legit_on_vpn
0,1,38,0,28.7,True,False,True,False,0,5.0,0,13,1,scraper_bot
0,0,3,255,287.9,False,False,False,False,0,38.5,9,4,0,casual_legit
2,0,6,216,349.4,True,False,False,False,1,32.9,8,6,1,careful_human_attacker
4,0,10,79,193.6,True,False,False,False,1,22.9,12,2,1,careful_human_attacker
0,0,5,91,237.5,False,False,False,False,0,43.2,9,3,0,casual_legit
0,0,5,137,206.1,False,False,True,False,0,71.8,9,3,0,casual_legit
0,2,0,11,63.6,False,False,False,False,1,10.6,3,4,1,repeat_offender
0,0,3,217,219.5,False,False,False,False,0,30.6,11,3,0,casual_legit
5,0,16,0,,False,False,True,False,1,0.4,1,1,1,credential_stuffing_bot
4,0,39,1,,False,True,False,True,1,0.7,1,1,1,credential_stuffing_bot
0,0,4,109,187.2,False,False,False,False,0,10.2,10,3,0,legit_password_typo
0,0,3,176,225.1,False,False,False,False,0,97.5,6,2,0,casual_legit
0,0,4,232,198.2,False,False,False,False,0,7.8,8,2,0,casual_legit
0,0,4,192,184.3,False,False,False,False,0,137.5,11,2,0,casual_legit
7,0,29,0,21.4,True,False,True,True,1,0.7,0,1,1,credential_stuffing_bot
0,0,1,220,,False,False,False,False,0,28.6,5,1,0,casual_legit
0,0,1,24,273.1,False,False,False,False,0,25.0,5,4,0,mobile_legit
0,0,40,2,,True,False,True,True,2,5.2,0,13,1,scraper_bot
0,0,3,232,289.2,False,False,False,False,0,89.8,6,2,0,casual_legit
3,3,12,133,252.3,False,False,False,False,1,38.9,5,7,1,careful_human_attacker
2,1,14,276,242.2,False,False,False,False,0,11.3,4,3,1,careful_human_attacker
0,0,3,142,159.3,False,False,False,False,0,18.4,6,4,0,casual_legit
0,0,3,168,122.9,False,False,False,False,0,10.4,16,5,0,casual_legit
5,1,24,1,30.3,False,True,False,True,0,0.6,0,2,1,credential_stuffing_bot
2,2,5,148,144.4,False,False,False,False,0,12.3,9,6,1,careful_human_attacker
0,0,52,0,,False,True,True,False,1,2.2,0,18,1,scraper_bot
3,0,41,0,33.7,False,True,True,False,1,1.7,0,1,1,credential_stuffing_bot
0,0,5,254,254.9,False,False,False,True,0,41.2,5,3,0,casual_legit
0,0,3,18,332.9,False,False,False,False,0,24.4,5,1,0,mobile_legit
2,0,3,143,241.7,False,False,False,False,0,62.0,7,6,0,casual_legit
0,0,2,116,245.5,False,False,False,True,0,115.6,9,2,0,casual_legit
1,2,25,7,85.9,False,True,False,True,3,10.3,6,3,1,repeat_offender
6,1,7,58,122.1,True,True,False,True,0,30.2,15,6,1,careful_human_attacker
1,1,2,43,279.5,False,False,False,False,0,6.6,8,4,0,mobile_legit
5,2,9,0,47.4,True,True,True,True,0,0.9,0,1,1,credential_stuffing_bot
0,0,1,11,,False,False,False,False,0,21.0,10,2,0,mobile_legit
1,0,5,199,303.7,False,False,False,False,0,50.6,11,2,0,legit_password_typo
0,0,4,15,276.4,False,False,False,True,0,110.6,4,2,0,mobile_legit
3,0,42,0,,True,True,False,True,0,0.3,0,1,1,credential_stuffing_bot
1,1,17,4,,True,True,False,False,5,1.8,4,3,1,repeat_offender
1,0,3,163,204.5,False,False,False,False,0,31.5,6,2,0,casual_legit
0,0,2,21,342.1,False,False,False,False,0,8.0,6,2,0,mobile_legit
0,0,42,0,45.2,True,False,True,True,0,3.4,1,12,1,scraper_bot
3,2,3,36,340.0,True,False,False,True,0,13.8,3,5,1,careful_human_attacker
2,0,17,0,54.6,True,False,False,False,0,0.9,0,2,1,credential_stuffing_bot
0,0,4,18,340.8,False,False,False,False,0,23.6,6,2,0,mobile_legit
2,1,9,154,164.0,True,False,False,False,0,26.1,5,4,1,careful_human_attacker
3,1,10,2,28.1,True,False,True,True,1,2.4,0,2,1,credential_stuffing_bot
3,1,11,139,222.7,True,False,False,True,1,14.2,8,2,1,careful_human_attacker
0,0,6,228,201.8,False,False,False,False,0,23.0,7,4,0,casual_legit
0,0,0,0,30.7,False,True,True,True,1,1.0,2,16,1,scraper_bot
4,0,24,1,47.5,True,True,False,True,0,0.7,1,1,1,credential_stuffing_bot
0,0,5,215,224.1,False,False,False,False,0,25.6,8,3,0,casual_legit
0,0,2,92,167.6,False,False,False,False,0,19.2,12,2,0,legit_password_typo
0,0,4,73,180.7,False,False,False,False,0,33.5,4,2,0,casual_legit
0,0,2,99,210.0,False,False,False,False,0,13.4,9,2,0,casual_legit
6,3,21,0,,False,True,True,False,0,1.3,0,2,1,credential_stuffing_bot
1,0,2,250,234.9,False,False,False,False,0,8.5,3,4,0,casual_legit
3,1,29,0,,True,True,True,False,0,1.8,1,1,1,credential_stuffing_bot
0,1,11,2,,False,False,True,False,1,1.4,0,17,1,scraper_bot
0,0,6,341,236.6,False,False,False,False,0,26.6,6,2,1,casual_legit
0,0,6,228,250.5,False,False,False,True,0,25.0,5,1,0,casual_legit
0,0,1,270,225.2,False,False,False,False,0,67.1,5,2,0,casual_legit
5,0,35,0,33.3,True,False,False,True,1,3.0,0,3,1,credential_stuffing_bot
0,0,4,197,265.9,False,False,False,False,0,26.1,9,4,0,casual_legit
0,0,3,198,248.6,False,False,False,False,0,59.9,10,2,0,casual_legit
0,0,5,273,257.2,False,False,False,False,0,30.9,8,1,0,casual_legit
0,0,1,311,275.6,False,False,False,False,0,14.7,10,2,0,casual_legit
1,0,6,247,91.5,False,False,False,False,0,49.7,15,7,0,legit_password_typo
1,0,5,189,203.2,False,False,False,False,0,54.9,10,5,0,casual_legit
3,1,0,0,35.1,True,False,False,True,0,2.8,1,2,1,credential_stuffing_bot
1,0,2,66,220.1,False,False,False,False,0,20.7,8,3,0,casual_legit
0,0,4,10,292.0,False,False,False,False,0,9.0,6,3,0,mobile_legit
1,0,2,153,,False,False,False,False,0,38.6,8,2,0,casual_legit
0,0,3,144,190.7,False,False,False,False,1,33.0,5,2,0,casual_legit
3,0,21,0,32.0,False,False,False,True,0,1.2,1,1,1,credential_stuffing_bot
4,2,17,5,98.3,True,True,True,False,2,4.6,1,4,0,repeat_offender
0,0,5,186,239.9,False,False,False,False,0,68.3,9,3,0,casual_legit
0,0,3,18,286.3,False,False,False,True,0,20.1,4,4,0,mobile_legit
1,0,4,144,258.5,False,False,False,False,0,14.7,8,3,0,casual_legit
1,0,11,10,35.8,True,False,True,True,1,8.8,2,2,1,repeat_offender
0,0,2,193,239.7,False,False,False,False,0,56.0,5,1,0,casual_legit
0,1,3,210,232.9,False,False,False,True,0,16.9,8,1,0,casual_legit
0,0,0,19,,False,False,False,True,0,72.6,12,2,0,mobile_legit
0,0,25,0,26.5,False,True,False,False,0,1.5,0,16,1,scraper_bot
0,0,1,85,204.6,False,False,False,False,0,13.7,10,3,0,legit_password_typo
0,0,3,332,258.5,False,False,False,False,0,12.4,9,1,0,casual_legit
7,2,20,0,15.0,True,False,True,True,0,0.9,0,2,0,credential_stuffing_bot
1,0,0,310,,False,False,False,False,0,46.5,13,3,0,casual_legit
5,2,30,0,,True,False,True,False,0,1.2,0,2,1,credential_stuffing_bot
0,1,15,8,67.1,False,False,False,True,4,5.3,1,2,1,repeat_offender
0,0,58,1,,False,True,True,False,0,2.5,0,19,1,scraper_bot
0,0,2,38,205.6,False,False,False,True,0,51.6,7,3,0,casual_legit
4,0,41,1,,True,True,False,True,2,0.7,0,2,1,credential_stuffing_bot
0,0,5,187,132.7,False,False,False,False,0,27.8,8,2,0,casual_legit
0,0,4,9,340.9,False,False,False,True,0,152.3,10,1,0,mobile_legit
0,0,3,192,242.9,False,False,False,False,0,55.2,10,6,0,casual_legit
0,0,34,8,60.8,True,True,False,True,2,4.6,2,2,1,repeat_offender
0,0,28,1,53.5,False,True,True,False,1,0.5,0,16,1,scraper_bot
0,0,4,188,150.8,False,False,False,False,0,11.2,11,2,0,casual_legit
0,0,2,224,298.2,False,False,False,True,0,36.4,8,3,0,casual_legit
0,0,5,172,231.0,False,False,False,True,0,34.1,11,3,0,casual_legit
0,0,2,0,217.7,False,False,False,False,0,13.3,4,1,0,casual_legit
0,0,3,106,95.6,False,False,False,False,0,124.1,13,1,0,casual_legit
2,0,15,183,113.9,False,False,False,False,0,8.3,9,2,1,careful_human_attacker
0,0,3,9,293.6,False,False,False,False,0,30.2,6,1,0,mobile_legit
1,0,2,227,216.6,False,False,False,False,0,10.7,2,3,0,casual_legit
3,0,7,257,175.8,False,False,False,False,0,61.1,5,2,1,careful_human_attacker
0,0,2,203,262.0,False,False,False,False,0,120.8,10,4,0,casual_legit
0,0,1,14,274.1,False,False,False,False,0,11.1,8,3,0,mobile_legit
0,0,3,243,162.3,False,False,False,False,0,16.9,3,5,0,casual_legit
0,0,5,183,273.5,False,True,False,True,0,9.1,5,3,0,casual_legit
2,0,4,160,281.3,False,False,False,False,0,15.2,11,3,0,legit_password_typo
2,0,7,259,186.5,False,False,False,False,0,81.5,14,5,0,legit_password_typo
0,0,4,193,239.9,True,False,False,False,0,92.3,12,5,0,casual_legit
1,0,7,21,330.5,False,False,False,True,0,6.3,6,2,0,mobile_legit
0,0,0,102,136.5,False,False,False,True,0,10.6,7,1,0,casual_legit
0,0,3,175,242.0,True,False,False,False,0,85.3,11,1,0,legit_on_vpn
1,0,8,170,164.6,False,False,False,False,0,111.7,17,2,0,legit_password_typo
4,1,25,1,,True,True,True,True,2,0.5,1,1,1,credential_stuffing_bot
2,1,3,1,175.6,False,False,False,False,0,12.4,6,3,0,mobile_legit
5,0,18,1,34.4,True,True,True,False,1,0.6,0,2,1,credential_stuffing_bot
0,0,4,226,223.9,False,False,False,False,0,18.3,12,1,0,casual_legit
0,0,4,251,231.3,False,False,False,False,0,9.6,11,3,0,casual_legit
3,1,12,158,204.4,True,False,False,False,1,17.2,8,2,1,careful_human_attacker
5,2,25,2,48.0,True,False,False,False,0,1.2,0,1,1,credential_stuffing_bot
0,0,1,173,187.6,False,False,False,False,0,24.8,9,2,0,casual_legit
3,0,4,77,199.0,False,False,False,False,0,79.3,9,6,0,legit_password_typo
0,0,3,0,64.1,False,True,False,True,0,2.7,0,12,1,scraper_bot
0,0,4,170,245.8,True,False,False,False,0,50.9,12,1,0,legit_on_vpn
2,0,5,4,123.5,True,False,True,True,1,3.6,2,3,1,repeat_offender
0,1,6,8,35.2,False,False,False,False,1,38.2,2,3,1,repeat_offender
1,1,23,10,,False,False,False,True,1,4.8,1,2,1,repeat_offender
1,0,0,35,329.1,False,False,False,False,0,21.1,4,1,0,mobile_legit
3,1,47,1,37.6,True,False,True,True,1,1.9,0,2,1,credential_stuffing_bot
0,0,1,29,330.3,False,False,False,False,0,16.3,7,1,0,mobile_legit
3,4,7,188,120.6,False,False,True,True,0,38.6,8,3,1,careful_human_attacker
2,0,4,10,109.6,True,True,True,True,2,11.2,1,7,1,repeat_offender
1,0,2,107,267.5,False,False,False,False,0,69.4,10,2,0,casual_legit
0,0,20,0,,True,True,True,False,0,3.7,0,16,0,scraper_bot
1,0,11,9,131.4,False,False,False,False,1,9.6,1,5,1,repeat_offender
2,0,8,136,160.4,False,False,False,False,0,33.8,7,1,0,legit_password_typo
1,0,6,194,,True,False,False,False,0,58.6,11,2,0,legit_password_typo
0,2,4,10,34.8,True,True,True,False,3,5.5,3,1,1,repeat_offender
0,0,4,137,211.5,False,False,False,False,0,26.8,9,2,0,casual_legit
2,0,11,0,26.5,False,False,False,False,0,1.0,0,2,1,credential_stuffing_bot
1,0,2,0,273.6,False,False,False,False,0,62.0,15,1,0,mobile_legit
0,1,23,11,112.0,False,False,False,False,7,2.2,2,5,1,repeat_offender
1,0,3,152,185.6,False,False,False,False,0,43.3,4,2,0,legit_password_typo
2,0,3,25,264.6,False,False,False,False,0,39.6,5,2,0,mobile_legit
0,0,2,11,,False,False,False,False,0,68.3,7,2,0,mobile_legit
5,0,18,1,,False,False,False,True,1,3.0,1,1,1,credential_stuffing_bot
4,1,7,96,258.4,False,False,False,False,2,5.3,4,6,1,careful_human_attacker
0,0,1,195,305.0,False,False,False,True,0,76.5,9,3,0,legit_password_typo
0,0,2,154,238.0,False,False,False,False,0,27.1,7,2,0,casual_legit
3,0,19,0,19.6,True,True,True,True,0,0.6,1,1,1,credential_stuffing_bot
0,0,3,172,201.2,False,False,False,False,0,48.8,13,3,0,casual_legit
6,0,15,0,31.0,True,False,False,True,0,2.0,0,1,1,credential_stuffing_bot
0,0,0,162,225.8,False,False,False,False,0,20.1,8,1,0,casual_legit
0,0,2,173,155.3,False,True,False,False,0,24.5,11,4,0,casual_legit
0,0,40,0,,True,True,True,True,0,3.2,0,14,0,scraper_bot
0,0,8,0,30.0,False,True,True,False,0,1.6,0,13,1,scraper_bot
2,1,18,4,112.1,False,False,False,False,4,2.9,7,3,1,repeat_offender
0,0,33,0,,False,False,True,True,0,6.2,0,6,1,scraper_bot
0,0,3,162,206.8,False,False,False,False,0,36.1,8,4,0,casual_legit
0,0,33,0,40.2,True,True,True,False,0,0.8,0,14,1,scraper_bot
5,1,34,0,,True,True,True,True,1,0.8,0,1,1,credential_stuffing_bot
0,0,3,92,248.6,False,False,False,True,0,37.9,5,2,0,casual_legit
0,0,29,0,71.1,False,True,True,False,1,1.6,0,12,1,scraper_bot
0,0,3,169,246.5,False,False,False,False,0,36.9,8,2,0,casual_legit
0,0,4,229,245.5,True,False,False,False,0,18.8,9,3,0,casual_legit
5,0,38,0,,False,False,True,True,1,1.9,0,1,1,credential_stuffing_bot
1,0,1,49,,False,False,False,False,0,18.9,3,1,0,legit_password_typo
0,0,2,92,210.5,False,False,False,False,0,77.7,9,2,0,casual_legit
4,2,15,6,85.6,False,False,True,False,3,3.1,2,5,1,repeat_offender
0,0,4,199,203.1,False,False,False,False,0,74.9,6,6,0,casual_legit
1,0,18,1,,False,False,True,False,0,1.9,0,21,1,scraper_bot
2,0,1,208,261.9,False,False,False,False,0,41.8,6,3,0,casual_legit
3,3,7,197,219.3,False,False,False,True,0,47.8,8,2,1,careful_human_attacker
0,0,3,55,174.5,False,False,False,False,0,24.5,8,2,0,mobile_legit
0,0,4,88,239.3,False,False,False,False,0,36.5,8,1,0,casual_legit
2,4,14,184,158.3,False,False,False,False,1,37.2,11,3,1,careful_human_attacker
2,0,9,12,84.7,True,False,False,False,1,7.8,3,3,1,repeat_offender
0,1,27,0,63.7,False,True,True,False,1,1.4,0,11,1,scraper_bot
4,1,26,1,44.1,True,False,False,True,1,4.2,0,1,1,credential_stuffing_bot
0,0,3,156,260.9,False,False,False,False,0,5.4,12,3,0,casual_legit
0,0,4,12,253.9,False,False,False,False,0,11.0,4,2,0,mobile_legit
5,0,9,143,,False,False,False,True,1,17.4,4,2,1,careful_human_attacker
1,0,3,73,179.0,False,False,False,False,0,15.7,7,2,0,casual_legit
3,0,16,2,,True,True,False,False,1,1.2,0,1,1,credential_stuffing_bot
3,1,35,2,45.4,False,False,False,False,0,3.8,0,2,1,credential_stuffing_bot
0,2,5,4,301.7,False,False,False,False,0,11.2,5,2,0,mobile_legit
6,4,11,165,,False,False,True,True,0,49.1,8,6,1,careful_human_attacker
1,0,2,223,169.3,False,False,False,False,0,61.4,11,2,0,casual_legit
0,0,4,0,,False,False,False,True,0,15.2,11,2,0,mobile_legit
0,0,2,175,,False,False,False,False,0,43.8,4,4,0,casual_legit
0,0,5,249,228.2,False,False,False,False,0,17.9,12,2,0,casual_legit
5,0,10,143,205.0,True,True,True,False,0,14.8,6,3,1,careful_human_attacker
1,0,3,17,324.8,False,False,False,False,0,29.7,2,3,0,mobile_legit
4,0,20,7,128.8,True,True,True,False,6,7.6,5,3,1,repeat_offender
4,1,14,114,223.2,True,False,False,False,1,19.5,10,5,1,careful_human_attacker
7,1,11,0,48.8,True,True,True,False,1,0.6,0,1,1,credential_stuffing_bot
0,0,6,195,278.1,True,False,False,False,0,77.0,7,3,0,legit_on_vpn
0,0,5,131,221.6,False,False,False,False,0,53.1,7,2,0,casual_legit
0,0,3,164,208.4,False,False,True,True,0,95.6,12,2,0,casual_legit
2,0,33,1,15.0,False,True,True,True,1,0.7,0,1,1,credential_stuffing_bot
0,0,33,0,,False,True,True,False,0,3.2,0,10,1,scraper_bot
1,0,3,108,259.9,False,False,True,False,0,8.5,8,2,0,legit_password_typo
0,0,2,94,279.9,False,False,False,False,0,5.4,9,4,0,casual_legit
3,2,5,119,139.5,False,False,False,False,1,30.3,11,3,0,careful_human_attacker
0,0,0,27,190.2,False,False,False,False,0,33.9,7,2,0,mobile_legit
0,0,28,0,,False,False,True,False,0,12.7,1,18,1,scraper_bot
0,0,1,149,249.2,False,False,False,True,0,21.6,11,4,0,casual_legit
3,0,11,173,84.7,True,True,False,False,0,10.4,6,10,1,careful_human_attacker
0,0,3,23,207.0,True,False,False,False,0,22.0,5,2,1,mobile_legit
0,0,1,218,211.1,False,False,False,True,0,9.2,11,2,0,legit_password_typo
0,0,7,12,305.3,False,False,False,False,0,76.9,7,1,0,mobile_legit
0,0,2,17,359.6,False,False,False,True,0,45.6,9,3,0,mobile_legit
9,1,17,1,27.2,False,True,False,False,1,3.7,1,2,1,credential_stuffing_bot
0,0,1,190,244.1,False,False,False,False,0,16.8,9,4,0,casual_legit
5,0,15,0,35.4,True,False,True,False,0,0.8,1,2,1,credential_stuffing_bot
0,0,1,187,282.5,False,False,False,False,0,71.2,7,1,0,casual_legit
1,0,7,160,157.9,False,False,False,False,0,22.6,3,3,0,legit_password_typo
0,0,5,305,277.7,False,False,False,False,0,108.5,10,2,0,casual_legit
0,0,1,112,209.5,False,False,False,False,0,54.5,11,1,0,casual_legit
1,0,40,0,,False,True,True,True,0,0.9,0,16,1,scraper_bot
5,2,8,208,258.8,True,True,False,True,0,14.8,7,6,1,careful_human_attacker
1,5,0,130,137.4,True,False,False,True,0,66.3,9,2,1,careful_human_attacker
0,0,2,1,30.2,False,True,False,True,2,3.7,0,12,1,scraper_bot
7,0,22,0,,True,False,True,False,0,2.9,0,1,1,credential_stuffing_bot
0,0,5,78,293.1,False,False,False,True,0,5.9,7,2,0,casual_legit
0,0,3,218,157.2,False,False,False,True,0,22.2,14,3,0,casual_legit
0,0,5,226,256.3,True,False,False,False,0,37.5,14,3,1,legit_password_typo
0,0,1,123,323.0,False,False,False,False,0,12.3,8,3,0,legit_password_typo
1,0,19,12,61.7,True,True,False,False,3,2.8,0,4,1,repeat_offender
0,0,26,0,47.3,False,True,True,False,0,1.8,1,26,1,scraper_bot
0,0,2,44,362.7,False,False,False,False,0,44.4,6,2,0,mobile_legit
0,1,16,0,,True,False,True,False,0,8.7,1,11,1,scraper_bot
0,0,1,226,,False,False,False,False,1,14.3,10,1,0,casual_legit
0,0,6,151,226.8,False,False,False,False,0,12.0,5,2,0,casual_legit
0,0,52,0,43.3,False,True,False,False,0,2.3,0,16,1,scraper_bot
2,1,17,8,,False,True,False,False,1,11.1,2,6,1,repeat_offender
0,0,5,202,266.3,False,False,False,False,0,9.4,4,2,0,legit_password_typo
0,0,2,13,248.3,False,False,False,True,0,25.5,5,1,0,mobile_legit
2,4,14,133,225.2,False,False,False,True,0,27.3,7,6,1,careful_human_attacker
4,0,23,0,,True,False,True,False,2,0.5,0,3,1,credential_stuffing_bot
0,0,2,0,299.9,False,False,False,False,0,55.4,11,2,1,mobile_legit
0,0,4,247,280.8,False,False,False,True,0,8.1,16,2,1,casual_legit
0,0,21,0,,False,True,True,False,1,4.7,0,8,1,scraper_bot
0,0,16,0,,False,True,True,False,0,1.6,0,10,1,scraper_bot
3,1,31,0,39.9,True,True,False,True,0,0.6,0,2,1,credential_stuffing_bot
0,0,1,11,357.1,False,False,False,False,0,5.6,8,1,0,mobile_legit
3,4,4,80,197.3,False,False,True,False,0,4.7,7,4,1,careful_human_attacker
1,0,41,0,,True,True,True,True,0,2.5,0,14,1,scraper_bot
2,1,18,9,67.1,False,False,False,False,0,24.1,0,1,1,repeat_offender
0,0,3,180,237.8,True,False,False,True,0,62.0,14,3,0,legit_on_vpn
0,0,69,0,,True,True,True,True,0,1.7,0,15,1,scraper_bot
0,0,4,215,197.5,False,False,False,False,0,58.6,11,3,0,casual_legit
0,2,22,5,,False,True,False,False,0,8.2,3,4,1,repeat_offender
0,0,5,223,192.6,False,False,False,False,0,35.9,15,2,0,casual_legit
3,0,24,0,,True,True,True,True,0,1.4,0,1,1,credential_stuffing_bot
4,2,7,196,166.0,True,False,False,False,0,56.9,8,2,1,careful_human_attacker
0,0,42,0,,True,True,True,False,1,0.9,0,15,1,scraper_bot
0,0,1,198,221.6,False,False,False,False,0,49.4,6,3,1,casual_legit
0,0,0,226,251.4,False,False,False,False,0,9.3,4,1,0,casual_legit
4,2,12,193,273.6,False,False,False,False,2,98.1,4,2,1,careful_human_attacker
4,2,7,132,167.5,False,False,False,False,0,33.7,4,4,1,careful_human_attacker
2,1,24,10,36.5,True,True,True,False,3,2.4,3,4,1,repeat_offender
1,1,9,10,86.6,False,True,True,False,2,1.1,2,2,1,repeat_offender
0,0,3,170,204.9,False,False,False,False,0,23.7,10,2,0,casual_legit
1,0,4,34,316.6,False,False,False,False,0,36.5,6,1,0,mobile_legit
0,0,0,118,,False,False,False,False,0,5.8,9,3,0,casual_legit
2,2,19,5,63.2,True,True,True,False,3,4.4,1,5,1,repeat_offender
6,1,33,2,58.4,True,False,True,False,0,1.8,0,1,1,credential_stuffing_bot
0,0,2,136,249.7,False,False,False,False,0,26.5,11,1,0,casual_legit
0,0,4,87,230.5,True,False,False,False,0,6.7,6,1,0,legit_on_vpn
0,0,2,8,202.4,True,False,True,True,0,62.3,13,1,0,legit_on_vpn
0,0,5,23,356.0,False,False,False,False,0,8.3,5,2,0,mobile_legit
0,0,36,0,72.7,True,True,True,False,0,5.6,0,16,1,scraper_bot
0,0,1,225,298.1,False,False,False,False,0,7.1,9,1,0,casual_legit
0,0,3,203,321.0,False,False,False,False,0,63.5,9,2,0,casual_legit
0,0,2,0,295.6,False,False,False,False,0,16.5,5,2,0,mobile_legit
0,0,50,0,,False,True,True,False,1,1.0,0,13,1,scraper_bot
0,0,2,135,162.5,False,False,False,False,0,17.5,10,2,0,casual_legit
0,0,5,72,250.4,False,False,False,False,0,11.3,8,3,0,casual_legit
1,0,6,73,167.8,False,False,False,False,0,84.8,6,2,0,casual_legit
8,0,30,12,,True,True,False,True,0,12.5,0,5,1,repeat_offender
0,0,2,90,228.9,True,False,False,False,0,95.2,5,2,0,legit_on_vpn
0,0,5,142,,True,False,False,True,0,14.6,16,3,0,legit_password_typo
1,0,33,0,,False,True,False,True,1,2.0,0,16,1,scraper_bot
4,1,34,0,35.4,False,True,False,False,0,1.7,0,2,1,credential_stuffing_bot
0,0,3,25,,False,False,False,False,0,33.6,4,3,0,mobile_legit
0,0,3,206,268.7,False,False,False,True,0,15.5,11,5,0,casual_legit
0,0,6,215,138.2,False,False,False,False,0,34.2,10,2,0,casual_legit
1,0,6,254,254.2,False,False,False,False,1,36.7,9,3,1,casual_legit
0,0,4,242,251.9,False,False,False,False,0,17.1,12,2,0,casual_legit
0,1,3,85,264.5,False,False,False,False,0,87.5,10,2,0,casual_legit
1,1,17,7,,True,False,True,False,2,9.2,2,3,1,repeat_offender
0,0,2,90,185.4,False,False,False,False,0,66.6,7,2,0,casual_legit
0,0,5,282,285.4,False,False,False,True,0,20.3,7,1,1,casual_legit
0,0,4,15,246.6,False,False,False,False,0,25.7,3,1,0,mobile_legit
2,1,8,202,159.5,True,False,True,False,0,56.8,4,6,1,careful_human_attacker
0,0,6,163,243.1,False,False,False,False,0,106.8,7,2,0,casual_legit
1,0,4,198,195.1,False,False,False,False,0,21.8,7,1,0,legit_password_typo
4,2,34,0,,True,True,False,False,0,0.6,0,1,1,credential_stuffing_bot
7,1,21,1,,True,False,False,False,2,0.3,0,1,1,credential_stuffing_bot
0,0,1,180,237.8,False,False,False,False,0,11.5,11,3,0,casual_legit
5,2,28,0,44.2,False,False,False,False,0,3.1,0,1,1,credential_stuffing_bot
0,0,1,259,202.9,False,False,False,False,0,29.4,3,1,0,casual_legit
2,1,12,151,233.4,True,False,False,False,0,21.7,4,4,1,careful_human_attacker
0,0,2,157,212.9,False,False,False,True,0,74.8,12,4,0,casual_legit
0,0,4,228,194.8,False,False,False,True,0,39.2,8,4,0,casual_legit
1,0,43,0,35.4,False,True,True,False,0,2.6,3,20,1,scraper_bot
1,1,14,4,,True,True,False,False,1,4.2,3,6,1,repeat_offender
1,0,1,217,200.2,False,False,False,False,0,50.3,6,4,0,casual_legit
0,0,2,1,214.5,False,False,False,True,0,9.4,12,1,0,mobile_legit
8,1,25,1,29.2,True,True,True,False,1,0.8,1,2,1,credential_stuffing_bot
0,0,35,1,,False,False,True,True,2,0.5,2,12,1,scraper_bot
1,0,3,123,178.1,False,False,False,True,0,8.9,12,4,0,legit_password_typo
4,4,10,179,192.5,False,False,False,False,0,6.9,4,1,1,careful_human_attacker
0,0,6,148,260.3,False,False,False,False,0,10.1,7,3,0,casual_legit
0,0,43,0,50.7,False,False,True,False,0,1.7,2,16,1,scraper_bot
1,3,9,141,251.3,False,False,False,False,0,21.7,9,2,1,careful_human_attacker
0,0,1,100,146.7,False,False,False,False,0,52.4,10,4,0,casual_legit
0,0,3,51,,False,False,False,False,0,71.8,6,2,0,mobile_legit
0,0,1,0,274.2,False,False,False,False,0,33.6,4,1,0,mobile_legit
1,0,2,153,147.3,False,False,False,False,0,27.1,11,5,0,casual_legit
0,0,3,232,189.4,False,False,False,False,0,41.6,9,1,0,casual_legit
0,0,0,11,178.1,False,False,False,False,0,5.4,5,4,0,mobile_legit
0,1,4,160,266.6,False,False,False,False,0,20.9,15,5,0,legit_password_typo
0,0,4,35,359.0,False,False,False,True,0,66.9,1,4,0,mobile_legit
3,1,14,8,,True,False,False,True,4,8.1,2,2,1,repeat_offender
0,1,8,0,15.0,False,True,True,False,0,4.5,1,22,1,scraper_bot
3,0,26,1,,True,False,True,False,2,1.4,0,3,1,credential_stuffing_bot
0,0,1,12,304.0,False,False,False,False,0,105.5,2,1,0,mobile_legit
0,0,4,149,230.7,False,False,False,True,0,49.5,11,2,1,casual_legit
0,0,5,140,211.4,False,False,False,False,0,21.3,12,1,0,casual_legit
0,0,3,217,205.1,False,True,False,False,0,20.5,12,4,0,casual_legit
0,0,6,109,205.2,False,False,False,False,0,25.8,11,2,0,casual_legit
1,0,28,0,30.2,False,True,True,False,0,2.3,0,9,1,scraper_bot
0,0,4,259,289.0,False,False,False,False,0,36.0,7,2,0,casual_legit
5,0,11,1,53.5,True,True,False,True,0,1.9,0,2,0,credential_stuffing_bot
0,0,3,225,260.3,False,False,False,False,0,23.4,7,1,0,casual_legit
2,0,33,2,,False,True,False,False,1,0.4,1,13,1,scraper_bot
0,1,2,153,214.2,False,False,False,False,0,19.0,16,3,0,legit_password_typo
4,1,53,1,,True,False,False,False,1,1.3,1,1,1,credential_stuffing_bot
0,0,32,0,30.8,True,False,True,True,0,0.4,0,14,0,scraper_bot
0,0,46,1,,False,True,True,True,0,1.9,1,19,1,scraper_bot
1,0,0,16,253.6,True,False,False,False,0,21.4,2,3,0,mobile_legit
0,0,57,1,,True,False,True,False,1,1.6,1,20,1,scraper_bot
0,0,59,2,20.9,False,True,True,True,1,1.3,0,17,1,scraper_bot
1,0,7,10,105.6,True,True,False,True,1,2.3,0,3,1,repeat_offender
3,0,51,1,,True,False,True,False,1,2.2,0,9,1,scraper_bot
0,0,6,142,244.2,False,False,False,False,0,98.0,11,2,0,legit_password_typo
0,0,4,16,217.1,False,False,False,False,0,8.7,7,2,0,mobile_legit
7,1,11,101,157.8,True,False,False,True,0,20.6,4,3,0,careful_human_attacker
1,0,2,224,252.8,False,False,False,False,0,30.7,12,4,0,legit_password_typo
2,2,15,133,164.1,False,False,False,False,1,31.7,3,3,1,careful_human_attacker
0,1,3,32,271.0,False,False,False,False,0,16.9,6,1,0,mobile_legit
0,0,5,224,322.8,False,False,False,False,0,45.2,12,3,0,casual_legit
0,0,3,218,184.8,False,False,False,True,0,95.7,9,2,0,casual_legit
0,0,3,24,247.0,True,False,False,False,0,20.0,9,3,0,mobile_legit
0,0,2,116,246.1,False,False,False,True,1,20.1,10,2,0,legit_password_typo
0,0,2,210,246.8,False,False,False,True,0,70.2,11,3,0,casual_legit
0,0,29,1,,True,False,True,False,0,2.4,0,17,1,scraper_bot
5,1,24,0,50.1,True,False,True,False,0,1.6,0,1,1,credential_stuffing_bot
0,0,6,277,212.7,False,False,False,False,0,54.3,7,3,0,casual_legit
0,1,5,54,242.3,False,False,False,False,0,148.4,7,1,0,legit_on_vpn
1,0,28,1,19.8,True,False,True,True,3,2.9,0,2,1,credential_stuffing_bot
0,0,4,166,184.3,False,False,False,False,0,46.9,10,3,0,casual_legit
0,0,5,194,201.2,False,False,False,False,0,28.8,5,2,0,casual_legit
1,0,7,151,179.5,False,False,False,False,0,89.4,11,2,0,casual_legit
3,2,15,0,61.0,True,True,True,False,0,5.3,0,2,1,credential_stuffing_bot
2,1,11,44,235.5,True,False,False,False,0,24.7,2,3,1,careful_human_attacker
1,0,5,208,252.0,False,False,False,True,0,20.2,7,2,0,casual_legit
0,0,4,161,202.0,False,False,False,False,0,103.7,7,3,0,casual_legit
1,0,57,2,,False,True,True,False,1,2.3,0,18,1,scraper_bot
4,1,15,0,42.6,False,True,False,False,0,0.9,2,1,1,credential_stuffing_bot
0,0,0,120,234.5,False,False,False,False,0,96.7,7,1,0,casual_legit
3,0,15,1,,False,False,True,False,0,0.4,0,1,1,credential_stuffing_bot
0,0,3,293,207.4,False,False,False,True,0,58.1,12,3,0,casual_legit
0,0,41,1,,False,False,True,False,0,2.4,0,16,1,scraper_bot
0,0,5,250,223.9,False,False,False,False,0,25.4,9,1,0,casual_legit
1,0,0,63,244.9,True,False,False,False,0,34.6,7,2,0,legit_on_vpn
0,0,4,0,296.1,True,False,False,True,0,121.3,2,1,0,mobile_legit
3,3,5,11,76.4,True,False,False,True,0,2.6,1,9,1,repeat_offender
0,0,0,0,293.8,False,False,False,False,0,20.6,6,3,0,mobile_legit
0,0,3,172,249.8,False,False,False,False,0,6.7,9,2,0,casual_legit
0,1,32,2,,False,True,True,False,1,4.9,0,12,1,scraper_bot
6,1,7,96,175.8,True,False,False,False,1,20.2,4,2,1,careful_human_attacker
6,0,9,179,206.5,False,False,False,True,1,54.8,4,2,1,careful_human_attacker
4,2,27,0,,True,False,True,False,0,0.5,0,1,1,credential_stuffing_bot
0,0,68,0,38.1,True,False,False,False,2,4.5,1,13,1,scraper_bot
0,1,2,116,232.4,False,False,False,False,0,7.8,11,1,0,casual_legit
4,1,15,11,109.4,True,True,False,False,2,1.9,1,1,1,repeat_offender
0,0,2,106,215.2,False,False,False,False,0,24.4,8,3,0,legit_password_typo
4,2,7,1,,True,True,False,True,2,0.7,0,1,1,credential_stuffing_bot
0,0,21,2,,False,True,True,True,0,3.4,1,14,1,scraper_bot
0,1,38,1,,True,True,True,False,0,1.4,0,16,1,scraper_bot
2,2,10,6,172.6,True,False,False,True,2,5.0,4,3,1,repeat_offender
1,0,1,219,169.0,False,False,True,False,0,27.8,6,3,0,casual_legit
1,1,11,3,132.9,True,False,False,False,3,2.9,2,3,1,repeat_offender
3,1,8,202,141.8,False,False,False,False,1,53.4,9,5,1,careful_human_attacker
0,0,4,201,244.3,True,False,False,True,0,82.9,5,3,0,legit_on_vpn
0,0,4,131,275.3,True,False,False,False,0,9.9,12,3,0,legit_on_vpn
0,0,0,0,28.3,False,True,True,False,0,4.6,0,20,1,scraper_bot
5,2,1,148,226.6,False,False,False,False,0,20.1,6,4,1,careful_human_attacker
0,0,6,257,232.4,False,False,False,False,0,5.5,6,2,1,casual_legit
4,0,27,0,45.0,False,False,True,False,2,1.2,0,2,1,credential_stuffing_bot
1,1,4,151,189.0,False,True,False,False,0,27.9,15,5,1,careful_human_attacker
1,2,13,6,135.3,True,False,False,True,0,4.9,1,6,1,repeat_offender
0,0,2,13,206.5,False,False,False,False,0,12.2,6,1,0,mobile_legit
4,2,8,206,246.9,True,False,False,True,2,67.0,10,3,1,careful_human_attacker
0,0,4,86,194.5,False,False,False,False,0,56.6,12,2,0,casual_legit
0,0,2,159,339.9,False,False,False,False,0,7.4,10,4,1,casual_legit
0,0,4,301,243.4,False,False,False,False,0,14.0,10,2,0,casual_legit
1,0,1,31,280.1,False,False,False,False,0,47.2,6,1,0,mobile_legit
4,1,11,0,42.5,True,False,True,True,3,1.6,1,1,1,credential_stuffing_bot
0,0,8,133,227.4,False,False,False,False,0,56.2,8,2,0,legit_password_typo
3,0,27,0,31.8,False,False,False,False,0,3.0,0,2,1,credential_stuffing_bot
4,0,5,5,,False,False,False,False,3,4.1,3,6,1,repeat_offender
2,0,2,132,,False,False,False,False,0,37.1,14,3,0,casual_legit
0,0,18,0,97.2,False,True,False,True,0,0.5,1,14,1,scraper_bot
2,0,2,0,282.2,False,True,False,False,0,17.2,9,3,0,mobile_legit
0,0,4,155,178.5,False,False,False,True,0,20.8,7,3,0,legit_password_typo
5,1,22,0,,True,False,False,True,0,0.5,0,1,1,credential_stuffing_bot
0,0,5,150,197.0,False,False,False,False,1,40.6,7,3,0,legit_password_typo
0,1,4,167,194.5,False,False,False,False,0,26.5,7,5,0,casual_legit
0,0,5,114,242.2,False,False,False,False,0,148.9,7,4,0,casual_legit
1,1,6,151,196.2,False,False,False,False,0,21.1,5,1,0,legit_password_typo
2,0,5,49,182.2,False,False,False,True,0,206.6,13,2,0,casual_legit
0,1,4,14,304.6,False,False,False,True,0,70.4,7,4,0,mobile_legit
0,0,2,21,,False,False,False,False,0,7.2,5,3,0,mobile_legit
5,0,32,3,,False,False,True,True,1,0.4,0,2,1,credential_stuffing_bot
1,1,10,246,165.2,True,False,False,False,0,9.8,6,7,1,careful_human_attacker
1,2,9,6,34.9,True,False,False,False,5,1.5,3,3,1,repeat_offender
0,0,57,2,,False,True,True,True,2,0.5,0,8,1,scraper_bot
2,1,3,201,178.4,False,False,False,False,0,208.7,7,3,0,legit_password_typo
0,0,23,2,31.6,False,False,False,False,1,4.4,1,10,1,scraper_bot
0,0,4,24,182.4,False,False,False,False,0,33.0,2,4,0,mobile_legit
1,2,11,125,184.8,False,False,False,True,0,48.3,3,1,0,careful_human_attacker
3,2,6,7,138.8,False,False,True,True,3,5.1,1,6,1,repeat_offender
1,0,4,112,271.2,False,False,False,False,0,87.0,7,1,0,casual_legit
0,0,3,26,296.5,False,False,False,False,0,26.7,9,2,0,mobile_legit
0,0,44,2,,False,True,False,False,0,5.7,0,13,1,scraper_bot
0,1,14,8,69.0,True,False,False,True,4,22.8,1,4,1,repeat_offender
0,0,1,148,177.5,False,False,False,False,0,59.6,11,2,0,casual_legit
0,0,2,108,300.8,False,False,False,False,0,9.5,12,2,0,casual_legit
1,2,16,5,63.4,False,False,True,False,1,1.4,1,2,1,repeat_offender
2,2,13,190,241.5,False,False,False,False,2,8.4,11,2,1,careful_human_attacker
0,0,39,0,,True,True,True,False,2,0.7,1,12,1,scraper_bot
1,0,1,15,161.1,False,False,False,False,0,95.4,8,4,0,casual_legit
0,0,4,22,290.7,False,False,False,False,0,68.7,3,2,0,mobile_legit
4,2,11,206,252.0,False,False,False,False,1,32.1,6,1,1,careful_human_attacker
3,3,34,0,19.2,True,True,False,False,1,0.2,0,1,1,credential_stuffing_bot
0,0,40,2,,False,True,False,True,0,1.1,0,12,1,scraper_bot
0,0,3,270,199.0,False,False,False,False,0,105.4,14,2,0,casual_legit
1,0,2,162,274.9,True,False,False,False,0,105.2,6,3,0,legit_on_vpn
4,2,0,0,,False,False,True,True,1,1.7,0,1,1,credential_stuffing_bot
2,2,10,7,,True,False,False,True,2,9.0,4,6,1,repeat_offender
4,0,49,0,19.5,True,True,False,False,0,1.3,0,1,1,credential_stuffing_bot
0,0,6,179,205.4,False,False,False,False,0,97.3,10,2,0,casual_legit
1,0,3,128,151.4,False,False,False,False,0,52.7,4,2,0,casual_legit
0,0,0,131,155.5,False,False,False,True,0,85.7,18,2,0,casual_legit
0,0,2,180,,False,False,False,False,0,17.8,9,2,0,casual_legit
2,1,4,207,280.9,True,False,False,True,1,11.5,8,4,1,careful_human_attacker
1,0,24,0,,False,True,True,False,1,0.7,0,20,1,scraper_bot
1,0,48,0,,False,True,True,False,1,3.2,1,18,1,scraper_bot
0,0,2,2,247.5,False,False,False,False,0,57.9,4,1,0,mobile_legit
6,0,16,0,30.8,False,False,True,True,1,0.3,0,1,1,credential_stuffing_bot
1,0,3,113,,False,False,False,False,0,116.4,11,3,0,legit_password_typo
0,0,6,122,216.8,False,False,False,True,0,87.4,13,3,0,casual_legit
2,0,7,271,262.7,False,False,False,False,0,78.1,17,2,0,legit_password_typo
0,1,4,0,285.3,True,False,False,False,0,8.2,5,1,0,mobile_legit
1,0,10,127,233.0,False,False,False,True,0,10.5,13,3,0,legit_password_typo
0,0,2,231,129.9,False,False,False,False,0,68.7,7,2,0,casual_legit
1,2,0,5,,True,False,False,False,2,1.4,4,5,1,repeat_offender
2,1,3,84,214.9,True,False,False,True,0,11.0,6,4,1,careful_human_attacker
0,0,2,181,247.7,False,False,False,True,0,17.6,9,3,0,casual_legit
0,0,2,237,250.7,False,False,False,False,0,33.7,14,3,0,casual_legit
0,0,2,212,199.4,False,False,False,False,0,217.8,6,3,0,casual_legit
6,0,39,0,30.3,True,False,True,False,1,4.0,0,1,1,credential_stuffing_bot
0,0,4,264,278.8,False,False,False,False,0,24.1,14,3,1,casual_legit
0,0,4,168,168.3,False,False,False,False,0,25.6,8,2,0,casual_legit
0,0,31,1,30.5,True,True,False,False,0,11.9,2,23,1,scraper_bot
0,0,52,1,57.4,False,True,True,False,0,1.0,0,13,1,scraper_bot
0,0,2,30,209.0,False,False,False,True,0,171.7,6,4,0,mobile_legit
0,0,4,21,449.5,False,False,False,False,0,24.1,9,1,0,mobile_legit
3,0,11,1,40.2,False,False,True,False,0,0.5,0,2,1,credential_stuffing_bot
0,0,5,88,245.3,True,False,False,False,0,74.9,12,4,0,casual_legit
0,0,3,186,152.6,True,False,False,False,0,15.5,7,3,0,legit_on_vpn
0,0,4,219,283.7,False,False,False,True,0,10.7,6,1,0,casual_legit
3,0,11,2,,True,True,False,False,1,1.4,2,1,1,credential_stuffing_bot
0,0,3,4,164.0,False,False,False,False,0,14.8,8,1,0,casual_legit
0,0,4,78,219.8,False,False,False,True,0,27.0,11,2,0,casual_legit
0,0,4,162,227.6,True,False,False,False,0,25.9,17,2,0,legit_on_vpn
0,0,4,252,252.4,False,False,False,True,0,26.5,9,1,0,casual_legit
0,0,2,11,265.8,False,False,False,False,0,103.7,4,1,0,mobile_legit
3,0,18,0,38.8,True,True,True,True,1,3.8,1,2,1,credential_stuffing_bot
0,0,37,2,18.3,True,True,False,False,0,0.7,0,11,1,scraper_bot
0,0,5,13,,False,False,False,False,0,45.4,2,1,0,mobile_legit
0,0,3,1,351.7,False,False,False,False,0,33.8,8,2,0,mobile_legit
1,0,5,215,243.3,False,False,False,False,0,70.8,9,5,0,legit_password_typo
4,2,10,230,221.2,False,True,False,False,1,15.1,8,8,1,careful_human_attacker
1,1,0,0,38.0,False,True,True,True,0,1.9,1,1,1,credential_stuffing_bot
0,0,3,6,272.5,False,False,False,False,0,10.5,3,1,0,mobile_legit
0,0,1,192,105.5,False,False,False,False,0,21.1,8,1,0,casual_legit
3,0,8,0,,True,False,True,True,1,1.6,0,1,1,credential_stuffing_bot
0,0,2,129,139.1,False,False,False,False,0,30.1,14,2,0,casual_legit
0,0,1,162,,True,False,False,False,0,29.4,11,2,0,casual_legit
0,0,5,192,259.6,False,False,False,False,0,6.7,8,5,0,casual_legit
5,0,27,0,,True,True,False,False,2,2.0,0,1,1,credential_stuffing_bot
4,2,15,153,184.1,True,False,False,False,0,11.8,12,6,1,careful_human_attacker
0,0,25,2,56.7,True,True,True,True,0,2.8,0,20,1,scraper_bot
0,0,2,6,,False,False,False,True,0,16.3,10,2,0,mobile_legit
2,0,5,215,221.8,False,False,False,False,0,48.9,6,4,0,legit_password_typo
5,6,9,155,316.1,False,False,False,False,0,52.5,9,5,1,careful_human_attacker
1,0,15,4,86.3,True,True,False,False,4,2.7,0,3,1,repeat_offender
3,1,9,0,,False,True,True,False,1,0.5,0,1,1,credential_stuffing_bot
0,1,47,0,,False,False,True,True,0,2.7,0,17,1,scraper_bot
7,1,19,1,,False,True,True,False,1,1.2,1,1,1,credential_stuffing_bot
0,0,4,158,162.7,False,False,False,True,0,20.2,16,4,0,casual_legit
0,0,0,167,291.3,False,False,False,False,0,18.5,5,3,0,casual_legit
0,0,3,143,208.6,False,False,False,False,0,57.4,14,4,0,casual_legit
4,0,2,169,156.6,False,False,False,False,0,10.5,6,4,0,legit_password_typo
2,0,2,105,209.5,False,False,False,False,0,86.5,10,3,0,casual_legit
5,1,11,1,33.0,False,True,True,False,0,0.6,0,1,1,credential_stuffing_bot
0,0,3,256,279.1,False,False,False,False,0,54.9,11,2,1,casual_legit
0,0,19,0,26.5,False,True,True,False,1,0.7,0,12,1,scraper_bot
0,0,3,41,182.6,False,False,False,False,0,134.1,14,1,0,casual_legit
0,0,5,196,358.1,False,False,False,True,0,8.8,6,3,0,casual_legit
0,0,3,34,314.9,False,False,False,False,0,5.2,7,2,0,mobile_legit
1,0,51,0,,False,True,True,True,0,1.0,0,14,1,scraper_bot
0,0,2,0,360.2,False,False,False,False,0,4.6,4,1,0,mobile_legit
0,0,4,176,207.0,False,False,False,False,0,5.1,10,3,0,casual_legit
0,0,55,1,,True,True,True,True,0,4.4,0,21,1,scraper_bot
1,0,4,190,,True,False,False,False,0,80.5,8,4,0,legit_on_vpn
0,0,2,49,284.9,False,False,False,False,0,72.9,7,1,0,mobile_legit
0,0,5,118,288.0,False,False,False,False,0,34.1,10,2,0,casual_legit
0,0,3,147,240.8,False,False,False,False,0,122.1,5,2,0,casual_legit
2,1,5,126,229.7,False,False,False,False,0,288.9,5,1,0,legit_password_typo
2,2,17,9,108.0,True,False,False,True,3,17.3,3,2,1,repeat_offender
0,0,3,117,311.7,False,False,False,False,0,67.0,7,5,0,casual_legit
4,1,21,2,36.5,True,False,True,False,0,0.4,0,1,1,credential_stuffing_bot
4,1,21,0,15.0,False,True,True,True,1,3.1,1,2,1,credential_stuffing_bot
2,0,3,225,320.3,False,False,False,False,0,84.1,11,6,0,casual_legit
0,0,38,1,,False,True,True,True,0,1.5,1,12,1,scraper_bot
1,0,61,0,,False,True,True,False,0,5.7,0,17,1,scraper_bot
0,0,3,5,187.8,False,False,False,False,0,13.1,3,1,0,mobile_legit
0,0,4,253,232.9,False,False,False,False,0,46.6,11,3,0,casual_legit
0,0,35,1,,True,True,False,False,0,1.0,0,14,0,scraper_bot
2,1,25,0,,True,True,True,False,0,1.2,1,1,1,credential_stuffing_bot
3,1,15,0,,False,True,False,True,0,1.0,0,1,1,credential_stuffing_bot
1,1,28,7,,True,False,False,True,3,10.7,3,3,1,repeat_offender
0,0,1,267,,False,False,False,False,0,7.0,9,2,0,casual_legit
5,0,34,0,,False,False,True,False,0,1.2,0,1,1,credential_stuffing_bot
0,0,5,172,218.0,True,False,False,False,0,24.3,12,3,0,legit_on_vpn
0,0,19,9,,False,False,False,False,1,6.0,4,2,1,repeat_offender
1,0,9,1,57.0,True,True,True,True,1,1.3,2,11,1,scraper_bot
0,0,3,167,236.8,False,False,False,False,1,34.3,7,2,0,casual_legit
3,1,10,0,,True,True,True,False,0,1.4,0,1,1,credential_stuffing_bot
0,0,6,39,261.2,False,False,False,False,0,139.3,1,4,0,mobile_legit
2,5,13,157,296.4,False,False,False,False,1,39.6,7,7,1,careful_human_attacker
0,0,4,256,271.5,True,False,False,False,0,15.2,5,3,1,legit_on_vpn
5,0,31,0,,False,True,True,False,0,2.3,0,1,1,credential_stuffing_bot
1,0,4,217,209.6,False,False,False,False,0,5.2,10,3,0,casual_legit
2,0,6,171,216.7,False,False,False,True,0,11.6,12,3,1,casual_legit
0,0,3,183,224.5,False,False,False,False,0,13.2,4,2,0,casual_legit
3,0,25,0,22.9,False,True,False,False,1,5.5,1,3,1,credential_stuffing_bot
0,0,1,246,173.4,False,False,False,True,0,26.2,9,3,0,casual_legit
0,0,1,84,184.4,False,False,False,False,0,29.3,7,2,0,casual_legit
0,0,5,0,50.3,False,True,True,False,0,0.9,1,20,1,scraper_bot
1,0,4,140,272.9,False,False,False,False,1,32.9,10,1,0,casual_legit
3,0,20,16,102.5,True,False,True,False,3,1.0,3,6,1,repeat_offender
0,0,3,142,181.6,False,False,False,False,0,66.5,7,3,0,casual_legit
0,0,2,30,342.9,False,False,False,False,0,4.4,4,3,0,mobile_legit
1,0,2,1,369.3,False,False,False,False,0,56.9,5,3,0,mobile_legit
0,0,1,14,381.1,False,False,False,False,0,16.2,4,2,0,mobile_legit
0,0,1,37,,False,False,False,False,0,81.8,4,2,0,mobile_legit
1,1,4,165,223.9,False,False,False,False,0,10.9,7,3,0,legit_password_typo
5,1,21,0,16.4,True,True,True,True,1,0.4,0,2,1,credential_stuffing_bot
0,0,3,240,277.8,False,False,False,False,0,55.2,12,2,0,casual_legit
0,0,4,190,231.5,True,False,False,False,0,11.3,12,2,0,legit_on_vpn
0,0,5,347,257.5,False,False,False,False,0,106.8,10,2,0,casual_legit
0,0,6,91,288.8,False,False,False,False,0,28.7,12,5,0,casual_legit
0,0,1,146,226.0,False,False,False,False,0,10.0,15,2,0,casual_legit
1,0,1,20,341.1,True,False,False,False,0,119.0,9,2,0,mobile_legit
0,0,3,140,181.8,False,False,False,True,0,60.6,7,2,0,legit_password_typo
0,0,1,203,,False,False,False,True,0,40.5,7,1,0,casual_legit
1,0,5,0,260.4,False,False,True,True,0,26.2,13,3,0,legit_password_typo
1,0,2,0,339.1,False,False,False,True,0,5.5,3,1,0,mobile_legit
0,0,5,272,329.7,False,False,False,False,0,19.4,8,1,0,casual_legit
0,0,6,0,211.9,False,False,False,False,0,47.2,4,1,0,mobile_legit
1,0,4,6,249.3,False,False,False,False,0,25.6,3,1,0,mobile_legit
1,0,1,1,372.4,False,False,False,False,0,11.2,9,2,0,mobile_legit
3,2,35,0,,True,True,True,True,1,1.5,1,1,1,credential_stuffing_bot
0,0,5,87,227.1,False,False,False,False,0,32.9,7,4,0,casual_legit
1,0,6,126,169.9,False,False,False,False,0,14.0,9,2,0,legit_password_typo
0,0,1,253,195.8,False,False,False,False,0,82.3,10,1,1,casual_legit
0,0,4,6,265.1,False,False,False,True,0,35.9,2,1,0,mobile_legit
4,0,4,159,166.8,False,False,False,True,0,59.1,14,2,0,legit_password_typo
0,0,0,264,230.3,False,False,False,False,0,89.9,7,3,0,casual_legit
0,0,44,1,,False,True,True,False,0,2.4,1,15,1,scraper_bot
0,0,36,0,,False,False,True,False,1,1.3,0,11,1,scraper_bot
0,1,7,236,222.2,False,False,False,False,0,49.5,8,1,0,legit_password_typo
4,3,11,148,,True,False,False,False,0,16.0,11,2,1,careful_human_attacker
1,0,54,2,42.0,False,False,True,True,0,3.5,2,10,1,scraper_bot
0,0,2,22,329.4,False,False,False,False,0,39.8,11,2,0,mobile_legit
0,0,4,229,211.7,False,False,False,False,0,15.1,6,2,0,casual_legit
1,0,20,1,,False,True,True,False,0,1.5,0,17,1,scraper_bot
1,0,2,138,200.4,False,False,False,False,0,112.5,4,3,0,casual_legit
0,0,3,222,207.3,False,False,False,False,0,14.3,7,3,0,casual_legit
0,0,1,23,309.1,True,False,False,True,0,5.6,0,2,0,mobile_legit
0,0,10,10,87.5,False,False,False,False,4,5.0,1,5,0,repeat_offender
6,1,11,158,199.7,True,False,False,True,0,71.6,6,3,1,careful_human_attacker
0,0,2,168,148.4,False,False,False,True,0,10.1,8,2,0,casual_legit
0,0,7,119,248.6,False,False,False,False,0,57.4,14,1,0,casual_legit
1,0,59,0,,False,True,True,True,0,6.0,0,15,1,scraper_bot
0,0,2,229,136.3,False,False,False,False,0,30.2,17,2,0,legit_password_typo
0,0,3,167,249.8,False,False,False,False,0,105.0,7,3,0,casual_legit
0,0,1,158,178.6,False,False,False,False,0,32.8,5,1,0,casual_legit
0,0,5,108,246.2,True,False,False,False,0,25.7,6,2,0,legit_on_vpn
0,0,2,19,278.1,False,False,False,False,0,71.9,9,4,0,mobile_legit
1,0,46,1,15.0,True,True,True,False,0,3.3,0,17,1,scraper_bot
0,1,2,91,208.8,False,False,False,False,0,34.3,12,5,0,casual_legit
0,0,5,2,33.4,False,True,True,True,0,0.8,0,9,1,scraper_bot
0,0,2,17,291.9,False,False,False,False,0,21.3,7,3,0,mobile_legit
3,3,16,7,71.4,False,False,False,False,2,3.6,1,3,1,repeat_offender
1,1,36,1,,True,True,False,False,1,5.7,1,10,1,scraper_bot
0,0,5,230,223.0,True,False,False,False,0,89.0,12,1,0,legit_on_vpn
0,0,46,0,,True,True,True,False,0,0.6,0,16,1,scraper_bot
0,0,5,5,221.9,False,False,False,False,0,8.1,7,2,0,mobile_legit
0,1,61,0,,False,True,False,False,0,0.7,0,18,1,scraper_bot
0,1,2,257,177.6,False,False,False,False,0,12.4,6,2,0,casual_legit
5,1,22,0,,False,False,True,False,1,1.7,0,2,1,credential_stuffing_bot
0,0,50,0,,False,True,True,True,0,0.5,3,11,1,scraper_bot
0,0,3,29,,False,False,False,False,0,89.3,8,1,0,mobile_legit
0,0,3,4,296.8,False,False,False,False,0,29.2,3,1,0,mobile_legit
0,0,5,176,128.3,True,False,False,False,0,64.6,10,1,0,casual_legit
2,3,5,203,237.7,True,False,False,True,0,22.5,2,4,1,careful_human_attacker
0,0,2,258,270.6,False,False,False,False,0,21.4,11,5,0,casual_legit
1,4,20,4,,True,False,True,False,3,6.4,1,1,1,repeat_offender
3,1,44,1,,False,False,True,False,1,4.8,0,1,1,credential_stuffing_bot
0,0,51,0,15.0,False,True,True,False,0,1.0,0,13,1,scraper_bot
5,0,35,0,46.2,True,True,False,False,0,0.4,1,1,1,credential_stuffing_bot
0,0,2,172,277.8,True,False,False,False,0,43.4,8,2,0,legit_on_vpn
0,0,11,0,21.8,True,True,True,True,1,0.7,2,17,1,scraper_bot
0,0,3,113,212.4,False,False,False,False,0,50.5,6,4,0,casual_legit
0,0,62,1,53.4,False,True,True,False,0,2.3,0,14,1,scraper_bot
4,3,11,131,221.6,False,False,False,False,1,73.7,7,3,1,careful_human_attacker
6,0,10,46,107.2,True,False,False,True,0,77.7,6,2,1,careful_human_attacker
3,0,17,9,24.0,True,False,True,False,3,13.3,7,3,1,repeat_offender
0,1,4,174,142.9,False,False,False,False,0,41.1,10,4,0,legit_password_typo
0,2,3,13,389.5,False,True,True,False,0,12.4,6,4,0,mobile_legit
0,0,4,241,190.1,False,False,False,False,0,17.7,9,2,0,casual_legit
3,2,11,0,45.1,False,True,True,False,2,0.5,0,1,1,credential_stuffing_bot
3,0,5,111,164.3,False,False,False,False,0,46.2,17,1,0,legit_password_typo
1,0,4,111,134.6,False,False,False,False,0,33.9,10,1,0,casual_legit
0,0,4,152,183.0,False,False,False,False,0,70.5,10,2,0,legit_password_typo
0,0,3,110,184.7,False,False,False,False,0,32.9,7,2,0,casual_legit
0,0,30,0,58.6,True,False,False,False,1,0.5,0,14,1,scraper_bot
2,1,39,0,44.0,True,True,True,False,1,0.9,0,1,1,credential_stuffing_bot
1,0,4,121,154.5,False,False,False,False,0,39.3,8,2,0,casual_legit
0,0,2,192,158.0,False,False,False,True,0,15.6,13,3,0,casual_legit
0,0,5,258,273.0,False,False,False,False,0,45.6,9,6,0,casual_legit
0,0,5,198,301.2,False,False,False,False,0,23.6,10,1,0,casual_legit
0,0,31,0,,False,True,False,False,0,0.8,0,15,1,scraper_bot
1,0,3,140,253.5,True,False,False,True,0,52.9,6,3,0,legit_on_vpn
1,0,3,95,256.3,False,False,False,False,0,33.6,17,3,0,casual_legit
0,0,0,11,353.3,False,False,False,False,0,6.7,2,4,0,mobile_legit
2,2,5,182,279.8,True,False,False,False,1,28.9,6,2,1,careful_human_attacker
2,2,23,0,,False,False,False,False,1,2.0,0,2,1,credential_stuffing_bot
1,0,7,87,231.7,False,False,False,False,0,67.6,7,3,0,legit_password_typo
2,1,11,13,27.7,True,False,False,True,0,3.7,2,4,1,repeat_offender
1,0,34,1,40.2,False,True,False,False,1,3.3,0,2,1,credential_stuffing_bot
4,2,8,165,177.4,False,False,True,True,1,6.8,4,6,1,careful_human_attacker
0,0,3,2,266.0,False,False,False,False,0,16.9,6,2,0,mobile_legit
4,3,0,169,245.5,False,False,False,False,1,29.2,4,4,1,careful_human_attacker
0,0,5,252,206.7,False,False,False,False,0,35.2,3,4,0,casual_legit
0,0,1,122,176.2,False,False,False,False,0,38.4,15,3,0,legit_password_typo
5,2,5,159,156.3,True,False,False,True,1,12.6,4,3,1,careful_human_attacker
1,0,1,133,183.3,False,False,False,False,0,23.1,9,1,0,legit_password_typo
1,3,12,202,255.7,False,False,False,True,1,50.7,5,5,1,careful_human_attacker
1,0,56,1,,False,True,True,True,1,2.1,0,15,1,scraper_bot
0,0,1,130,138.0,False,False,False,False,0,42.1,12,2,0,casual_legit
0,0,1,65,234.3,False,False,False,False,0,33.4,11,4,0,casual_legit
0,0,3,20,225.6,False,False,False,False,0,35.8,4,2,0,mobile_legit
0,0,1,63,304.0,True,False,False,False,0,12.4,6,2,0,casual_legit
1,0,4,254,269.6,True,False,False,False,0,11.1,10,4,0,legit_on_vpn
0,0,3,185,218.5,False,False,False,False,0,24.9,10,3,0,casual_legit
0,0,1,195,265.0,False,False,False,False,0,8.3,13,2,0,casual_legit
0,0,2,95,251.4,False,False,False,True,0,28.9,9,2,0,casual_legit
0,0,16,0,,True,True,True,False,0,1.2,0,8,1,scraper_bot
3,0,11,0,17.1,False,True,True,False,0,1.3,1,1,1,credential_stuffing_bot
0,0,0,27,277.7,False,False,False,True,0,15.9,7,2,0,mobile_legit
1,0,2,152,241.4,False,False,False,False,0,17.1,6,1,0,casual_legit
2,0,3,90,170.2,False,False,False,False,0,71.1,14,1,0,legit_password_typo
0,0,3,147,162.1,False,False,False,False,0,87.2,10,4,0,casual_legit
4,4,4,200,120.4,False,False,False,False,0,57.6,9,4,1,careful_human_attacker
0,0,4,116,167.1,False,False,False,False,1,72.3,7,4,0,casual_legit
0,0,1,149,207.0,False,False,False,False,0,29.0,13,3,0,casual_legit
1,0,4,195,240.7,False,False,False,False,0,6.1,9,1,0,casual_legit
1,1,2,177,213.5,True,False,False,False,0,47.8,7,3,0,casual_legit
0,1,4,180,234.9,False,False,False,False,0,27.0,7,3,0,casual_legit
1,0,53,1,49.1,True,True,True,False,1,0.4,0,22,1,scraper_bot
0,0,3,150,211.4,False,False,False,False,0,6.8,9,2,0,casual_legit
6,2,34,0,61.1,True,False,True,False,0,1.0,0,2,1,credential_stuffing_bot
0,0,2,224,203.4,False,False,False,False,1,143.0,10,1,0,casual_legit
0,0,4,217,282.5,False,False,False,False,0,57.6,9,3,0,casual_legit
3,1,9,1,24.9,False,False,True,False,0,1.4,0,3,1,credential_stuffing_bot
0,0,2,319,226.2,False,False,False,True,0,50.2,7,2,0,casual_legit
0,0,6,248,238.8,False,False,False,False,0,46.0,8,2,0,casual_legit
0,0,31,0,15.0,True,True,True,False,0,2.1,2,13,1,scraper_bot
0,0,5,314,153.1,False,False,False,False,0,45.1,10,2,0,casual_legit
1,0,1,221,217.0,True,False,False,False,0,35.2,10,5,0,casual_legit
0,0,2,7,,False,True,False,True,0,9.5,6,1,0,mobile_legit
0,0,1,163,273.6,False,False,False,False,0,33.4,8,1,0,casual_legit
0,0,2,127,225.8,True,False,False,False,0,72.7,7,4,0,casual_legit
0,0,16,12,15.0,True,False,False,False,0,23.0,3,11,1,repeat_offender
0,0,1,26,302.9,False,False,False,False,0,24.2,5,1,0,mobile_legit
0,0,2,16,302.0,True,False,False,False,0,15.2,3,1,0,mobile_legit
0,0,7,282,196.9,False,False,False,False,0,32.3,9,3,0,casual_legit
0,0,3,197,185.2,False,False,False,True,0,62.3,9,1,0,casual_legit
0,0,1,96,191.7,False,False,False,False,0,31.2,7,4,0,casual_legit
0,0,0,110,273.0,False,False,False,False,0,74.5,5,3,0,casual_legit
0,0,41,1,,True,True,True,True,0,1.9,0,21,1,scraper_bot
2,0,13,0,45.5,False,True,False,False,3,0.9,0,1,1,credential_stuffing_bot
2,0,63,1,,True,True,False,False,1,8.3,1,17,1,scraper_bot
0,0,4,191,134.8,False,False,False,False,0,9.8,10,2,0,casual_legit
0,0,5,54,252.6,False,False,False,False,0,15.1,5,2,0,casual_legit
0,0,4,111,238.5,False,False,False,False,0,60.8,7,2,0,casual_legit
0,0,2,238,223.1,False,False,False,False,0,117.5,14,2,0,casual_legit
0,2,5,0,,False,True,True,False,0,1.7,0,20,1,scraper_bot
0,0,3,0,272.7,False,False,False,True,0,35.6,6,4,0,mobile_legit
1,0,3,8,249.9,False,False,False,True,0,22.7,7,1,0,mobile_legit
5,4,3,116,198.7,True,False,False,False,0,28.8,9,1,1,careful_human_attacker
1,0,3,88,155.1,False,False,False,False,0,79.1,5,5,0,legit_password_typo
0,0,5,145,261.9,False,False,False,True,0,48.0,9,2,0,legit_password_typo
1,1,10,12,148.7,True,False,False,True,3,3.4,3,5,1,repeat_offender
1,1,26,0,,False,True,True,False,0,1.0,0,5,1,credential_stuffing_bot
3,1,43,0,39.7,False,True,True,False,0,1.5,0,1,1,credential_stuffing_bot
0,0,1,148,233.0,False,False,False,False,0,5.3,7,6,0,casual_legit
1,0,3,150,184.5,False,False,False,False,0,26.2,15,2,0,legit_password_typo
6,1,14,76,195.3,False,True,False,False,0,26.4,9,2,1,careful_human_attacker
0,0,3,171,198.6,False,False,False,True,0,10.2,6,2,0,casual_legit
1,0,4,130,195.4,False,False,False,False,0,27.6,4,4,0,casual_legit
0,0,3,149,209.5,True,False,False,False,0,20.1,11,2,0,casual_legit
0,0,2,187,70.3,False,False,False,False,0,32.0,9,1,0,legit_password_typo
5,2,12,178,223.9,True,False,False,True,2,21.4,5,4,1,careful_human_attacker
0,0,2,30,205.9,False,False,False,False,0,40.4,8,3,1,mobile_legit
1,1,15,8,36.7,True,False,False,True,5,7.6,1,7,1,repeat_offender
1,0,3,20,,False,False,False,True,0,4.2,1,1,0,mobile_legit
0,0,5,185,240.5,False,False,False,False,0,194.3,7,2,0,casual_legit
0,0,34,0,42.0,False,True,True,False,0,2.5,0,20,1,scraper_bot
2,1,18,4,87.9,True,False,True,False,3,3.0,1,4,1,repeat_offender
0,0,5,260,264.3,True,False,False,False,0,7.0,17,2,0,legit_on_vpn
0,0,2,141,196.2,False,False,False,False,0,24.3,5,3,0,casual_legit
4,2,4,167,133.6,False,False,False,False,1,9.8,12,5,1,careful_human_attacker
0,0,2,237,259.9,True,False,False,False,0,13.4,8,2,0,legit_on_vpn
0,0,2,93,195.1,False,False,False,False,0,10.3,6,1,0,casual_legit
1,0,5,129,259.7,False,False,False,False,0,23.1,8,5,0,casual_legit
1,0,2,134,195.6,True,False,False,False,0,42.8,12,5,0,legit_on_vpn
0,0,0,0,292.4,False,False,False,False,0,162.3,8,2,0,mobile_legit
1,1,7,220,98.3,True,False,False,True,0,71.7,6,4,1,legit_password_typo
0,0,5,262,160.6,False,False,False,False,1,26.2,11,2,1,casual_legit
0,1,2,167,219.2,False,False,False,False,0,27.4,8,3,0,casual_legit
4,2,25,0,,False,True,True,False,2,0.8,1,2,1,credential_stuffing_bot
1,0,8,115,204.1,False,False,False,False,1,8.0,4,5,1,careful_human_attacker
0,0,4,132,216.1,False,False,False,False,1,20.8,5,1,0,casual_legit
2,2,13,8,29.8,True,False,False,True,4,4.5,2,3,1,repeat_offender
3,1,21,0,,True,True,False,True,1,0.4,0,2,1,credential_stuffing_bot
1,0,4,23,233.5,True,False,False,False,0,30.7,11,1,0,legit_on_vpn
0,0,3,227,152.6,False,False,False,False,0,71.1,10,2,0,casual_legit
0,0,1,0,,False,False,False,True,0,29.1,4,2,0,mobile_legit
0,0,30,5,,False,True,True,False,0,1.3,2,14,1,scraper_bot
1,2,11,211,214.9,True,False,False,False,0,14.0,10,5,1,careful_human_attacker
1,3,11,199,161.1,False,False,False,True,0,34.2,10,5,1,careful_human_attacker
0,0,2,8,,False,False,False,False,0,54.0,11,2,0,mobile_legit
0,1,3,71,204.2,False,False,False,False,0,17.0,9,2,0,casual_legit
0,1,2,51,284.4,False,False,False,False,0,16.4,4,1,0,mobile_legit
0,0,30,2,,False,True,True,False,0,2.0,0,14,1,scraper_bot
0,0,2,283,251.3,True,True,False,True,0,25.2,10,1,0,legit_on_vpn
0,0,1,240,142.8,False,False,False,False,0,29.0,9,2,0,casual_legit
0,1,6,188,189.4,False,False,False,False,0,38.8,8,3,0,legit_password_typo
1,0,0,206,164.2,False,False,False,False,0,37.8,9,1,0,casual_legit
5,0,14,0,50.4,True,False,True,False,0,5.8,0,2,1,credential_stuffing_bot
1,0,2,206,209.0,False,False,False,False,0,320.5,10,5,0,legit_password_typo
2,0,0,237,229.2,False,False,False,False,0,21.4,11,2,0,legit_password_typo
0,0,2,378,303.2,False,False,False,False,0,42.4,6,1,0,casual_legit
0,0,3,28,237.9,False,False,False,False,0,16.6,3,1,0,mobile_legit
0,0,4,102,232.5,True,False,False,False,0,35.5,13,2,0,casual_legit
1,0,48,0,56.9,False,False,True,True,1,3.3,1,16,1,scraper_bot
1,2,16,6,,True,False,False,True,2,3.2,1,4,1,repeat_offender
0,0,1,32,288.6,False,False,False,False,0,5.2,6,3,0,mobile_legit
1,0,34,0,,False,False,False,True,0,2.0,0,3,1,credential_stuffing_bot
0,0,5,242,189.6,False,False,False,True,0,7.1,9,2,0,casual_legit
0,0,5,249,281.7,True,False,True,False,0,23.4,6,2,0,legit_on_vpn
0,0,2,228,251.1,False,False,False,False,0,58.1,11,1,0,casual_legit
0,0,3,176,202.4,False,False,False,True,0,13.7,7,2,0,casual_legit
0,0,18,0,,True,True,True,True,0,2.9,2,18,1,scraper_bot
2,0,16,6,64.5,True,False,False,True,3,2.5,2,5,0,repeat_offender
5,1,6,193,275.6,True,False,False,True,0,14.6,6,2,1,careful_human_attacker
3,1,8,243,150.6,False,False,False,False,0,14.4,7,4,1,careful_human_attacker
0,0,6,141,241.7,False,False,False,False,0,247.8,10,3,0,casual_legit
0,0,1,91,,False,False,False,False,0,65.8,9,3,0,casual_legit
3,1,0,6,120.2,True,False,False,False,1,5.8,1,3,0,repeat_offender
0,0,2,0,217.3,False,False,False,False,0,13.6,11,3,0,casual_legit
1,0,4,205,293.1,False,False,False,False,0,6.1,5,1,0,casual_legit
0,0,4,215,166.5,False,False,False,False,0,32.5,10,5,0,legit_password_typo
8,1,20,1,,True,True,False,False,1,3.0,1,1,0,credential_stuffing_bot
0,3,2,297,290.3,True,False,False,True,0,149.9,10,5,0,casual_legit
0,0,3,100,197.1,True,False,False,False,0,19.5,11,4,0,casual_legit
5,0,49,1,48.1,False,False,False,False,1,0.2,0,3,1,credential_stuffing_bot
1,0,2,151,143.5,True,False,False,False,0,13.8,9,2,0,legit_on_vpn
0,1,2,182,232.2,False,False,False,False,1,78.0,8,3,0,legit_password_typo
0,0,1,150,189.1,False,False,False,False,0,7.5,6,4,0,casual_legit
0,0,3,9,278.0,False,False,False,False,0,32.9,5,2,0,mobile_legit
0,1,15,5,32.9,False,False,False,True,1,10.4,1,5,1,repeat_offender
0,0,3,0,308.0,False,False,False,False,0,22.5,9,2,0,mobile_legit
0,0,3,147,248.9,False,False,False,False,0,10.1,15,2,0,casual_legit
0,0,3,186,236.3,True,False,False,False,0,21.6,8,2,0,legit_on_vpn
0,0,3,175,174.3,False,False,False,False,0,5.6,16,2,0,casual_legit
0,0,0,217,166.6,False,False,False,False,0,62.3,8,5,0,casual_legit
0,0,4,2,358.7,False,False,False,False,0,7.1,5,3,0,mobile_legit
0,0,3,93,169.5,False,False,False,False,0,15.8,10,2,0,casual_legit
0,1,6,114,201.4,False,False,False,False,0,9.3,9,3,0,casual_legit
1,0,4,161,263.0,True,False,False,False,0,6.6,12,3,0,legit_on_vpn
0,0,5,305,137.0,False,False,False,False,0,72.1,6,2,1,casual_legit
1,0,3,28,242.9,False,False,False,True,0,13.5,11,1,0,mobile_legit
1,0,4,0,152.2,False,False,False,True,0,6.2,4,1,0,mobile_legit
0,0,1,74,222.8,False,False,False,False,0,78.0,13,4,0,casual_legit
6,1,16,124,205.1,True,False,False,True,0,31.7,7,4,1,careful_human_attacker
0,0,3,25,324.6,False,False,False,False,0,24.2,8,1,0,mobile_legit
0,0,6,96,290.2,False,False,True,False,0,178.3,7,2,0,casual_legit
0,0,3,36,320.9,False,False,False,False,0,20.6,2,5,0,mobile_legit
4,0,23,0,,True,True,False,True,0,0.9,0,2,1,credential_stuffing_bot
0,0,3,101,217.3,False,False,False,False,0,11.4,11,2,0,casual_legit
3,0,13,1,26.3,True,False,True,False,1,0.5,0,1,1,credential_stuffing_bot
0,0,49,0,,False,True,True,False,1,4.6,0,17,1,scraper_bot
3,1,10,178,174.0,False,False,False,False,1,13.1,7,3,1,careful_human_attacker
0,0,0,3,269.0,False,False,False,False,0,16.4,4,4,0,mobile_legit
0,0,1,136,287.9,False,False,False,True,0,52.7,6,2,0,casual_legit
2,1,19,0,17.8,True,True,False,False,0,0.9,1,3,1,credential_stuffing_bot
3,1,2,208,90.1,False,False,False,False,0,60.3,12,5,0,legit_password_typo
4,1,28,1,,True,False,True,True,0,3.1,0,1,1,credential_stuffing_bot
4,0,33,0,,False,True,False,False,0,1.7,0,2,1,credential_stuffing_bot
0,0,3,151,214.1,False,False,False,False,0,17.4,13,2,0,casual_legit
1,1,12,105,189.6,True,False,False,True,0,6.6,4,4,1,careful_human_attacker
0,1,1,93,212.1,False,False,False,False,0,89.8,5,2,0,casual_legit
3,1,10,5,100.4,True,True,False,False,1,3.5,5,3,1,repeat_offender
0,0,3,11,101.0,True,False,True,False,5,9.7,3,3,1,repeat_offender
2,0,18,10,134.3,True,False,False,True,0,2.6,4,5,1,repeat_offender
5,1,2,164,283.3,False,False,False,True,0,31.5,7,1,1,careful_human_attacker
1,0,4,178,161.7,False,False,False,True,0,55.3,12,6,0,casual_legit
1,1,35,0,,True,True,True,True,0,2.4,0,8,1,scraper_bot
0,0,2,135,233.2,False,False,False,False,1,47.1,20,1,0,casual_legit
0,0,1,165,273.8,False,False,False,False,0,164.4,9,1,0,casual_legit
0,0,9,0,291.4,False,False,False,False,0,7.7,11,2,0,casual_legit
0,0,3,196,197.8,False,False,False,False,0,50.7,10,3,0,casual_legit
5,0,6,67,164.2,True,False,False,False,0,44.2,6,2,1,careful_human_attacker
4,0,35,1,,True,False,True,False,2,2.3,0,2,1,credential_stuffing_bot
0,0,6,279,269.5,False,False,False,False,0,37.2,13,2,0,casual_legit
0,0,40,0,,False,False,True,False,0,1.0,0,13,1,scraper_bot
1,0,3,127,250.7,False,False,False,False,0,20.2,10,1,0,casual_legit
1,0,6,58,144.3,False,False,False,True,0,8.5,8,3,0,legit_password_typo
0,0,22,0,,True,True,True,True,1,1.3,0,19,1,scraper_bot
1,0,0,154,226.9,False,False,False,False,0,48.4,15,1,0,casual_legit
0,0,3,146,202.3,False,False,False,False,0,65.0,11,3,0,casual_legit
0,0,5,298,215.8,False,False,False,False,0,67.6,9,2,0,casual_legit
1,0,0,133,204.6,False,False,False,True,0,43.6,5,5,0,casual_legit
2,1,3,18,133.4,False,False,False,False,0,16.1,9,3,0,mobile_legit
3,1,10,12,,False,True,True,False,2,7.8,2,2,1,repeat_offender
0,0,4,182,,False,False,False,False,0,35.3,13,4,0,casual_legit
1,0,0,249,234.2,False,False,False,False,0,24.6,14,3,0,casual_legit
0,0,2,0,210.7,False,False,False,False,0,44.4,8,4,0,casual_legit
2,0,5,5,128.3,False,False,False,False,4,2.5,2,3,1,repeat_offender
3,0,21,0,30.1,False,False,False,True,0,4.1,0,1,1,credential_stuffing_bot
0,0,6,201,202.5,False,False,False,True,0,51.3,6,3,0,casual_legit
0,0,61,1,,False,True,True,False,0,6.1,0,17,1,scraper_bot
0,0,2,187,224.8,False,False,False,False,0,6.1,15,2,0,casual_legit
3,0,3,30,324.5,False,False,False,True,0,46.1,7,4,1,mobile_legit
0,0,7,69,202.5,True,False,False,False,0,15.1,9,4,0,legit_password_typo
0,0,6,199,185.9,False,False,False,False,0,22.5,8,3,0,casual_legit
0,0,4,236,222.7,False,False,False,False,0,13.2,10,4,0,casual_legit
0,0,4,157,183.5,False,False,False,False,0,146.5,5,2,0,casual_legit
0,0,5,173,193.1,False,False,False,False,0,13.1,10,2,0,casual_legit
1,0,4,30,223.6,False,False,False,False,0,29.2,7,4,0,mobile_legit
0,1,29,1,60.6,False,True,True,True,0,1.1,0,17,0,scraper_bot
0,0,3,133,230.2,False,False,False,False,0,79.7,10,2,0,casual_legit
1,0,6,272,125.8,False,False,False,True,0,162.3,10,3,0,legit_password_typo
0,0,3,8,216.1,False,False,False,False,0,34.2,8,2,0,mobile_legit
0,0,3,217,214.5,False,False,False,True,0,44.0,5,3,0,casual_legit
2,0,7,244,171.2,False,False,False,False,0,63.1,11,2,0,legit_password_typo
0,0,3,233,,False,False,False,False,0,18.7,11,3,0,casual_legit
2,1,10,170,172.1,False,True,False,True,1,10.0,8,5,1,careful_human_attacker
0,0,4,23,,False,False,False,False,0,6.6,8,3,0,mobile_legit
6,0,29,2,,False,False,True,False,0,2.8,0,4,1,credential_stuffing_bot
0,0,41,0,,True,True,False,True,1,0.9,1,13,1,scraper_bot
0,0,5,100,285.0,False,False,False,False,0,26.3,11,4,0,casual_legit
2,0,14,11,31.3,True,True,False,True,0,7.5,2,5,1,repeat_offender
0,0,27,0,,False,True,True,True,0,5.0,2,12,0,scraper_bot
0,1,4,0,382.1,False,False,False,False,0,8.5,3,2,0,mobile_legit
0,0,2,222,187.7,False,False,False,False,0,16.2,8,3,0,casual_legit
0,0,3,46,249.4,False,False,False,False,0,59.1,8,4,0,casual_legit
0,0,76,0,,False,False,True,True,1,1.0,1,11,1,scraper_bot
0,0,48,0,31.3,True,True,True,False,1,0.6,3,10,0,scraper_bot
0,0,1,240,152.8,False,False,False,False,0,20.3,5,1,0,casual_legit
0,0,5,136,237.5,False,True,False,False,0,145.9,9,6,0,casual_legit
1,1,5,12,,False,False,False,False,4,5.2,1,3,1,repeat_offender
0,0,2,30,,False,False,False,False,0,31.2,6,2,0,mobile_legit
4,0,10,153,249.8,False,False,False,False,0,41.3,10,2,1,careful_human_attacker
1,0,3,168,227.6,False,False,False,False,0,11.3,10,2,0,casual_legit
4,2,11,41,260.4,True,False,False,False,1,19.7,8,3,1,careful_human_attacker
3,2,21,0,,True,True,True,False,2,2.3,1,1,1,credential_stuffing_bot
0,1,2,207,213.0,False,False,False,False,0,23.0,8,2,0,casual_legit
0,0,5,129,253.0,False,False,False,False,0,73.9,2,1,0,casual_legit
0,0,6,115,283.2,True,False,False,False,0,38.1,12,3,0,legit_on_vpn
1,0,1,5,310.3,False,False,False,False,1,170.0,4,3,0,mobile_legit
0,0,43,0,,False,True,True,False,1,2.4,0,14,1,scraper_bot
3,1,0,4,,True,False,True,True,1,3.0,1,4,1,repeat_offender
4,0,33,0,,False,True,True,True,1,1.4,1,1,1,credential_stuffing_bot
1,0,3,115,189.0,False,False,False,False,0,25.9,6,1,0,casual_legit
0,0,0,59,177.9,False,False,False,False,0,17.2,14,5,0,casual_legit
2,0,3,212,247.5,False,False,False,False,0,45.7,9,4,0,legit_password_typo
2,0,4,135,,False,False,False,True,0,147.0,11,3,0,legit_password_typo
1,0,41,1,,False,False,True,True,0,0.5,0,20,1,scraper_bot
0,0,5,31,346.3,False,False,False,False,0,38.7,4,1,0,mobile_legit
4,0,4,0,,True,False,False,False,0,0.7,1,2,1,credential_stuffing_bot
0,0,4,222,151.1,False,False,False,False,0,22.4,14,1,0,casual_legit
1,0,5,212,273.8,False,False,False,False,0,7.8,5,3,0,casual_legit
3,0,27,9,70.2,False,False,False,True,0,6.4,3,7,1,repeat_offender
1,0,10,7,100.2,True,True,True,False,2,1.6,2,5,1,repeat_offender
3,2,15,112,267.0,False,False,False,False,1,18.6,7,1,1,careful_human_attacker
0,1,23,0,,False,True,True,False,0,4.2,2,8,0,scraper_bot
2,0,15,7,122.6,True,False,True,False,4,1.2,5,4,1,repeat_offender
0,0,51,1,,True,True,True,False,0,3.8,0,12,1,scraper_bot
0,0,4,207,277.1,False,False,False,True,0,86.1,9,3,0,casual_legit
0,0,3,122,187.7,False,False,False,False,0,33.9,4,2,0,casual_legit
0,0,8,167,236.4,False,False,False,False,0,117.1,7,1,0,casual_legit
2,0,19,0,17.7,True,False,False,True,2,0.5,0,2,1,credential_stuffing_bot
0,0,7,216,,False,False,True,False,0,33.6,13,2,0,legit_password_typo
1,1,3,7,372.8,False,False,False,False,0,55.2,9,2,0,mobile_legit
0,0,1,159,193.8,False,False,False,False,0,108.0,4,1,0,casual_legit
0,0,2,0,,False,False,False,False,0,19.5,5,4,0,mobile_legit
0,0,3,225,132.9,False,False,False,True,0,80.1,11,2,0,casual_legit
0,0,3,14,317.9,False,False,False,True,0,26.8,8,3,0,mobile_legit
0,0,6,175,212.8,True,False,False,False,0,103.5,7,3,0,legit_on_vpn
1,0,0,50,181.7,True,False,False,False,0,49.8,7,1,0,legit_password_typo
2,1,42,1,,False,True,True,False,1,1.2,1,1,1,credential_stuffing_bot
0,0,2,273,233.0,False,False,False,False,0,38.9,5,1,0,casual_legit
1,3,6,5,,True,True,False,False,3,15.1,6,4,1,repeat_offender
0,0,5,173,306.0,True,False,False,False,0,43.9,10,2,0,legit_on_vpn
1,0,2,19,221.6,False,False,False,False,0,5.5,6,2,0,mobile_legit
4,0,24,1,,False,True,True,True,0,1.5,0,2,1,credential_stuffing_bot
0,0,2,207,174.3,False,False,False,False,0,38.2,8,1,0,casual_legit
0,0,4,227,199.8,False,False,False,True,0,93.5,10,1,0,casual_legit
1,0,3,229,169.9,True,False,False,True,0,14.1,7,1,0,casual_legit
0,2,2,33,335.9,False,False,False,False,0,16.0,8,5,0,mobile_legit
0,0,0,5,265.1,False,False,False,False,0,73.5,4,2,0,mobile_legit
7,1,43,1,42.4,False,False,False,False,2,1.0,0,3,1,credential_stuffing_bot
2,0,46,0,,False,True,True,True,0,1.2,1,13,1,scraper_bot
5,0,32,0,48.6,True,False,True,False,1,2.7,0,3,1,credential_stuffing_bot
0,0,6,100,209.9,False,False,False,False,0,53.9,9,2,0,casual_legit
0,0,2,15,246.0,True,False,False,True,0,4.7,3,2,0,mobile_legit
1,0,12,4,135.0,True,False,False,False,1,9.0,1,4,1,repeat_offender
1,1,21,8,123.8,False,False,False,True,5,6.4,4,2,1,repeat_offender
0,0,3,330,198.9,False,False,False,False,0,11.3,5,2,0,casual_legit
0,0,2,250,198.4,False,False,False,True,0,22.6,8,1,0,casual_legit
0,0,4,64,221.3,False,False,True,True,0,30.5,8,3,0,casual_legit
1,1,0,10,,False,False,False,True,3,3.5,0,2,1,repeat_offender
0,0,4,263,205.8,False,False,False,False,0,35.3,6,2,0,casual_legit
1,0,4,124,88.7,True,False,False,False,0,58.3,9,2,0,casual_legit
0,0,3,1,335.3,True,True,False,True,0,4.4,3,3,0,mobile_legit
1,0,4,22,,False,False,False,False,0,75.5,10,1,0,mobile_legit
0,0,2,211,264.3,False,False,False,False,0,5.4,11,4,0,casual_legit
2,0,4,103,177.8,False,False,False,True,0,11.8,16,2,0,legit_password_typo
4,2,4,200,256.8,True,False,False,True,1,55.1,5,2,1,careful_human_attacker
5,0,28,1,39.5,False,False,False,False,0,0.4,0,2,1,credential_stuffing_bot
4,0,25,0,,False,False,True,True,3,0.9,0,1,1,credential_stuffing_bot
3,1,17,9,59.3,True,False,False,False,0,6.0,0,4,1,repeat_offender
2,0,3,150,304.3,False,False,False,False,0,26.2,7,3,0,legit_password_typo
0,1,5,144,158.3,False,False,False,False,0,33.8,14,2,1,legit_password_typo
2,1,2,134,194.0,False,False,False,False,0,27.7,5,2,1,careful_human_attacker
0,0,5,65,267.2,False,False,False,False,0,85.1,14,1,0,legit_password_typo
1,0,0,180,181.3,False,False,False,True,0,30.6,4,1,0,casual_legit
0,0,38,0,32.6,False,False,True,False,0,2.0,0,17,1,scraper_bot
0,0,0,38,324.5,False,False,False,False,0,4.7,8,1,0,mobile_legit
4,4,16,180,154.7,True,False,False,True,1,30.4,11,4,1,careful_human_attacker
0,0,1,0,219.2,False,False,False,False,0,46.6,5,4,0,mobile_legit
6,2,14,0,27.1,True,False,False,False,1,2.3,0,1,1,credential_stuffing_bot
0,0,38,1,,True,False,True,False,0,2.2,0,12,1,scraper_bot
0,0,2,10,341.3,False,False,False,False,0,48.9,10,3,0,mobile_legit
0,0,1,7,149.7,False,False,False,False,0,7.2,8,1,0,mobile_legit
3,0,47,1,,True,True,False,True,0,1.0,0,2,1,credential_stuffing_bot
3,0,30,0,,True,True,False,True,1,0.5,0,2,1,credential_stuffing_bot
0,0,2,21,389.2,False,False,False,False,0,16.5,7,1,0,mobile_legit
1,0,53,1,,False,True,False,False,0,1.3,1,14,1,scraper_bot
0,0,5,179,236.5,False,False,False,False,0,18.9,7,1,0,casual_legit
0,0,45,0,,False,True,True,True,1,0.3,0,12,1,scraper_bot
0,0,2,2,253.9,False,False,False,True,0,23.6,4,1,1,mobile_legit
0,0,6,140,202.3,False,False,False,False,0,59.9,10,2,0,casual_legit
4,2,5,8,,True,False,False,True,2,17.5,3,3,1,repeat_offender
1,0,33,0,,False,True,True,False,0,4.2,0,23,1,scraper_bot
0,0,2,174,196.8,False,False,False,False,0,21.2,13,4,0,casual_legit
2,0,13,295,133.2,True,False,False,True,1,6.3,8,3,1,careful_human_attacker
3,2,31,1,30.5,True,False,True,True,2,0.3,1,3,1,credential_stuffing_bot
0,0,1,100,145.4,False,False,False,False,0,58.4,7,2,1,casual_legit
0,0,4,0,314.1,False,False,False,True,0,8.1,4,2,0,mobile_legit
0,0,4,9,206.2,False,False,False,True,0,19.9,4,4,0,mobile_legit
0,0,4,138,181.7,True,False,False,True,0,38.6,10,2,0,legit_on_vpn
0,0,1,157,244.5,False,False,False,False,0,14.8,7,1,1,casual_legit
0,0,4,56,,False,False,False,False,0,26.6,7,1,0,mobile_legit
1,0,3,226,152.7,False,False,False,False,0,60.4,12,2,0,legit_password_typo
2,1,15,10,143.2,True,True,True,True,2,2.9,3,4,1,repeat_offender
0,0,1,255,160.0,False,False,False,False,0,23.6,9,4,0,casual_legit
0,0,2,236,312.4,False,False,False,False,0,57.5,14,3,0,casual_legit
4,0,7,156,201.6,True,True,True,False,3,114.1,9,5,1,careful_human_attacker
1,0,1,131,236.5,False,False,False,False,0,7.9,6,2,0,casual_legit
0,0,2,107,127.0,False,False,False,True,0,5.8,10,4,0,casual_legit
2,2,24,0,,False,False,True,False,1,0.5,0,2,1,credential_stuffing_bot
5,1,16,0,,False,True,False,False,0,1.1,0,2,1,credential_stuffing_bot
0,0,3,248,255.9,False,False,False,False,0,31.7,11,2,0,casual_legit
0,0,2,4,340.4,False,False,False,False,0,14.0,1,1,0,mobile_legit
2,0,21,1,36.6,True,False,True,True,1,0.6,1,1,1,credential_stuffing_bot
0,0,0,260,239.1,False,False,False,False,0,27.4,7,2,0,casual_legit
0,1,3,34,214.9,False,False,False,True,0,8.7,5,3,0,casual_legit
4,4,7,146,,True,False,False,True,0,57.3,5,2,1,careful_human_attacker
0,0,2,234,309.6,False,False,False,False,0,19.1,9,3,0,casual_legit
2,0,40,1,,True,True,False,True,0,0.8,0,14,1,scraper_bot
3,2,2,152,257.1,False,False,False,True,0,27.9,3,3,1,careful_human_attacker
0,0,2,59,163.6,False,False,False,False,0,6.2,10,1,0,casual_legit
0,0,1,24,139.5,False,False,False,False,0,21.0,10,3,0,mobile_legit
1,1,3,217,281.4,False,False,False,False,0,38.3,10,3,0,casual_legit
0,0,0,190,230.4,False,False,False,False,0,14.0,7,3,0,casual_legit
0,0,6,191,293.4,False,False,False,False,0,30.4,9,1,0,casual_legit
0,0,48,0,77.1,False,True,True,False,0,2.4,1,11,1,scraper_bot
0,0,1,44,214.1,False,False,False,False,0,36.1,12,3,0,casual_legit
1,0,3,164,159.4,True,False,False,False,0,60.9,11,1,0,legit_on_vpn
5,1,7,172,233.3,True,False,False,False,1,19.8,6,4,1,careful_human_attacker
1,0,6,6,60.0,True,False,False,False,1,13.7,1,3,1,repeat_offender
0,0,3,287,183.4,False,False,False,True,0,40.2,10,1,0,casual_legit
3,0,21,0,67.2,False,True,True,True,0,2.0,0,2,1,credential_stuffing_bot
0,0,3,136,172.3,True,False,False,False,0,31.3,6,3,0,casual_legit
0,0,1,247,238.5,False,False,False,False,0,27.0,12,2,0,casual_legit
0,0,0,227,271.6,False,False,False,True,0,44.1,10,1,0,casual_legit
0,0,3,58,201.4,False,False,False,True,0,111.3,6,4,0,casual_legit
0,0,1,364,267.6,False,False,False,False,0,42.3,12,3,0,casual_legit
1,0,4,86,,False,True,False,False,0,42.8,5,5,0,legit_password_typo
4,0,11,1,,False,False,True,False,0,0.3,0,2,1,credential_stuffing_bot
0,0,3,127,247.1,False,False,False,False,0,51.5,12,1,0,casual_legit
0,0,34,0,,False,False,True,False,0,4.8,1,10,0,scraper_bot
0,0,7,26,242.2,True,False,False,False,0,43.3,6,5,0,legit_on_vpn
1,0,3,24,227.4,False,False,False,False,0,8.5,2,2,0,mobile_legit
0,0,1,111,216.5,False,False,False,False,0,55.3,13,3,0,casual_legit
3,0,39,0,,True,True,True,True,0,0.2,0,1,1,credential_stuffing_bot
0,0,3,153,195.8,False,False,False,False,0,46.3,9,3,0,casual_legit
1,0,3,166,168.8,True,False,False,False,0,94.6,5,1,0,legit_on_vpn
0,0,5,132,,False,False,False,False,0,19.3,8,3,0,legit_on_vpn
1,0,34,1,,False,True,True,True,1,0.7,1,11,1,scraper_bot
2,2,9,207,167.7,False,False,False,True,0,9.1,5,4,1,careful_human_attacker
0,0,6,289,270.7,False,False,False,False,0,69.0,12,3,0,casual_legit
4,3,52,2,45.3,True,False,False,True,1,3.4,0,1,1,credential_stuffing_bot
1,0,42,0,,True,False,True,False,0,1.9,1,15,1,scraper_bot
2,0,3,61,309.0,True,False,False,False,1,8.7,4,3,0,casual_legit
3,1,8,168,172.6,False,False,False,False,1,11.3,6,4,1,careful_human_attacker
1,2,10,111,181.9,False,False,False,True,0,43.0,5,2,1,careful_human_attacker
3,1,42,1,29.8,False,True,False,False,2,1.5,0,2,1,credential_stuffing_bot
0,0,0,263,120.1,False,False,False,False,0,35.2,10,1,0,casual_legit
0,0,3,169,211.4,False,False,False,False,0,50.5,8,3,0,casual_legit
0,0,2,113,176.8,False,False,False,False,0,93.0,10,3,0,casual_legit
0,0,2,253,249.2,False,True,False,False,0,39.2,10,2,0,casual_legit
1,0,3,142,229.9,False,False,False,False,0,7.3,9,3,0,casual_legit
0,0,3,16,329.7,False,False,False,False,0,62.0,7,2,0,mobile_legit
0,0,4,253,168.4,False,False,False,False,0,58.1,7,1,0,casual_legit
0,0,2,248,203.8,False,False,False,False,0,27.0,7,2,0,casual_legit
1,0,2,236,200.3,False,False,False,False,0,33.2,10,3,0,legit_password_typo
5,4,8,205,207.4,True,False,False,True,0,7.5,10,3,1,careful_human_attacker
0,0,2,27,192.2,False,False,False,True,0,5.4,5,1,0,mobile_legit
0,0,4,35,243.5,False,False,False,False,0,10.8,6,1,0,mobile_legit
0,0,2,32,313.6,False,False,False,False,0,10.8,3,3,0,mobile_legit
0,0,3,138,251.7,True,True,False,False,0,24.4,6,3,0,legit_on_vpn
1,0,15,1,,True,False,True,True,1,0.5,0,1,1,credential_stuffing_bot
3,2,6,203,211.5,False,False,True,False,0,20.2,8,4,0,careful_human_attacker
5,1,8,127,,False,True,False,False,0,8.4,5,3,1,careful_human_attacker
0,0,2,241,219.7,False,False,False,False,0,43.0,13,2,0,casual_legit
0,0,4,229,189.6,True,False,False,False,0,49.6,12,1,0,legit_on_vpn
0,0,2,222,268.4,False,False,False,False,0,44.2,5,3,0,casual_legit
0,0,1,11,235.5,False,False,False,False,0,27.3,4,3,1,mobile_legit
1,1,2,147,161.3,False,False,False,False,0,8.2,10,2,0,legit_password_typo
0,0,35,0,39.8,False,False,False,False,1,1.0,2,14,1,scraper_bot
2,0,16,0,33.3,True,True,False,False,0,2.3,0,2,1,credential_stuffing_bot
0,0,0,239,180.9,False,False,False,True,0,18.0,17,3,0,casual_legit
0,0,3,126,222.1,False,False,False,False,0,6.8,11,4,0,casual_legit
0,0,29,0,35.1,False,True,True,False,0,3.4,0,17,1,scraper_bot
0,0,3,184,,False,False,False,False,0,13.2,10,2,0,casual_legit
0,0,4,220,327.2,False,False,False,False,0,22.2,12,2,0,casual_legit
1,0,2,7,395.8,False,False,False,False,0,7.5,7,2,0,mobile_legit
0,0,2,145,219.7,False,False,False,False,0,20.3,15,4,0,casual_legit
0,0,3,95,124.3,False,False,False,True,0,52.6,10,1,0,legit_password_typo
0,0,6,250,218.7,False,False,False,False,0,42.8,9,3,0,casual_legit
4,2,8,133,229.2,False,False,False,False,0,57.9,5,5,1,careful_human_attacker
3,0,18,8,116.7,True,False,True,False,4,1.3,2,4,1,repeat_offender
3,2,3,262,245.2,False,False,False,False,1,20.7,5,3,1,careful_human_attacker
1,1,4,133,216.1,False,False,False,False,1,95.4,12,4,0,legit_password_typo
0,0,46,1,,True,False,True,False,1,5.1,0,22,1,scraper_bot
1,0,31,0,,True,False,True,True,0,0.6,1,17,1,scraper_bot
0,0,1,139,302.1,False,False,False,False,0,19.8,8,4,0,casual_legit
1,0,8,10,,True,False,True,True,0,2.0,2,2,1,repeat_offender
1,4,1,39,144.2,False,False,True,True,0,55.9,9,2,1,careful_human_attacker
1,0,6,210,226.3,False,False,False,False,0,78.7,10,2,0,casual_legit
0,0,5,188,143.6,False,False,False,False,0,5.5,7,1,0,casual_legit
0,0,2,184,,False,False,False,False,0,5.7,11,2,0,casual_legit
1,0,11,165,158.3,True,False,False,True,0,15.9,4,4,1,careful_human_attacker
0,0,3,18,247.9,False,False,False,True,0,14.6,3,2,0,mobile_legit
7,1,31,2,,False,True,True,True,1,0.6,0,1,1,credential_stuffing_bot
0,0,30,1,,False,False,True,False,1,1.5,0,13,1,scraper_bot
0,0,23,6,147.0,True,False,False,False,2,3.8,5,6,1,repeat_offender
2,0,4,111,125.4,False,False,False,False,0,14.8,10,3,0,legit_password_typo
0,1,3,163,258.6,True,False,False,False,0,65.7,9,3,1,casual_legit
0,0,4,9,246.5,False,False,False,False,0,10.3,7,5,0,mobile_legit
0,0,1,206,212.0,False,False,False,False,0,147.2,8,1,0,casual_legit
0,0,4,11,292.6,False,False,False,False,0,8.8,6,4,0,mobile_legit
0,0,2,174,227.4,True,False,False,False,0,10.7,5,2,0,casual_legit
0,0,5,146,,True,False,False,True,0,53.2,12,1,1,legit_on_vpn
0,0,2,88,194.1,False,False,False,True,0,12.7,6,1,0,casual_legit
3,1,22,0,37.2,False,False,False,False,0,0.3,0,2,1,credential_stuffing_bot
2,1,18,0,15.0,True,True,True,False,2,3.1,0,1,1,credential_stuffing_bot
0,0,3,125,122.9,False,False,False,False,0,107.0,17,1,0,legit_password_typo
4,1,36,1,,False,False,False,True,0,1.9,1,2,1,credential_stuffing_bot
1,0,2,99,138.6,False,False,False,False,0,73.3,10,2,0,legit_password_typo
0,0,3,252,229.4,False,False,False,False,0,78.2,9,2,1,casual_legit
0,0,2,272,217.5,False,False,False,False,0,18.0,7,4,1,casual_legit
0,0,59,2,,False,False,True,False,0,1.3,0,13,1,scraper_bot
0,0,4,183,209.5,False,False,False,False,0,153.4,16,2,1,casual_legit
0,0,3,57,227.6,False,False,False,True,0,85.5,13,2,0,casual_legit
2,0,5,166,164.1,False,False,False,False,0,63.5,9,4,0,legit_password_typo
5,1,19,2,15.0,True,False,False,False,2,0.7,1,1,0,credential_stuffing_bot
0,0,28,0,,True,True,True,True,1,2.1,1,13,1,scraper_bot
1,0,6,136,178.2,False,False,False,True,0,75.9,12,2,0,legit_password_typo
2,0,5,150,192.8,False,False,False,False,0,35.5,13,3,0,casual_legit
1,3,27,13,133.9,True,False,False,False,2,1.1,4,4,1,repeat_offender
0,5,21,17,,True,False,False,True,3,2.7,2,2,1,repeat_offender
0,0,1,230,206.0,False,False,False,False,0,81.1,15,5,0,casual_legit
0,1,0,8,258.3,False,False,False,False,0,16.2,5,3,0,mobile_legit
1,1,30,0,38.9,False,False,False,True,1,0.7,1,1,1,credential_stuffing_bot
0,0,2,127,276.7,False,False,False,False,0,68.8,12,4,0,casual_legit
1,0,6,134,269.7,False,False,False,False,0,13.3,8,1,0,casual_legit
0,0,3,17,304.1,False,False,False,False,0,13.1,4,2,0,mobile_legit
0,0,5,174,289.2,False,False,False,False,0,13.9,8,1,0,casual_legit
0,0,3,197,173.3,False,False,False,False,0,64.7,6,2,0,casual_legit
0,0,3,176,178.7,True,False,True,True,0,35.8,10,3,0,legit_on_vpn
2,3,9,10,54.5,False,False,False,True,0,6.5,5,1,1,repeat_offender
0,0,3,23,290.1,False,False,False,False,0,16.5,7,1,0,mobile_legit
0,0,2,215,172.0,False,False,False,False,0,6.8,7,3,0,casual_legit
1,0,3,181,220.5,False,False,False,False,0,20.9,8,3,0,casual_legit
2,0,13,1,,True,False,True,True,1,0.9,0,2,1,credential_stuffing_bot
4,0,7,37,222.3,False,False,False,True,0,47.5,9,6,0,legit_password_typo
2,0,4,54,235.7,False,False,False,False,0,54.8,10,2,0,legit_password_typo
0,0,3,200,,False,False,False,False,0,54.7,9,4,0,casual_legit
0,0,5,145,150.1,False,False,False,False,0,70.3,9,3,0,casual_legit
0,0,2,186,,False,False,False,False,0,39.5,10,3,0,casual_legit
0,0,4,15,342.8,True,False,False,False,0,111.2,5,3,1,mobile_legit
0,0,5,240,241.9,False,False,False,False,0,78.8,6,1,0,casual_legit
0,0,3,149,280.8,False,False,False,False,0,8.7,6,3,0,casual_legit
0,0,2,177,233.2,False,False,False,False,0,45.4,13,3,0,casual_legit
3,0,32,0,17.2,True,False,False,True,1,1.3,0,1,1,credential_stuffing_bot
0,0,3,200,243.2,False,False,False,False,0,7.9,10,4,0,casual_legit
6,1,17,1,27.9,True,False,True,False,1,1.4,0,1,1,credential_stuffing_bot
5,1,26,10,,False,False,True,True,3,5.6,2,5,1,repeat_offender
4,1,33,0,29.9,False,False,True,True,1,2.0,0,2,1,credential_stuffing_bot
0,0,1,26,,True,False,False,False,0,19.6,7,4,0,mobile_legit
0,0,1,133,211.4,False,False,False,False,0,8.0,10,2,0,casual_legit
0,0,1,131,249.3,False,False,False,False,0,30.3,5,4,0,casual_legit
0,0,2,157,192.1,False,False,False,False,0,60.8,7,1,0,casual_legit
2,0,4,70,299.9,False,False,False,False,0,31.5,10,3,0,legit_password_typo
0,0,48,1,,False,True,True,True,0,1.4,0,18,1,scraper_bot
0,0,1,95,209.8,False,True,False,False,0,36.6,12,1,0,casual_legit
0,0,2,29,284.9,False,False,False,False,0,16.6,8,5,0,mobile_legit
1,0,3,227,161.0,True,False,False,False,0,8.4,7,3,0,casual_legit
0,0,11,1,45.3,False,True,True,False,0,8.9,0,19,1,scraper_bot
0,0,2,207,162.0,False,False,False,False,0,73.0,10,3,0,casual_legit
2,0,3,162,182.4,False,False,False,False,0,10.7,8,3,0,legit_password_typo
0,0,3,14,278.0,True,False,False,False,0,10.3,7,2,0,mobile_legit
1,0,4,218,256.2,False,False,False,False,0,78.4,8,4,0,casual_legit
0,0,2,0,335.7,False,False,True,False,0,25.6,5,4,0,mobile_legit
0,0,3,122,170.3,False,False,False,False,0,123.7,10,1,0,casual_legit
6,0,20,0,51.2,False,False,True,True,1,4.2,0,1,1,credential_stuffing_bot
4,1,4,0,36.8,True,True,False,True,1,1.6,0,1,1,credential_stuffing_bot
4,1,21,0,47.5,True,False,False,True,2,0.3,1,2,1,credential_stuffing_bot
5,1,36,0,,True,True,True,True,1,3.8,1,4,1,credential_stuffing_bot
0,0,6,158,181.3,False,False,False,False,0,18.2,10,2,0,casual_legit
5,0,31,1,,True,True,True,False,1,1.0,0,2,1,credential_stuffing_bot
1,0,4,188,214.4,True,False,False,False,0,8.0,7,1,0,casual_legit
0,0,3,0,198.8,False,False,False,False,0,35.4,3,2,0,mobile_legit
3,0,31,0,,True,False,True,False,2,2.0,0,1,1,credential_stuffing_bot
0,0,3,240,230.0,False,False,False,False,0,95.5,8,3,0,casual_legit
0,0,3,91,,False,False,False,False,0,36.1,7,4,0,casual_legit
1,1,21,10,132.1,True,False,True,False,1,4.5,0,4,1,repeat_offender
4,0,0,10,,True,False,True,False,1,1.2,0,2,1,repeat_offender
0,0,5,165,255.7,False,False,False,False,0,36.1,15,3,1,legit_password_typo
0,0,3,200,259.8,False,False,False,False,0,13.1,7,3,0,casual_legit
2,1,8,150,217.4,True,False,False,False,1,35.3,7,2,1,careful_human_attacker
0,0,18,11,,True,False,False,False,1,14.2,3,2,1,repeat_offender
0,0,2,273,179.6,False,False,False,False,0,30.0,8,3,0,casual_legit
0,0,2,333,220.6,False,False,False,False,0,11.5,6,4,1,casual_legit
0,0,4,174,153.5,True,False,False,False,0,48.9,15,2,0,legit_on_vpn
0,0,3,85,160.5,False,False,False,True,0,53.1,14,3,0,casual_legit
0,0,8,1,49.0,False,False,True,True,1,1.1,0,11,1,scraper_bot
0,0,2,357,246.9,False,False,False,False,0,52.1,11,1,0,casual_legit
0,0,2,198,165.9,False,False,False,False,0,64.8,11,3,0,casual_legit
1,0,7,209,174.6,False,False,False,False,0,76.6,16,2,0,legit_password_typo
0,0,46,0,,False,True,True,False,1,4.1,0,14,1,scraper_bot
0,0,1,271,195.8,False,False,False,False,0,126.8,11,3,0,casual_legit
0,0,4,189,155.7,False,False,False,False,0,12.0,7,4,0,casual_legit
0,1,34,0,,False,True,True,False,0,1.0,0,15,1,scraper_bot
2,0,0,168,171.6,False,False,False,False,0,22.3,8,4,0,casual_legit
0,0,5,26,269.6,False,False,False,False,0,15.0,4,3,0,mobile_legit
0,0,5,61,293.2,False,False,False,False,0,11.8,8,3,0,casual_legit
1,0,3,0,278.5,False,False,False,False,0,50.7,7,2,0,mobile_legit
0,2,4,221,272.9,False,False,False,False,0,158.5,7,1,0,casual_legit
0,0,8,202,207.6,True,False,False,True,0,10.7,6,2,0,legit_on_vpn
1,0,0,122,228.7,True,False,False,False,0,11.4,7,2,0,legit_on_vpn
0,0,31,0,59.1,False,True,True,True,0,3.9,1,18,1,scraper_bot
1,0,73,0,37.3,True,False,True,False,1,1.3,1,20,1,scraper_bot
0,0,4,167,262.6,False,False,False,False,1,16.6,5,2,0,legit_password_typo
0,0,3,152,229.3,False,False,False,False,0,34.2,10,6,0,casual_legit
0,0,5,180,144.2,False,False,False,False,0,91.5,7,3,0,casual_legit
0,0,5,203,215.1,False,False,False,False,0,19.9,12,3,0,casual_legit
0,0,1,7,215.3,False,False,False,False,0,123.5,5,1,0,mobile_legit
0,0,3,52,323.3,False,False,False,False,0,149.2,9,5,0,casual_legit
0,0,4,216,325.3,True,False,False,True,0,43.3,6,3,0,legit_on_vpn
3,1,7,8,124.5,True,False,False,True,3,3.4,0,6,1,repeat_offender
0,0,3,130,220.8,False,False,False,False,0,25.4,8,1,0,casual_legit
0,0,2,4,80.5,False,False,True,True,2,15.9,1,2,1,repeat_offender
1,0,5,181,173.3,True,False,False,False,0,17.4,10,4,0,legit_on_vpn
1,0,4,234,120.8,False,False,False,False,0,42.9,10,4,0,casual_legit
2,1,9,133,132.9,True,True,False,True,0,39.1,6,6,1,careful_human_attacker
2,1,9,182,182.1,False,False,False,False,1,21.3,6,2,1,careful_human_attacker
0,0,0,241,265.4,False,False,False,False,0,33.5,9,4,0,casual_legit
0,0,56,0,62.8,False,True,True,False,0,1.1,0,10,1,scraper_bot
1,1,2,8,266.9,False,False,False,False,0,16.1,10,2,0,mobile_legit
1,1,17,12,88.1,True,False,False,True,4,10.2,3,7,1,repeat_offender
0,2,14,5,15.0,True,True,False,False,4,2.6,4,3,1,repeat_offender
0,0,58,0,,False,False,False,False,0,1.9,1,16,1,scraper_bot
0,0,4,56,184.2,False,False,False,False,0,69.9,5,2,0,casual_legit
3,0,0,88,218.4,True,False,False,True,1,83.2,12,3,1,careful_human_attacker
1,0,5,191,190.6,True,False,False,False,0,83.9,15,3,0,legit_password_typo
0,0,2,203,244.2,False,False,False,False,0,35.5,9,2,0,casual_legit
0,0,5,170,175.1,False,False,False,True,0,31.6,8,2,0,casual_legit
0,0,3,18,298.5,True,False,False,False,0,27.0,5,2,0,mobile_legit
0,0,4,143,267.1,False,False,False,False,0,37.5,13,2,0,casual_legit
0,0,3,147,,False,False,False,False,0,43.3,13,2,0,casual_legit
0,0,3,10,252.9,False,True,False,False,0,5.7,5,2,0,mobile_legit
0,0,4,153,198.8,False,False,False,False,0,36.9,7,1,0,casual_legit
3,0,20,1,,True,True,True,False,0,2.6,0,1,1,credential_stuffing_bot
0,0,21,16,96.6,True,False,False,True,3,4.7,1,3,0,repeat_offender
1,0,7,142,196.1,False,False,False,False,0,60.8,9,1,0,legit_password_typo
0,0,0,38,,False,False,False,False,0,11.8,7,2,0,mobile_legit
0,0,2,178,242.6,False,False,False,False,0,6.4,12,2,0,casual_legit
0,0,24,0,63.9,False,True,True,True,0,3.5,0,17,1,scraper_bot
0,0,1,18,338.5,False,False,False,False,0,125.8,0,1,0,mobile_legit
2,1,8,66,232.9,False,False,False,False,0,33.2,6,2,0,legit_password_typo
0,0,0,278,,False,False,False,True,1,8.2,11,4,0,casual_legit
0,0,5,112,156.6,True,False,False,False,0,53.0,11,2,0,legit_on_vpn
1,0,5,273,186.0,False,False,False,False,0,50.3,12,1,0,legit_password_typo
2,0,2,8,321.4,False,False,False,True,0,4.3,3,1,0,mobile_legit
4,1,37,0,48.3,False,True,True,False,1,0.6,0,2,1,credential_stuffing_bot
1,0,12,8,68.3,True,True,False,True,2,11.4,0,4,1,repeat_offender
6,0,31,0,15.0,False,False,True,False,0,2.0,0,1,1,credential_stuffing_bot
0,0,2,30,292.6,False,False,False,True,0,16.4,7,1,0,mobile_legit
0,0,3,24,293.7,False,False,False,False,0,15.7,9,1,0,mobile_legit
1,0,3,188,248.8,False,False,False,False,0,11.5,10,3,0,casual_legit
4,2,0,160,280.6,False,False,False,False,1,19.6,4,4,1,careful_human_attacker
0,0,3,170,165.7,False,False,False,False,0,89.7,4,2,0,casual_legit
2,2,10,10,,True,True,False,True,2,6.7,0,3,1,repeat_offender
0,0,2,15,234.2,False,False,False,False,0,20.7,15,1,0,casual_legit
0,0,3,164,238.7,True,False,False,False,0,5.6,8,3,0,legit_on_vpn
0,0,2,1,313.8,False,False,False,False,0,27.4,7,2,0,mobile_legit
1,0,2,180,294.4,False,False,False,False,0,13.1,5,2,0,casual_legit
0,0,2,231,325.0,False,False,False,False,0,8.9,6,3,0,casual_legit
5,0,20,0,,False,True,False,False,0,2.1,0,2,1,credential_stuffing_bot
2,3,6,127,255.4,False,False,False,True,0,26.6,3,1,1,careful_human_attacker
2,3,31,5,15.0,False,False,True,True,4,11.7,1,3,1,repeat_offender
5,0,38,0,31.3,False,True,True,True,1,2.4,1,1,1,credential_stuffing_bot
0,0,3,178,253.5,False,False,False,False,0,8.6,5,4,0,casual_legit
0,0,2,125,238.3,False,False,False,False,0,27.6,13,2,0,casual_legit
1,0,3,7,202.9,False,False,False,False,0,14.6,8,1,0,mobile_legit
2,1,2,237,292.8,False,False,False,False,0,74.7,10,2,0,legit_password_typo
0,0,2,135,259.1,False,False,False,False,0,11.1,9,5,0,casual_legit
0,1,7,251,174.9,True,False,False,False,0,29.0,9,1,0,legit_on_vpn
0,1,6,161,120.5,False,False,False,False,0,125.9,7,3,0,legit_password_typo
0,0,2,161,152.7,False,False,False,False,0,33.1,12,1,0,casual_legit
1,0,5,234,208.0,False,False,False,False,0,197.4,12,3,0,legit_password_typo
1,1,23,7,81.4,True,False,True,True,2,9.2,3,6,1,repeat_offender
4,0,33,0,,True,False,False,False,1,1.3,0,3,1,credential_stuffing_bot
1,0,4,235,255.2,False,False,False,False,1,169.5,13,1,0,legit_password_typo
0,0,2,101,223.7,False,False,False,False,0,13.7,6,2,0,casual_legit
3,1,33,0,53.0,True,True,True,False,0,1.0,0,1,1,credential_stuffing_bot
5,2,14,0,31.0,False,True,False,False,0,0.9,0,1,1,credential_stuffing_bot
1,0,0,1,,True,False,True,True,0,0.8,1,17,1,scraper_bot
0,0,4,0,253.8,False,False,False,True,0,4.4,9,1,1,mobile_legit
0,0,4,199,224.9,False,False,False,False,0,31.9,11,2,0,casual_legit
4,2,34,4,36.2,False,False,False,True,1,0.5,1,2,1,credential_stuffing_bot
1,2,21,11,176.6,True,False,False,False,4,4.5,6,3,1,repeat_offender
3,1,8,7,119.2,False,True,False,False,2,5.3,0,5,1,repeat_offender
0,0,2,13,217.9,False,False,False,False,0,21.4,2,2,0,mobile_legit
0,0,3,15,342.4,False,False,False,False,0,41.8,6,1,0,mobile_legit
5,4,9,99,160.1,False,False,False,True,0,12.6,7,2,1,careful_human_attacker
3,0,12,0,66.3,False,False,False,True,1,0.8,0,2,1,credential_stuffing_bot
7,0,3,2,26.1,False,False,True,False,2,3.6,0,1,1,credential_stuffing_bot
3,3,17,7,146.4,True,False,False,False,1,1.2,2,6,1,repeat_offender
1,0,5,207,232.3,False,False,False,False,0,16.5,10,1,0,casual_legit
6,1,20,0,18.6,False,False,True,False,1,1.4,0,1,1,credential_stuffing_bot
0,0,2,168,220.4,False,False,False,False,0,10.5,2,4,0,casual_legit
2,1,19,2,64.6,True,False,True,True,2,2.8,0,2,1,repeat_offender
0,1,26,1,15.0,False,True,True,False,0,1.7,0,14,1,scraper_bot
1,0,3,80,189.2,True,False,False,False,0,8.2,18,1,0,legit_password_typo
0,0,17,7,107.7,False,True,True,False,1,7.2,1,2,1,repeat_offender
1,0,1,132,285.1,False,False,False,False,0,88.7,13,2,0,casual_legit
0,0,2,51,170.9,False,False,False,False,0,80.5,7,3,0,casual_legit
0,0,2,23,269.9,False,False,False,False,0,38.2,6,3,0,mobile_legit
0,0,2,143,227.6,False,False,False,True,0,41.4,12,3,0,casual_legit
10,1,3,58,220.9,True,False,False,True,1,18.1,7,3,1,careful_human_attacker
1,1,15,5,,True,False,False,False,1,1.6,2,6,1,repeat_offender
1,0,3,241,259.5,False,False,False,True,0,28.6,14,1,1,legit_password_typo
0,0,0,45,196.1,False,False,False,False,0,46.1,5,1,0,mobile_legit
0,0,0,192,255.3,False,False,False,False,0,47.6,8,1,1,casual_legit
0,0,60,0,53.0,True,True,True,False,1,1.8,0,10,1,scraper_bot
1,1,4,21,283.9,False,False,False,False,0,48.3,4,1,0,mobile_legit
3,1,14,8,112.8,True,True,False,True,2,15.9,4,8,1,repeat_offender
1,0,4,1,344.4,False,False,False,False,0,33.5,3,2,0,mobile_legit
2,0,0,5,,True,False,False,False,2,2.3,2,4,1,repeat_offender
0,0,2,241,232.2,True,False,False,False,0,9.1,8,3,0,casual_legit
1,0,5,132,237.9,False,False,False,False,0,150.8,9,4,0,legit_password_typo
0,1,0,32,290.8,False,False,False,False,0,57.4,7,2,0,mobile_legit
0,0,1,213,229.0,False,False,False,True,0,12.6,9,2,1,casual_legit
1,0,3,199,187.5,False,False,False,False,0,27.3,12,3,0,casual_legit
1,0,5,285,179.0,True,False,False,False,0,61.8,9,2,0,legit_password_typo
1,1,26,1,40.8,False,True,True,False,2,8.6,0,13,1,scraper_bot
0,0,0,0,299.0,False,False,False,False,0,57.2,7,3,0,mobile_legit
1,0,2,79,149.4,False,False,False,True,0,41.7,5,3,0,legit_password_typo
2,1,29,0,,False,False,True,True,3,0.6,0,2,1,credential_stuffing_bot
0,0,16,0,,False,True,True,True,1,0.4,0,14,1,scraper_bot
0,0,49,0,,False,True,False,False,0,1.3,1,15,0,scraper_bot
0,0,40,0,48.7,True,True,True,False,0,6.4,0,15,1,scraper_bot
0,0,5,191,226.9,False,False,False,False,0,92.5,12,3,0,casual_legit
0,0,4,161,196.6,False,False,False,False,0,26.3,10,3,0,casual_legit
0,0,5,139,158.7,False,False,False,False,0,61.4,9,1,0,casual_legit
1,1,22,0,35.6,False,True,True,False,1,4.0,1,1,1,credential_stuffing_bot
6,1,28,1,18.1,True,False,False,False,2,0.4,0,1,1,credential_stuffing_bot
1,0,37,1,,False,True,True,False,1,1.3,0,12,1,scraper_bot
0,0,3,139,255.7,False,False,False,False,0,92.0,9,2,0,casual_legit
0,0,4,379,220.8,False,False,False,False,0,14.2,5,2,0,casual_legit
0,0,4,162,200.7,False,False,False,False,0,90.8,9,3,0,casual_legit
1,0,6,190,293.8,False,False,False,False,0,15.9,13,5,0,casual_legit
0,0,35,1,15.0,False,True,True,False,1,2.0,0,19,1,scraper_bot
1,0,6,192,241.6,False,False,False,False,0,10.2,9,3,0,legit_on_vpn
1,0,6,211,153.7,False,False,False,False,0,15.3,10,1,0,legit_password_typo
0,0,3,207,236.0,False,False,False,True,0,5.9,6,3,0,casual_legit
1,0,3,159,254.0,True,False,False,False,0,35.5,10,4,0,casual_legit
0,0,3,270,313.1,False,False,False,False,0,211.3,13,4,0,casual_legit
1,0,56,0,,False,True,True,False,0,2.3,1,15,1,scraper_bot
0,0,7,1,,False,False,True,True,0,4.1,0,15,1,scraper_bot
0,1,3,169,173.7,True,False,True,False,0,11.4,9,1,0,legit_on_vpn
6,1,22,0,,False,False,True,False,0,0.4,0,4,1,credential_stuffing_bot
0,0,2,0,254.2,False,False,False,False,0,40.2,8,3,0,mobile_legit
1,0,39,2,,False,True,True,False,2,2.9,0,9,1,scraper_bot
1,0,7,144,236.0,False,False,False,False,0,13.5,13,4,0,legit_password_typo
0,0,4,214,185.4,False,False,False,False,0,105.1,8,3,0,casual_legit
1,0,23,5,130.0,True,True,False,False,1,7.4,1,4,1,repeat_offender
1,0,1,9,312.4,False,False,False,True,0,49.7,3,1,0,mobile_legit
0,1,5,157,214.1,False,False,False,False,0,10.9,16,2,0,casual_legit
0,0,4,154,233.5,False,False,False,False,0,7.8,10,1,0,casual_legit
0,0,1,285,249.6,False,False,False,False,1,39.2,10,2,0,casual_legit
2,2,10,5,64.7,True,False,False,True,2,8.8,1,2,1,repeat_offender
1,0,40,2,64.7,False,True,True,False,2,0.4,1,14,1,scraper_bot
1,0,1,311,204.4,False,False,False,False,0,5.1,9,2,0,casual_legit
0,0,3,109,108.9,False,False,False,False,0,45.1,12,1,0,legit_password_typo
3,1,27,1,50.7,False,False,True,True,0,1.3,0,1,1,credential_stuffing_bot
4,1,6,137,265.3,False,False,False,True,1,86.4,6,7,1,careful_human_attacker
1,0,1,11,313.5,False,False,False,False,0,9.1,8,2,0,mobile_legit
0,0,2,140,195.9,True,False,False,False,0,12.7,2,1,0,legit_on_vpn
0,0,3,0,273.9,False,False,False,False,0,13.2,3,1,0,mobile_legit
0,0,3,17,301.8,False,False,False,False,0,8.6,2,2,0,mobile_legit
0,0,4,47,311.8,False,False,False,True,0,22.3,14,2,0,casual_legit
0,0,49,0,41.9,True,True,False,False,2,1.0,0,22,1,scraper_bot
1,0,20,13,,True,True,True,True,1,6.5,2,5,1,repeat_offender
0,0,35,1,,False,True,False,False,0,3.9,0,13,1,scraper_bot
4,1,24,0,41.6,False,True,False,False,1,1.6,0,1,1,credential_stuffing_bot
0,0,1,0,251.3,False,False,False,False,0,52.0,8,1,0,mobile_legit
5,6,10,99,169.7,False,False,False,False,0,66.3,3,2,1,careful_human_attacker
1,0,5,76,262.1,True,False,False,False,1,98.5,13,2,0,legit_on_vpn
1,0,2,0,321.1,False,False,False,False,0,62.6,11,2,0,mobile_legit
0,0,1,0,276.6,False,False,False,False,0,9.6,8,1,1,mobile_legit
4,3,4,266,236.7,False,False,False,True,0,8.7,6,1,1,careful_human_attacker
1,0,4,230,230.7,False,False,True,False,0,14.9,14,2,0,casual_legit
0,0,4,19,192.5,False,True,False,False,0,35.4,4,3,0,mobile_legit
0,0,5,149,229.2,False,False,False,True,0,7.2,10,2,0,casual_legit
0,1,18,0,,True,True,False,False,1,1.3,0,14,1,scraper_bot
5,0,8,10,92.0,True,False,False,False,1,4.3,2,3,1,repeat_offender
0,0,4,231,290.6,False,False,False,False,0,19.0,8,3,0,casual_legit
0,0,4,134,,False,False,False,False,0,32.0,15,3,0,legit_password_typo
3,0,36,0,35.9,True,True,True,False,1,2.0,0,1,1,credential_stuffing_bot
5,3,6,163,263.6,True,False,False,False,0,78.9,11,6,1,careful_human_attacker
0,0,1,221,205.7,False,False,False,False,0,25.2,9,3,0,casual_legit
3,0,3,260,284.7,False,False,False,False,0,59.8,6,2,0,legit_password_typo
0,0,29,1,,False,True,True,True,1,2.6,2,16,1,scraper_bot
0,0,3,217,228.0,False,False,False,False,0,62.2,9,2,0,casual_legit
0,0,4,97,201.9,True,False,False,True,0,58.3,4,1,0,legit_on_vpn
3,2,11,1,,True,True,False,False,0,0.3,1,1,1,credential_stuffing_bot
2,0,7,0,54.3,True,True,False,False,1,1.3,0,1,1,credential_stuffing_bot
6,4,6,267,143.5,True,False,False,True,0,30.9,4,5,1,careful_human_attacker
0,0,5,178,218.9,False,False,False,False,0,13.5,15,1,0,casual_legit
2,0,10,1,,True,False,True,False,0,1.1,0,1,0,credential_stuffing_bot
1,0,2,239,263.4,False,False,False,False,0,34.6,8,3,0,casual_legit
1,0,3,259,207.6,False,False,False,False,0,137.5,10,2,0,legit_password_typo
0,0,1,94,270.9,False,False,False,False,0,15.6,11,1,0,casual_legit
0,0,0,240,217.6,False,False,False,False,0,6.1,12,3,0,casual_legit
0,0,13,0,,False,True,True,True,0,5.8,0,18,1,scraper_bot
1,1,17,7,,False,True,False,False,2,4.6,1,3,1,repeat_offender
1,0,1,0,375.2,False,False,False,False,0,13.4,3,1,0,mobile_legit
0,0,1,16,257.2,False,False,True,False,0,8.4,6,1,0,mobile_legit
1,0,2,117,192.1,False,False,False,False,0,16.5,7,3,0,casual_legit
0,0,2,81,,False,False,False,False,0,15.6,11,2,0,casual_legit
0,0,5,68,231.5,False,False,False,False,0,50.0,10,1,0,casual_legit
0,0,4,277,239.4,False,False,False,False,0,66.4,11,3,0,casual_legit
0,0,3,234,224.9,False,False,False,False,1,37.7,7,1,0,casual_legit
2,2,6,147,183.4,True,False,False,True,2,11.6,8,3,1,careful_human_attacker
1,0,2,0,,False,False,False,True,0,4.4,12,1,0,mobile_legit
0,0,3,228,280.4,False,False,False,True,0,5.5,6,2,0,casual_legit
0,0,6,312,253.4,False,False,False,True,0,10.5,6,4,0,casual_legit
1,0,46,2,35.4,False,True,True,True,1,6.2,0,12,1,scraper_bot
0,0,1,167,231.5,False,False,False,False,0,35.7,9,1,0,casual_legit
0,0,4,168,259.2,True,False,False,False,0,90.0,9,1,0,legit_on_vpn
0,0,3,59,168.7,False,False,False,False,0,7.2,8,6,0,casual_legit
0,0,3,0,251.2,False,False,False,False,0,26.6,5,2,0,mobile_legit
0,0,3,0,379.1,False,False,False,False,0,33.3,4,2,0,mobile_legit
1,0,9,93,211.1,False,False,False,False,0,23.0,15,2,0,legit_password_typo
0,0,6,32,403.7,False,False,False,False,0,38.0,10,2,0,mobile_legit
3,0,30,0,20.9,False,True,False,False,0,0.4,1,2,1,credential_stuffing_bot
0,0,5,171,226.5,False,False,False,False,1,78.6,12,2,0,legit_password_typo
0,0,1,189,214.0,False,False,False,False,0,35.0,17,4,0,casual_legit
0,0,3,1,241.4,False,False,False,False,0,45.8,4,2,0,mobile_legit
0,0,3,5,281.8,False,False,False,False,0,30.9,3,2,0,mobile_legit
0,0,2,188,233.2,True,False,False,True,0,26.7,7,4,0,legit_on_vpn
6,0,18,1,35.3,True,False,False,False,0,0.3,0,1,1,credential_stuffing_bot
0,0,3,160,236.3,False,False,False,False,0,8.5,12,3,0,casual_legit
1,1,14,6,77.1,False,False,False,True,0,7.4,1,3,1,repeat_offender
3,5,0,139,,True,False,False,False,0,18.2,10,4,1,careful_human_attacker
0,0,9,1,48.7,False,True,False,True,1,0.6,0,17,1,scraper_bot
4,2,5,47,189.9,False,False,True,True,0,21.4,11,2,0,careful_human_attacker
0,3,17,6,,True,False,True,False,2,8.4,3,2,1,repeat_offender
4,0,24,1,,True,True,False,False,0,1.2,0,1,1,credential_stuffing_bot
5,1,13,1,15.0,False,True,False,False,1,2.2,1,1,1,credential_stuffing_bot
0,0,2,112,228.9,False,False,False,False,0,45.1,7,2,0,casual_legit
3,3,5,179,230.5,True,False,True,False,2,13.4,5,3,1,careful_human_attacker
2,1,16,6,148.9,False,False,False,False,2,3.4,3,8,1,repeat_offender
0,0,24,0,35.9,True,True,True,False,0,0.6,0,16,1,scraper_bot
0,0,0,72,204.8,False,False,False,True,0,25.3,5,2,0,casual_legit
5,0,8,162,223.6,False,False,False,False,0,15.9,7,5,1,careful_human_attacker
0,0,3,0,305.1,False,False,False,False,0,51.6,8,1,0,mobile_legit
0,0,5,63,194.6,False,False,False,False,0,37.2,10,4,0,legit_on_vpn
5,0,35,0,40.8,True,False,True,True,0,0.8,0,3,1,credential_stuffing_bot
3,2,10,8,,True,False,False,False,2,1.4,0,3,1,repeat_offender
4,1,11,2,55.5,True,True,False,False,0,1.0,0,1,1,credential_stuffing_bot
0,0,4,20,234.5,False,False,False,False,0,31.6,9,3,0,mobile_legit
0,0,30,0,,True,False,True,True,1,1.2,0,18,1,scraper_bot
0,0,5,180,177.7,False,False,False,False,0,28.8,8,4,0,casual_legit
0,0,6,294,279.7,False,False,False,False,0,23.2,10,4,0,casual_legit
1,0,4,71,223.2,False,False,True,False,0,67.0,14,1,0,legit_password_typo
0,0,5,169,190.5,False,False,False,False,0,11.6,11,3,0,casual_legit
3,0,26,0,,True,False,False,False,1,4.7,1,1,1,credential_stuffing_bot
0,0,3,316,225.4,False,False,False,True,0,114.2,6,3,0,casual_legit
0,0,3,9,357.3,False,False,False,False,0,4.2,6,3,0,mobile_legit
0,0,4,6,355.9,False,False,False,False,0,6.8,5,2,0,mobile_legit
0,0,8,167,119.2,False,False,False,False,0,19.2,10,1,0,legit_password_typo
0,0,2,17,394.0,False,False,False,False,0,46.6,5,2,0,mobile_legit
0,0,5,61,247.4,False,False,False,False,0,56.5,12,1,0,casual_legit
1,0,3,152,200.7,False,False,False,False,0,9.3,8,4,0,casual_legit
0,0,5,326,298.4,True,False,False,False,0,18.3,12,1,0,legit_on_vpn
0,0,2,1,29.2,False,False,True,True,1,4.5,0,16,1,scraper_bot
0,0,59,1,45.0,False,True,True,False,1,1.4,1,7,1,scraper_bot
1,0,4,178,282.6,False,False,False,False,0,25.6,9,3,0,casual_legit
0,0,6,211,180.5,False,False,False,False,0,40.6,8,2,0,casual_legit
4,1,31,0,40.5,False,True,False,False,1,0.7,1,1,1,credential_stuffing_bot
4,0,3,145,186.9,False,False,False,True,0,31.0,9,1,0,legit_password_typo
0,0,4,219,262.0,False,False,False,False,0,18.1,7,4,0,casual_legit
6,1,41,0,36.0,True,True,False,True,3,0.4,0,1,1,credential_stuffing_bot
0,0,5,121,163.2,True,False,False,False,0,25.6,6,3,0,legit_on_vpn
1,0,2,142,206.7,False,False,False,False,0,28.5,8,2,0,legit_password_typo
0,0,3,134,198.2,False,False,False,False,0,29.0,9,3,0,casual_legit
2,3,20,8,32.3,False,False,False,True,1,4.3,2,4,1,repeat_offender
0,0,1,231,262.0,False,False,False,False,0,10.8,9,1,0,casual_legit
6,0,13,0,,True,True,True,False,0,1.4,1,1,1,credential_stuffing_bot
3,3,8,158,182.4,False,False,False,False,0,10.1,9,6,1,careful_human_attacker
2,0,26,0,,False,False,False,False,0,0.9,1,2,1,credential_stuffing_bot
1,0,30,1,,True,False,True,False,0,1.8,0,16,1,scraper_bot
4,0,14,93,214.1,False,True,False,False,0,40.5,8,3,0,careful_human_attacker
0,0,3,2,395.1,False,False,False,False,0,75.5,6,4,0,mobile_legit
0,1,3,3,,False,False,False,True,0,13.7,7,3,0,mobile_legit
0,0,3,168,122.2,False,True,True,False,0,30.8,7,2,0,casual_legit
3,1,22,0,24.7,False,True,False,False,1,4.3,0,3,1,credential_stuffing_bot
0,0,3,68,245.5,False,False,False,False,0,45.4,10,2,0,casual_legit
0,2,31,4,100.6,False,True,False,True,2,1.7,2,1,1,repeat_offender
0,0,7,0,,True,True,False,False,0,2.4,2,12,1,scraper_bot
0,0,43,2,46.7,False,True,True,True,1,0.7,0,22,1,scraper_bot
2,0,1,13,77.5,True,False,False,True,0,5.4,1,4,1,repeat_offender
1,0,6,203,157.3,False,False,False,False,0,64.8,12,3,1,legit_password_typo
0,0,3,221,199.1,False,False,False,False,0,54.5,6,1,0,casual_legit
0,0,5,19,,False,False,False,True,0,7.6,6,1,0,mobile_legit
0,0,1,48,245.5,False,False,False,False,0,15.7,6,2,0,mobile_legit
4,0,11,0,,True,False,False,False,0,2.0,0,1,1,credential_stuffing_bot
2,3,9,129,186.8,True,False,False,False,1,25.8,7,4,1,careful_human_attacker
0,0,3,25,248.7,False,False,False,False,0,147.4,8,4,0,casual_legit
1,1,49,0,53.2,False,False,False,False,0,2.4,0,15,1,scraper_bot
1,0,2,89,273.6,False,False,False,False,0,28.8,14,3,0,legit_password_typo
0,0,3,0,344.7,False,False,False,True,0,41.6,6,2,0,mobile_legit
0,0,34,1,,False,True,True,False,0,0.8,0,18,1,scraper_bot
0,0,2,144,232.9,False,False,False,False,0,23.0,6,1,0,casual_legit
0,0,2,198,229.2,False,False,False,False,0,44.9,9,1,0,casual_legit
4,2,44,0,15.0,True,False,False,True,0,5.7,1,1,1,credential_stuffing_bot
7,0,31,1,59.8,False,False,True,True,3,0.6,0,1,1,credential_stuffing_bot
0,0,8,203,161.9,False,False,False,False,0,33.4,11,3,1,legit_password_typo
1,0,5,29,152.3,False,False,False,True,0,11.6,2,6,0,mobile_legit
1,0,32,1,33.8,False,True,True,True,1,1.3,0,12,1,scraper_bot
3,1,12,0,55.4,False,False,False,True,1,1.0,0,1,1,credential_stuffing_bot
0,0,3,170,187.1,False,False,False,False,0,52.1,6,2,0,casual_legit
4,0,26,1,26.3,False,False,True,False,1,1.0,0,1,1,credential_stuffing_bot
0,0,0,0,,False,False,False,False,0,77.4,5,1,0,mobile_legit
0,0,3,248,,False,False,False,False,0,8.2,9,4,0,casual_legit
1,0,26,6,,True,True,False,False,2,5.5,3,1,1,repeat_offender
6,1,4,1,30.1,False,False,True,True,1,1.5,1,3,1,credential_stuffing_bot
3,4,11,195,157.6,False,False,False,True,1,24.0,9,3,1,careful_human_attacker
0,0,2,13,,False,False,False,False,0,13.5,6,1,0,mobile_legit
3,0,6,1,,False,True,False,True,1,1.5,0,2,1,credential_stuffing_bot
1,0,3,121,208.5,False,False,False,True,0,73.6,10,3,0,casual_legit
2,0,8,8,15.0,True,True,False,True,3,9.0,2,2,1,repeat_offender
0,0,4,28,,False,False,False,False,0,22.5,7,1,0,mobile_legit
2,0,4,219,245.4,False,False,False,True,0,74.1,9,2,0,casual_legit
0,0,23,9,144.8,True,True,False,True,2,2.7,3,3,1,repeat_offender
0,0,3,167,183.6,True,False,False,False,0,67.1,7,1,0,legit_on_vpn
1,1,6,142,230.5,False,False,False,True,1,10.8,8,1,1,careful_human_attacker
0,0,1,383,339.2,False,False,False,False,0,18.4,11,4,0,casual_legit
0,0,5,32,208.6,True,False,False,True,0,108.8,4,1,1,mobile_legit
0,1,2,78,188.1,False,False,False,False,0,30.8,8,3,0,casual_legit
1,0,4,28,248.3,False,False,False,False,0,20.7,10,1,0,mobile_legit
0,0,1,209,,False,False,False,True,0,13.6,12,2,0,casual_legit
0,0,3,221,274.8,False,False,False,False,0,9.0,9,1,0,casual_legit
4,2,0,171,241.0,True,False,False,False,0,15.5,5,3,1,careful_human_attacker
0,0,0,233,209.5,False,False,False,False,0,10.9,7,1,0,casual_legit
0,0,4,135,,False,False,False,False,0,65.3,3,4,0,casual_legit
0,0,2,7,326.2,False,True,False,False,1,52.8,7,1,0,mobile_legit
0,0,3,202,271.1,False,False,False,True,0,45.0,10,3,0,casual_legit
0,0,38,0,,True,True,True,False,0,0.8,1,15,1,scraper_bot
1,0,0,170,191.1,True,False,False,False,0,63.6,3,4,0,legit_on_vpn
2,1,21,0,,True,False,False,False,0,0.6,0,1,0,credential_stuffing_bot
0,0,3,145,325.6,False,False,False,False,0,50.4,11,1,1,casual_legit
5,0,22,0,62.8,False,False,False,False,5,3.2,0,1,1,credential_stuffing_bot
1,0,4,142,219.2,False,False,False,False,0,31.3,11,3,0,casual_legit
0,0,5,0,193.8,False,False,False,True,0,25.8,2,2,0,mobile_legit
0,0,5,209,327.6,False,False,False,True,0,86.7,10,1,0,legit_password_typo
1,0,3,109,141.0,False,False,False,True,0,34.1,10,1,0,casual_legit
0,0,2,17,355.3,False,False,False,False,0,8.8,5,1,0,mobile_legit
4,1,32,0,,False,False,False,False,0,0.9,0,2,1,credential_stuffing_bot
4,0,19,1,,False,False,True,True,2,0.6,0,1,1,credential_stuffing_bot
0,0,3,176,144.2,False,False,False,False,0,118.5,11,1,0,casual_legit
2,1,10,6,,False,True,False,True,4,3.6,3,4,1,repeat_offender
4,1,7,153,217.3,False,False,False,True,0,14.8,9,1,1,careful_human_attacker
0,0,1,223,182.9,False,False,False,False,0,30.7,9,3,0,casual_legit
0,0,3,26,212.2,False,False,False,False,0,44.3,5,2,0,mobile_legit
0,0,3,117,,False,False,False,False,0,71.3,5,2,0,legit_on_vpn
7,0,31,2,40.7,False,True,True,False,1,0.7,1,1,1,credential_stuffing_bot
4,1,5,188,220.5,False,False,False,False,1,24.6,6,4,1,careful_human_attacker
4,1,0,166,103.0,False,False,False,True,0,26.1,8,5,1,careful_human_attacker
5,1,9,247,181.7,True,False,False,True,0,44.7,9,2,1,careful_human_attacker
3,0,10,1,,True,False,False,False,0,5.1,0,3,1,credential_stuffing_bot
0,0,41,0,,False,False,False,False,0,2.7,2,12,1,scraper_bot
0,0,2,19,257.4,False,False,False,True,0,14.5,7,3,0,mobile_legit
1,1,45,0,31.0,False,False,False,False,0,1.3,0,1,1,credential_stuffing_bot
7,1,15,1,15.0,True,False,True,False,2,0.2,2,1,1,credential_stuffing_bot
0,0,1,233,196.6,False,False,False,False,0,98.3,12,4,0,casual_legit
2,2,5,114,203.7,False,False,False,False,0,16.7,7,4,0,legit_password_typo
0,0,4,147,250.0,True,False,False,False,0,6.4,6,5,0,legit_on_vpn
0,0,33,1,20.7,True,True,True,False,1,3.7,1,18,1,scraper_bot
2,0,41,0,,True,True,False,False,1,1.2,0,2,1,credential_stuffing_bot
3,3,7,88,226.4,True,False,False,False,0,34.9,8,2,1,careful_human_attacker
2,0,22,1,,False,False,False,False,1,1.6,0,1,1,credential_stuffing_bot
1,0,23,9,,False,False,False,False,6,16.6,4,6,1,repeat_offender
3,3,19,0,,False,False,True,False,1,5.6,0,1,1,credential_stuffing_bot
0,1,4,0,,False,False,False,False,0,20.8,5,1,0,mobile_legit
0,0,20,1,15.0,False,True,False,True,0,3.7,1,12,1,scraper_bot
5,1,8,117,262.6,False,False,False,True,1,39.9,4,4,0,careful_human_attacker
0,2,10,16,68.2,True,False,False,False,2,1.2,1,3,1,repeat_offender
0,0,26,1,15.0,False,False,True,False,0,1.5,1,12,0,scraper_bot
0,0,4,95,209.8,False,False,False,False,0,13.5,7,2,0,casual_legit
1,4,11,196,183.1,True,False,False,False,1,23.5,2,9,1,careful_human_attacker
2,1,8,44,311.8,True,False,False,False,0,12.5,6,7,1,careful_human_attacker
1,0,4,153,237.6,False,False,False,False,0,37.3,10,1,0,casual_legit
0,0,26,0,,False,True,False,True,0,1.4,0,17,1,scraper_bot
1,1,27,8,,True,False,True,False,3,6.8,0,6,1,repeat_offender
4,0,21,1,15.0,True,True,True,False,0,0.4,0,1,1,credential_stuffing_bot
2,1,3,267,,False,False,False,False,0,58.3,7,3,0,legit_password_typo
0,0,38,1,,False,True,True,False,2,6.8,0,10,1,scraper_bot
0,0,5,4,330.1,False,False,False,False,0,13.8,3,3,0,mobile_legit
1,0,1,131,244.3,False,False,False,False,0,39.0,8,4,0,casual_legit
0,0,3,180,282.3,False,False,False,False,0,107.2,8,1,0,casual_legit
1,0,4,8,224.0,False,False,False,False,0,5.5,5,1,0,mobile_legit
0,0,4,21,276.7,False,False,False,True,0,5.1,5,1,0,mobile_legit
1,0,53,0,,False,True,False,False,0,1.2,1,16,1,scraper_bot
6,1,17,0,31.5,False,True,True,True,2,0.8,0,2,1,credential_stuffing_bot
0,0,19,0,,False,True,True,False,0,0.5,0,23,1,scraper_bot
0,0,1,156,170.5,True,False,False,False,0,71.0,15,3,0,legit_on_vpn
2,0,7,116,200.4,False,False,False,False,0,56.3,10,3,0,legit_password_typo
0,0,3,247,240.3,False,False,False,True,0,25.4,13,3,0,casual_legit
1,1,11,133,181.7,False,False,False,False,0,22.4,9,6,0,careful_human_attacker
0,0,4,27,330.8,False,False,False,False,0,14.0,4,3,0,mobile_legit
0,0,5,11,,False,False,False,False,0,10.6,7,2,0,mobile_legit
0,0,2,161,,False,False,False,False,0,20.2,9,3,0,casual_legit
0,0,63,0,,False,False,True,True,1,5.6,0,16,1,scraper_bot
0,0,4,41,197.3,False,False,False,True,0,18.5,8,5,0,casual_legit
0,0,1,4,285.2,False,False,False,False,0,86.0,4,4,0,mobile_legit
0,0,5,27,380.7,False,False,False,False,0,71.6,3,2,0,mobile_legit
4,5,15,171,268.3,True,True,False,False,0,6.7,10,1,1,careful_human_attacker
0,0,2,15,279.6,False,False,False,True,0,39.1,3,1,0,mobile_legit
0,0,1,147,147.5,False,False,False,False,0,18.6,9,1,0,casual_legit
3,1,13,1,26.5,False,True,True,True,1,1.7,1,1,1,credential_stuffing_bot
0,0,2,35,256.8,False,False,False,True,0,8.4,7,5,0,mobile_legit
0,0,4,15,187.3,False,False,True,False,0,19.7,4,1,0,mobile_legit
0,0,2,19,217.8,False,False,False,True,0,15.6,5,2,0,mobile_legit
0,0,2,30,,False,False,True,False,0,8.9,6,3,0,mobile_legit
1,1,12,9,213.8,True,False,False,True,3,2.1,2,7,1,repeat_offender
4,0,13,0,36.5,True,False,True,False,1,1.4,0,2,1,credential_stuffing_bot
0,0,23,1,32.4,False,True,False,True,0,3.0,0,16,1,scraper_bot
0,0,3,0,291.4,False,False,False,False,0,20.5,6,1,0,mobile_legit
0,0,3,286,250.1,False,False,False,True,0,25.4,9,3,0,casual_legit
1,0,3,31,291.2,False,False,False,False,0,39.2,5,2,0,mobile_legit
3,0,0,160,263.3,True,True,False,True,1,4.7,6,2,1,careful_human_attacker
1,0,2,188,181.8,False,False,False,False,0,6.1,7,3,0,casual_legit
4,1,28,5,93.2,False,True,False,False,2,20.2,4,3,1,repeat_offender
0,0,4,196,,False,False,False,False,0,92.2,8,1,0,legit_password_typo
0,0,4,31,,False,False,False,True,0,4.1,5,1,0,mobile_legit
2,0,5,1,16.9,True,False,True,True,1,0.2,1,2,0,credential_stuffing_bot
1,0,7,108,208.5,False,False,False,True,0,13.5,13,3,0,legit_on_vpn
0,0,2,13,261.7,False,False,False,False,0,17.9,3,3,0,mobile_legit
0,0,0,0,299.4,False,False,False,False,0,55.0,8,2,0,mobile_legit
0,0,2,219,189.7,False,False,False,False,0,49.7,10,2,0,casual_legit
0,0,3,217,216.2,False,False,False,False,0,56.5,5,3,0,casual_legit
0,0,3,190,333.9,False,False,False,False,0,32.7,16,2,0,casual_legit
0,0,2,4,349.8,False,False,False,False,0,22.7,7,1,0,mobile_legit
1,0,32,4,,True,False,False,False,1,9.1,0,2,1,repeat_offender
0,0,4,153,224.2,False,False,False,False,0,15.1,11,4,0,casual_legit
2,1,10,189,154.4,False,False,False,False,1,5.8,4,3,1,careful_human_attacker
0,0,3,158,277.4,False,False,False,False,0,47.1,5,2,0,casual_legit
0,0,4,219,106.1,False,False,False,True,0,16.6,13,1,0,casual_legit
0,0,4,29,131.0,False,False,False,False,0,63.1,13,4,0,casual_legit
0,0,1,171,271.1,False,False,False,False,0,59.3,12,3,0,casual_legit
0,0,2,123,221.0,False,False,False,True,0,21.1,10,2,0,casual_legit
1,0,49,0,,False,False,True,False,0,2.7,1,17,1,scraper_bot
2,1,23,2,,False,True,True,True,0,2.1,0,1,1,credential_stuffing_bot
0,0,0,9,316.6,False,False,False,True,0,30.6,5,3,0,mobile_legit
0,1,55,1,,False,True,True,False,1,3.8,0,20,1,scraper_bot
2,1,15,13,104.9,True,False,False,False,1,2.8,1,4,1,repeat_offender
0,0,38,1,16.6,False,False,True,False,0,1.2,2,27,1,scraper_bot
0,0,4,12,267.6,False,False,False,True,0,40.2,4,1,1,mobile_legit
0,0,6,169,285.0,False,False,False,False,0,15.4,7,4,0,legit_password_typo
2,1,3,12,75.2,True,False,True,True,1,11.5,3,7,1,repeat_offender
0,0,1,159,235.0,False,False,False,False,0,41.4,15,2,0,casual_legit
1,0,5,208,257.5,False,False,False,False,0,53.8,7,3,0,casual_legit
1,0,3,144,283.9,False,False,False,False,0,11.9,9,3,0,casual_legit
4,1,21,7,92.5,False,False,False,False,1,3.8,1,2,1,repeat_offender
0,0,1,5,168.5,False,False,False,False,0,43.0,9,3,0,mobile_legit
2,0,3,155,289.5,False,False,False,False,0,19.0,7,1,0,casual_legit
1,0,2,170,,False,False,False,True,0,40.0,13,2,0,legit_password_typo
0,0,2,24,283.1,False,False,False,False,0,63.3,7,2,0,mobile_legit
1,0,5,13,222.0,False,False,False,False,0,98.6,8,2,0,mobile_legit
0,0,4,97,172.1,False,False,False,False,0,14.1,11,1,0,casual_legit
3,3,6,235,231.3,True,False,False,False,0,5.6,5,2,0,careful_human_attacker
0,0,47,0,,False,True,True,True,1,2.5,0,12,1,scraper_bot
3,3,9,237,183.2,False,False,False,True,1,23.2,8,4,1,careful_human_attacker
0,0,5,0,279.5,False,False,False,False,0,21.0,11,2,0,mobile_legit
3,0,0,0,,True,True,True,False,1,2.5,0,14,1,scraper_bot
0,0,14,0,,True,True,False,False,0,0.3,0,14,1,scraper_bot
2,0,21,0,,False,False,True,False,0,1.3,0,16,1,scraper_bot
2,0,12,235,164.3,True,False,False,False,0,29.4,8,5,1,careful_human_attacker
5,3,7,207,246.9,True,False,False,False,3,14.9,7,4,1,careful_human_attacker
0,0,44,0,55.3,True,True,False,True,1,0.6,1,13,1,scraper_bot
1,0,0,15,287.1,False,False,False,False,0,29.1,4,2,0,mobile_legit
1,3,8,163,225.5,False,False,False,False,0,62.1,7,3,1,careful_human_attacker
0,0,3,0,279.1,False,False,False,False,0,7.9,8,1,0,mobile_legit
0,0,2,149,198.5,True,False,False,False,0,9.1,12,1,0,casual_legit
4,0,5,0,,False,False,True,False,1,1.8,1,1,1,credential_stuffing_bot
0,0,2,160,230.5,True,False,False,False,0,35.9,9,5,0,legit_on_vpn
0,0,4,173,,False,False,False,True,0,106.6,11,3,0,casual_legit
0,0,3,14,,False,False,False,False,0,13.2,8,3,0,mobile_legit
0,0,2,166,224.6,False,False,False,False,0,7.6,8,1,0,casual_legit
5,1,22,0,22.8,True,False,True,True,1,1.2,0,2,1,credential_stuffing_bot
0,0,1,295,96.3,False,False,False,True,0,21.4,11,1,1,casual_legit
0,0,1,143,204.5,False,False,False,False,0,39.1,9,6,0,casual_legit
0,0,3,10,330.8,False,False,False,False,0,13.9,6,2,0,mobile_legit
0,0,3,159,173.3,False,False,False,False,0,19.4,12,3,0,casual_legit
0,0,3,181,205.9,False,False,False,False,0,57.5,7,2,0,casual_legit
0,0,3,227,273.5,True,False,False,False,0,114.3,11,2,0,casual_legit
0,0,2,83,197.3,True,False,False,False,0,100.6,14,4,0,casual_legit
0,0,4,120,265.2,False,False,False,False,0,5.5,10,1,0,casual_legit
1,1,2,218,215.2,False,False,False,False,0,58.7,13,3,0,casual_legit
0,0,3,200,230.4,False,False,False,True,0,5.2,8,2,0,casual_legit
0,0,2,134,241.6,False,False,False,False,0,5.4,3,2,0,casual_legit
4,1,5,209,215.3,True,False,True,False,0,9.5,9,2,1,careful_human_attacker
5,1,32,0,31.8,True,False,True,True,1,3.8,0,1,1,credential_stuffing_bot
3,0,45,1,17.8,False,False,True,True,1,0.9,0,1,1,credential_stuffing_bot
2,0,31,1,,False,False,True,False,0,1.8,0,2,1,credential_stuffing_bot
1,0,3,299,259.8,False,False,False,False,0,6.9,10,3,0,casual_legit
1,0,64,3,,True,True,True,False,0,2.3,0,16,1,scraper_bot
0,0,4,153,226.9,False,False,False,False,0,21.2,11,5,0,casual_legit
2,0,28,0,46.3,False,False,True,True,0,2.3,0,1,1,credential_stuffing_bot
3,0,11,7,44.4,True,False,True,True,2,2.5,1,5,0,repeat_offender
0,0,0,152,213.9,False,False,False,True,0,11.8,7,4,0,casual_legit
0,0,3,2,245.5,True,False,False,False,0,8.8,7,1,0,mobile_legit
2,1,3,159,222.0,False,False,False,False,0,22.0,13,2,0,legit_password_typo
0,0,1,198,272.0,False,False,False,False,0,27.7,5,3,0,casual_legit
0,0,2,8,303.5,False,False,False,False,1,32.7,8,2,0,mobile_legit
3,1,16,0,,True,True,True,False,0,1.9,0,1,1,credential_stuffing_bot
0,0,3,128,264.4,False,False,False,False,0,5.4,8,3,0,casual_legit
1,0,7,113,212.3,False,False,False,False,0,15.8,8,4,0,legit_password_typo
3,0,31,7,41.9,True,False,True,True,2,8.8,3,3,1,repeat_offender
0,0,1,55,390.3,False,False,False,False,0,12.9,5,2,1,mobile_legit
2,0,7,150,167.6,False,False,False,False,0,36.9,11,1,0,casual_legit
0,0,0,168,228.9,True,False,False,False,0,20.6,12,5,0,casual_legit
0,0,2,2,,False,False,True,False,0,14.9,3,3,0,mobile_legit
0,0,1,74,200.8,False,False,False,False,0,26.4,7,3,0,casual_legit
1,0,5,183,252.7,False,False,False,False,0,7.6,4,2,0,casual_legit
0,0,1,258,212.8,True,False,False,False,0,9.3,14,1,0,legit_on_vpn
4,1,29,2,,True,False,False,False,2,1.1,0,1,0,credential_stuffing_bot
0,1,32,1,15.0,True,False,False,False,0,0.8,0,15,1,scraper_bot
0,0,23,1,,True,True,True,False,1,1.6,0,17,1,scraper_bot
0,0,3,1,213.0,False,False,True,False,0,13.4,2,2,0,mobile_legit
0,0,1,6,361.1,False,False,False,False,0,12.5,7,2,0,mobile_legit
1,0,4,184,251.6,True,False,False,False,0,27.4,8,3,0,legit_on_vpn
0,0,0,200,208.3,False,False,False,True,0,8.8,8,1,0,casual_legit
0,0,2,234,188.3,False,False,False,False,0,106.7,7,4,0,casual_legit
0,0,3,199,221.0,False,False,False,True,0,66.8,8,2,0,casual_legit
0,0,3,158,218.2,False,False,False,False,0,6.6,11,1,0,casual_legit
0,1,2,139,211.8,False,False,False,False,0,69.0,4,3,0,casual_legit
0,0,5,229,159.6,False,True,False,False,0,6.1,11,1,0,casual_legit
4,0,18,1,,True,True,False,False,1,2.0,0,2,1,credential_stuffing_bot
0,2,18,5,74.6,False,False,True,False,3,1.8,1,4,1,repeat_offender
0,0,2,211,,False,False,False,False,0,45.2,13,2,0,legit_password_typo
0,0,2,159,241.7,False,False,False,False,0,28.5,11,4,0,casual_legit
0,0,0,182,276.0,False,False,False,True,0,80.3,7,3,0,casual_legit
0,0,4,3,250.3,False,False,False,False,0,20.6,3,4,0,mobile_legit
1,0,38,0,,False,True,True,False,0,0.4,1,18,1,scraper_bot
5,0,17,0,,True,False,True,True,0,0.7,1,2,1,credential_stuffing_bot
1,0,0,306,221.8,False,False,False,False,0,12.7,11,4,0,casual_legit
0,0,32,1,,False,True,True,True,0,0.7,0,10,1,scraper_bot
1,1,18,8,125.6,False,True,False,False,4,13.8,2,7,1,repeat_offender
1,1,12,73,170.7,False,False,False,True,0,16.1,6,2,1,careful_human_attacker
1,1,6,147,352.3,False,False,False,False,0,14.4,12,2,0,casual_legit
0,0,5,0,148.2,False,False,False,False,1,13.4,8,3,0,legit_password_typo
4,1,42,2,15.0,True,True,False,False,0,0.9,0,2,1,credential_stuffing_bot
0,0,48,0,,True,True,False,False,0,6.9,1,13,1,scraper_bot
2,2,13,12,,False,False,False,True,5,11.1,3,2,1,repeat_offender
0,0,0,13,,False,False,False,True,0,82.0,10,2,0,mobile_legit
0,0,0,18,218.8,False,False,False,False,0,52.1,2,1,0,mobile_legit
2,0,18,0,15.0,True,True,True,False,2,3.0,0,1,1,credential_stuffing_bot
0,0,2,189,271.0,False,False,False,False,0,25.2,8,1,1,casual_legit
1,2,13,8,117.7,True,False,False,True,2,7.2,3,6,1,repeat_offender
0,0,3,159,200.0,False,False,False,False,0,14.4,6,5,0,casual_legit
3,0,13,1,39.8,False,True,True,False,2,0.3,1,2,1,credential_stuffing_bot
0,0,5,10,286.0,False,False,False,False,0,31.8,7,3,0,mobile_legit
0,0,3,0,111.2,False,False,False,False,0,7.1,10,2,0,casual_legit
0,0,4,169,277.4,False,False,False,False,0,49.8,8,2,0,casual_legit
0,0,5,190,300.2,True,False,False,False,0,254.9,12,3,1,legit_on_vpn
4,4,12,191,142.1,True,True,False,True,0,50.0,11,3,1,careful_human_attacker
4,2,5,183,194.8,True,False,False,False,0,32.3,7,2,0,careful_human_attacker
1,0,5,290,148.8,False,False,False,False,0,14.4,13,1,0,legit_password_typo
1,0,34,1,56.5,False,True,False,True,0,4.0,0,17,1,scraper_bot
0,0,4,86,211.6,False,False,False,False,0,36.6,4,2,0,casual_legit
0,0,5,210,213.0,False,False,False,False,0,23.3,10,2,0,casual_legit
0,0,3,19,311.4,False,False,False,False,0,60.4,5,3,0,mobile_legit
0,0,2,12,283.9,False,False,False,True,0,6.9,4,1,0,mobile_legit
2,2,27,9,68.0,False,True,False,False,4,4.7,1,1,1,repeat_offender
0,0,58,0,,True,True,True,False,0,3.0,0,11,1,scraper_bot
0,0,2,2,,False,False,False,False,0,29.9,7,4,0,mobile_legit
0,0,2,218,217.8,False,False,False,False,0,35.6,7,3,0,casual_legit
2,1,6,12,133.1,True,True,True,True,3,6.8,1,3,1,repeat_offender
3,0,13,11,47.5,False,False,False,True,2,9.3,1,3,1,repeat_offender
0,0,1,209,220.6,False,False,False,False,0,80.7,7,4,0,casual_legit
6,1,1,88,205.8,True,False,False,False,1,33.8,8,5,1,careful_human_attacker
0,0,3,213,302.9,False,False,False,True,0,74.1,17,3,0,casual_legit
1,0,5,265,236.9,False,False,False,False,0,18.0,12,4,0,casual_legit
0,0,1,302,205.8,False,False,False,False,0,38.6,10,3,0,casual_legit
0,0,2,1,181.4,False,False,False,False,0,12.6,7,5,0,mobile_legit
2,1,14,87,,False,False,False,False,1,5.0,7,3,1,careful_human_attacker
0,0,3,128,230.6,False,False,False,False,0,48.9,9,4,0,casual_legit
0,0,2,190,193.3,False,False,False,False,0,11.9,8,3,0,casual_legit
0,0,3,170,264.9,False,False,True,True,0,68.8,7,2,0,casual_legit
0,0,68,0,,False,True,True,False,0,0.7,1,16,1,scraper_bot
0,0,6,252,205.7,False,False,False,False,0,44.8,13,1,0,casual_legit
5,2,5,194,217.6,False,False,False,False,1,16.5,5,3,1,careful_human_attacker
0,0,2,235,234.0,False,False,False,False,0,31.4,4,3,0,casual_legit
0,1,3,147,197.6,True,False,False,False,0,35.8,12,4,0,legit_on_vpn
1,0,4,160,188.1,False,False,False,False,0,41.6,10,3,0,casual_legit
0,0,3,14,199.9,False,False,False,False,0,5.5,6,1,0,mobile_legit
0,0,52,0,,False,False,True,True,0,1.5,1,16,1,scraper_bot
0,0,4,157,,False,False,False,False,0,10.1,7,1,0,casual_legit
1,1,2,170,307.5,False,False,False,False,0,63.1,19,1,0,legit_password_typo
1,0,5,210,196.1,False,False,False,False,0,30.2,10,3,0,casual_legit
0,1,3,270,138.9,False,False,False,False,0,11.3,12,3,0,casual_legit
0,0,4,234,215.7,False,False,False,False,0,93.7,6,1,0,casual_legit
1,0,4,140,267.7,False,False,False,False,0,13.9,10,4,0,legit_password_typo
0,0,0,197,310.6,True,False,False,False,0,44.4,10,2,0,legit_on_vpn
0,0,28,0,,False,True,True,False,2,1.8,0,11,1,scraper_bot
2,1,5,99,236.3,False,False,False,True,1,22.1,6,4,1,careful_human_attacker
0,0,6,248,257.6,True,False,True,False,0,77.1,9,3,0,legit_on_vpn
1,0,9,0,,False,True,False,False,0,1.1,0,14,1,scraper_bot
3,0,6,304,260.2,False,False,False,False,0,58.8,14,2,0,legit_password_typo
0,0,5,178,195.0,True,False,False,False,0,22.6,6,2,0,legit_on_vpn
0,0,5,159,214.0,False,False,False,True,0,215.8,6,1,0,casual_legit
0,0,4,255,164.3,False,False,False,False,0,14.5,5,2,0,casual_legit
2,1,5,64,193.2,True,False,False,False,1,15.7,7,2,1,careful_human_attacker
1,0,3,106,206.2,True,False,False,False,0,37.6,3,2,0,casual_legit
2,0,40,1,40.1,True,True,True,False,1,0.8,0,1,1,credential_stuffing_bot
0,1,47,0,,False,True,True,False,1,3.1,1,17,1,scraper_bot
1,0,0,1,,False,False,False,True,1,2.4,2,2,1,credential_stuffing_bot
1,1,6,8,94.0,False,False,False,True,4,2.1,2,5,1,repeat_offender
5,2,17,0,,True,True,False,True,1,0.6,0,1,1,credential_stuffing_bot
0,1,11,8,129.5,True,True,True,True,0,2.4,0,4,1,repeat_offender
0,0,2,11,226.8,True,False,False,False,0,16.7,5,4,0,mobile_legit
0,0,3,119,290.8,False,False,False,False,0,8.7,12,4,0,casual_legit
1,1,3,238,,False,False,False,False,0,20.8,10,3,0,legit_password_typo
5,1,6,0,,False,False,False,True,1,0.7,0,1,1,credential_stuffing_bot
0,0,46,1,,True,True,True,False,1,0.7,1,16,1,scraper_bot
3,1,12,0,43.4,False,True,True,True,0,0.8,0,1,1,credential_stuffing_bot
0,0,20,0,41.0,False,False,True,True,0,5.0,0,19,1,scraper_bot
0,0,4,175,249.5,False,False,False,False,0,15.3,10,3,0,casual_legit
5,0,35,0,,False,False,False,True,1,1.1,0,1,1,credential_stuffing_bot
1,0,1,25,226.5,False,False,False,False,0,118.2,4,1,1,mobile_legit
0,0,5,247,159.5,False,False,False,False,0,11.0,11,5,0,casual_legit
0,0,0,35,146.9,False,False,False,False,0,36.2,8,3,0,casual_legit
1,0,42,0,38.4,False,True,True,True,0,1.4,0,19,1,scraper_bot
0,0,5,89,161.3,False,False,False,False,0,47.6,11,5,0,casual_legit
1,0,2,249,273.2,False,False,False,False,0,15.2,9,3,0,legit_password_typo
7,0,10,0,34.4,False,True,False,True,0,2.5,1,3,1,credential_stuffing_bot
2,0,5,147,272.6,False,False,False,False,0,26.3,13,4,0,casual_legit
1,0,4,88,226.9,False,False,False,False,0,32.7,8,1,0,casual_legit
5,0,19,0,35.2,True,False,False,False,1,1.4,0,1,1,credential_stuffing_bot
0,0,0,153,148.8,False,False,False,False,0,8.0,15,4,0,casual_legit
0,0,4,141,259.3,False,False,False,False,0,114.5,7,1,0,casual_legit
0,0,2,149,245.3,False,False,False,False,0,22.4,19,2,0,legit_password_typo
0,0,4,46,233.2,False,False,False,True,0,34.3,4,1,0,casual_legit
0,0,3,173,268.7,False,False,False,False,0,33.4,7,1,0,casual_legit
0,0,3,242,211.6,False,False,False,False,0,7.7,12,4,0,casual_legit
3,1,12,228,272.1,False,False,False,True,0,20.4,14,3,1,careful_human_attacker
0,0,1,197,223.3,False,False,False,False,0,8.9,9,2,0,casual_legit
0,0,2,4,262.6,False,False,False,False,0,6.9,8,2,0,mobile_legit
0,1,3,16,304.3,False,False,False,False,0,5.0,5,2,0,mobile_legit
5,3,5,184,,False,False,False,True,1,14.1,11,2,1,careful_human_attacker
1,1,5,229,253.4,False,False,False,False,0,7.1,5,3,0,casual_legit
0,1,2,15,295.1,False,False,False,False,0,41.4,3,2,0,mobile_legit
2,0,3,15,287.2,False,False,False,True,0,17.3,1,1,0,mobile_legit
0,0,4,313,218.8,False,False,False,False,0,39.8,8,2,0,casual_legit
4,0,3,60,225.1,False,False,True,True,1,9.0,12,3,1,careful_human_attacker
2,1,0,0,,True,True,False,True,3,0.5,0,1,1,credential_stuffing_bot
1,0,2,176,188.0,False,False,False,False,0,45.0,14,3,0,casual_legit
4,0,15,7,113.9,True,False,False,False,0,19.6,4,6,1,repeat_offender
0,0,3,286,173.5,False,False,False,False,0,5.8,8,4,0,casual_legit
0,1,2,22,262.2,False,False,False,False,0,25.7,3,3,0,mobile_legit
1,2,16,117,166.8,True,False,False,True,2,24.7,5,7,1,careful_human_attacker
0,0,3,282,240.8,False,False,False,True,0,62.7,5,2,0,casual_legit
0,0,3,5,376.3,False,False,False,False,0,10.8,6,1,0,mobile_legit
0,0,1,0,213.6,False,False,False,True,0,15.7,5,2,0,mobile_legit
0,0,31,1,,False,False,True,False,0,5.2,2,22,1,scraper_bot
4,2,5,15,50.2,False,False,True,False,0,11.2,1,3,1,repeat_offender
0,0,2,21,258.7,False,False,False,False,0,9.0,7,2,0,casual_legit
0,0,6,296,207.6,False,False,False,False,0,46.3,11,1,0,casual_legit
0,0,2,22,334.9,False,False,False,False,0,11.5,5,1,0,mobile_legit
0,0,4,36,221.1,False,False,False,False,0,40.8,7,2,1,casual_legit
6,2,15,0,38.1,True,True,True,True,1,0.6,1,1,1,credential_stuffing_bot
0,0,1,19,,False,False,False,False,0,59.4,3,4,0,mobile_legit
5,1,23,0,26.3,True,False,True,True,2,1.3,2,1,1,credential_stuffing_bot
4,0,0,10,72.5,True,True,False,False,4,5.6,0,5,0,repeat_offender
0,0,1,178,191.0,False,False,False,False,0,5.2,13,3,0,casual_legit
2,2,3,225,95.8,False,True,False,False,0,4.3,7,7,1,careful_human_attacker
0,0,2,124,176.9,False,False,False,False,0,69.8,6,1,0,legit_password_typo
0,0,2,121,278.4,True,False,False,False,0,24.7,12,2,0,legit_on_vpn
0,0,39,0,,False,True,False,False,0,0.4,2,14,1,scraper_bot
0,0,6,175,251.0,False,False,False,False,0,34.1,9,1,0,casual_legit
3,0,7,202,265.6,False,False,False,False,0,16.0,14,1,0,legit_password_typo
0,0,17,0,61.5,False,False,True,True,0,0.9,0,20,1,scraper_bot
0,0,5,267,223.2,False,False,False,False,0,58.2,5,5,0,casual_legit
0,0,3,222,282.6,False,False,False,True,0,77.6,7,3,0,casual_legit
3,2,11,158,225.4,False,True,False,False,1,44.2,9,4,1,careful_human_attacker
0,0,5,193,261.9,False,False,False,False,0,15.8,13,1,0,casual_legit
0,0,2,146,204.5,False,True,False,False,0,23.9,7,6,0,casual_legit
0,0,4,174,300.5,False,False,False,True,0,48.2,9,2,0,casual_legit
1,0,42,1,44.1,True,False,True,False,0,1.6,1,21,1,scraper_bot
0,0,3,36,330.0,False,False,False,False,0,20.9,10,2,0,mobile_legit
1,0,2,29,,False,False,False,False,0,39.1,6,2,0,mobile_legit
0,0,22,0,,False,True,True,False,0,1.0,3,12,1,scraper_bot
0,0,2,204,210.6,True,False,False,False,0,54.9,10,2,0,legit_on_vpn
0,0,4,183,201.7,False,False,False,False,0,36.2,11,5,0,casual_legit
1,0,51,1,,False,True,True,False,0,3.5,0,11,1,scraper_bot
4,1,17,0,24.6,True,True,False,False,1,0.3,0,1,1,credential_stuffing_bot
0,0,4,151,231.5,False,False,False,False,0,21.2,5,3,0,casual_legit
0,0,4,132,277.5,False,False,False,False,0,23.8,18,5,0,casual_legit
5,0,8,109,191.1,True,False,True,False,2,17.9,9,4,1,careful_human_attacker
4,1,6,166,199.9,True,False,False,False,0,68.2,11,5,1,careful_human_attacker
0,0,5,198,226.8,False,False,False,False,0,22.6,13,1,0,casual_legit
0,1,4,126,233.3,True,False,False,False,0,18.2,15,3,0,legit_on_vpn
2,1,30,0,,True,True,False,False,2,1.6,2,1,1,credential_stuffing_bot
1,1,7,11,62.0,False,True,False,False,3,8.4,4,4,1,repeat_offender
1,0,1,26,320.5,False,False,False,False,0,42.0,6,1,0,mobile_legit
2,2,2,223,231.7,False,True,True,True,0,147.4,10,4,1,careful_human_attacker
0,1,1,48,265.8,False,False,False,True,0,27.5,8,1,0,mobile_legit
1,1,9,47,,True,False,False,False,1,25.2,3,6,1,careful_human_attacker
7,1,13,1,,True,True,True,False,0,1.3,0,1,1,credential_stuffing_bot
0,0,30,1,,True,False,True,True,1,3.2,2,14,1,scraper_bot
0,1,1,12,237.7,False,False,False,False,0,49.4,9,3,0,mobile_legit
0,0,4,147,234.2,False,False,False,False,0,24.9,11,3,0,casual_legit
0,0,0,155,320.6,False,False,False,False,0,85.2,13,2,0,casual_legit
3,1,17,1,44.4,True,False,True,False,0,0.8,1,2,1,credential_stuffing_bot
7,0,12,1,39.5,True,True,True,False,1,1.3,0,1,1,credential_stuffing_bot
4,1,16,1,55.1,False,False,False,False,0,1.3,0,2,1,credential_stuffing_bot
5,0,20,0,,False,False,False,False,2,4.0,0,1,1,credential_stuffing_bot
5,3,16,175,230.2,False,False,False,False,1,8.5,4,3,1,careful_human_attacker
0,0,3,65,145.3,True,False,False,False,0,43.0,13,2,0,legit_on_vpn
2,2,12,232,183.7,True,False,True,False,0,9.9,11,2,1,careful_human_attacker
0,0,4,11,245.9,False,False,False,False,0,62.7,12,1,0,casual_legit
0,0,3,5,307.8,False,False,False,False,0,24.7,3,3,0,mobile_legit
0,0,3,130,309.2,False,False,False,False,0,13.7,9,1,0,casual_legit
1,0,4,90,197.1,False,False,False,False,0,45.1,8,2,0,legit_password_typo
0,0,5,154,214.8,False,False,False,True,0,74.2,8,1,0,legit_on_vpn
0,0,3,193,,False,False,False,False,0,29.0,20,2,0,casual_legit
5,0,30,1,58.8,False,False,True,False,0,1.9,0,1,1,credential_stuffing_bot
0,0,3,38,298.9,False,False,False,False,0,32.2,10,6,0,casual_legit
0,0,2,104,,False,False,False,False,0,34.8,7,5,0,casual_legit
1,0,3,176,211.7,False,False,False,True,0,27.6,8,1,0,casual_legit
0,0,1,23,,False,False,False,False,0,58.2,5,2,0,mobile_legit
3,1,20,0,,True,False,True,True,2,2.2,0,4,1,credential_stuffing_bot
0,0,2,280,222.8,False,False,False,False,0,37.1,16,6,0,casual_legit
1,1,13,13,50.6,True,False,False,False,0,8.8,0,4,1,repeat_offender
0,1,4,76,275.7,True,False,False,True,0,42.2,12,2,0,legit_on_vpn
0,0,5,32,197.6,False,False,False,True,0,19.8,9,2,0,casual_legit
1,2,55,0,40.4,False,True,True,True,1,2.9,0,1,1,credential_stuffing_bot
2,1,42,0,65.1,False,False,False,False,1,0.4,0,2,1,credential_stuffing_bot
0,0,2,149,263.7,True,False,False,False,0,20.3,7,3,1,legit_on_vpn
0,0,3,22,170.3,False,False,False,False,0,13.0,3,2,0,mobile_legit
0,1,6,228,188.3,False,False,False,False,0,124.9,10,2,0,legit_password_typo
0,0,0,0,,False,False,False,False,0,14.4,3,2,0,mobile_legit
1,0,2,161,141.4,False,False,False,False,0,43.8,4,1,0,legit_password_typo
1,0,21,1,43.5,False,True,True,True,0,0.7,0,15,1,scraper_bot
4,1,33,3,48.8,True,False,True,False,0,2.1,0,2,1,credential_stuffing_bot
0,0,3,114,270.3,False,False,False,False,1,12.1,6,2,0,casual_legit
0,0,2,133,207.7,False,False,False,False,0,6.8,8,6,0,casual_legit
3,0,22,1,26.7,False,False,True,True,1,4.2,0,1,1,credential_stuffing_bot
4,0,7,124,200.7,False,False,False,True,0,4.3,7,2,1,careful_human_attacker
1,0,4,170,157.3,False,False,False,False,0,52.7,14,2,0,casual_legit
0,0,0,1,,False,True,True,False,2,1.8,1,12,1,scraper_bot
0,0,0,245,198.9,False,False,False,False,0,40.9,7,1,0,casual_legit
6,2,26,0,,True,True,True,True,0,3.5,0,2,1,credential_stuffing_bot
0,0,3,221,183.9,False,False,False,False,0,25.2,11,1,0,casual_legit
4,2,10,186,,False,False,True,True,2,34.9,5,6,1,careful_human_attacker
0,0,2,22,257.5,False,False,False,True,0,42.3,4,2,0,mobile_legit
0,0,2,178,302.8,False,False,False,False,0,30.8,9,3,0,casual_legit
0,0,5,229,144.8,True,False,False,False,0,114.3,5,3,0,casual_legit
0,0,32,0,,False,True,True,False,1,1.6,3,14,1,scraper_bot
4,0,19,169,,False,False,False,False,0,12.2,12,5,1,careful_human_attacker
4,0,13,0,,False,False,False,True,0,1.8,1,1,1,credential_stuffing_bot
0,1,53,0,,True,True,True,True,0,0.5,0,21,0,scraper_bot
4,0,4,237,194.3,False,False,False,True,1,15.0,9,3,0,legit_password_typo
2,0,25,9,176.1,False,False,False,False,2,1.8,3,2,1,repeat_offender
0,0,2,211,277.3,True,False,False,True,0,31.1,7,1,0,legit_on_vpn
8,0,32,1,18.4,True,True,False,False,1,2.8,0,1,1,credential_stuffing_bot
1,1,8,199,290.3,True,False,False,True,0,10.2,6,3,1,careful_human_attacker
1,0,1,25,163.7,False,False,False,False,0,10.7,5,1,0,mobile_legit
2,1,11,152,197.3,False,False,False,False,2,45.4,7,4,0,careful_human_attacker
2,0,4,115,170.3,False,False,False,False,0,11.9,9,1,0,legit_password_typo
1,0,5,148,178.5,False,False,False,False,0,10.5,7,2,0,casual_legit
0,0,3,175,308.5,False,False,False,False,0,28.1,12,2,0,casual_legit
1,0,4,155,253.1,False,False,False,False,0,123.1,9,4,0,legit_password_typo
1,0,2,161,176.3,False,False,False,False,0,42.5,11,1,0,casual_legit
1,1,21,7,69.2,False,True,False,True,0,1.7,3,4,1,repeat_offender
0,0,4,175,,False,False,False,False,0,34.3,8,2,0,casual_legit
0,0,1,6,349.0,False,False,False,False,0,5.1,3,1,0,mobile_legit
0,0,1,199,280.1,False,False,False,True,0,26.3,7,3,0,casual_legit
0,0,3,164,292.4,False,False,False,False,0,95.5,7,3,0,casual_legit
0,0,0,5,,False,False,False,False,0,5.8,12,2,0,mobile_legit
1,0,4,91,162.8,True,False,False,False,0,24.0,6,2,0,legit_on_vpn
0,0,3,197,232.0,False,False,False,False,0,43.6,7,3,0,casual_legit
0,0,41,0,,False,False,True,False,0,1.7,2,20,1,scraper_bot
3,3,8,5,91.3,True,True,False,True,2,6.5,4,3,1,repeat_offender
0,0,39,1,30.4,False,True,True,True,0,3.8,0,17,1,scraper_bot
2,1,8,152,227.1,False,False,False,True,1,17.4,6,4,1,careful_human_attacker
1,0,4,263,297.9,False,False,False,True,0,30.8,6,1,0,casual_legit
0,0,62,0,,True,False,True,False,2,0.5,0,17,1,scraper_bot
0,0,3,287,259.4,False,False,False,False,0,20.3,5,4,0,casual_legit
0,0,0,215,130.1,False,False,False,False,0,70.4,8,3,0,legit_password_typo
0,0,3,19,,False,False,False,False,0,10.5,7,3,0,mobile_legit
2,0,2,112,186.3,False,False,False,True,0,26.2,9,2,0,legit_password_typo
0,0,1,12,299.8,False,False,False,False,0,29.9,4,3,0,mobile_legit
0,0,30,1,,False,True,True,False,0,3.4,0,12,1,scraper_bot
1,0,2,201,164.3,False,False,False,True,0,33.9,7,3,0,legit_password_typo
5,0,43,0,,True,False,False,True,2,2.0,0,1,1,credential_stuffing_bot
0,0,38,0,15.0,False,True,False,True,0,1.4,1,13,1,scraper_bot
0,1,3,181,201.7,False,False,False,False,0,8.7,15,2,0,casual_legit
2,0,6,201,136.0,False,False,False,False,0,60.2,9,3,0,legit_password_typo
0,0,2,4,329.7,False,False,False,False,0,44.7,9,2,0,mobile_legit
0,0,36,0,,False,True,False,False,0,3.8,1,15,1,scraper_bot
0,0,2,13,330.1,False,False,False,False,0,17.0,6,2,0,mobile_legit
0,0,3,26,350.4,False,False,False,False,0,7.6,10,1,0,mobile_legit
4,1,36,0,15.0,True,True,True,True,0,2.4,0,2,1,credential_stuffing_bot
0,0,3,36,261.0,False,False,False,False,0,59.9,9,3,0,mobile_legit
0,0,46,2,32.7,False,True,True,True,0,7.1,1,17,1,scraper_bot
0,0,2,244,240.5,False,False,False,False,0,74.9,8,1,0,casual_legit
4,0,26,0,34.6,True,False,True,False,1,2.2,1,2,1,credential_stuffing_bot
0,0,0,200,243.6,False,False,False,False,0,153.8,8,2,0,casual_legit
0,0,2,258,266.3,False,False,False,False,0,18.6,11,3,0,casual_legit
0,0,2,0,146.1,False,False,False,True,0,40.9,5,2,0,mobile_legit
3,0,12,0,,True,True,False,False,1,1.0,0,1,1,credential_stuffing_bot
1,0,3,233,,True,True,False,True,0,57.7,9,1,0,legit_on_vpn
5,1,34,0,17.0,False,True,False,False,1,0.5,1,2,1,credential_stuffing_bot
4,2,8,115,,True,False,False,True,1,35.2,9,4,1,careful_human_attacker
2,0,4,148,190.0,False,False,False,False,0,36.8,16,2,0,legit_password_typo
2,0,5,205,169.2,False,False,False,False,0,81.8,12,2,0,legit_password_typo
0,0,3,191,142.4,False,False,False,False,0,59.7,14,3,0,casual_legit
0,0,2,224,218.4,False,False,False,False,0,9.8,11,1,0,casual_legit
0,0,3,52,197.0,True,False,False,True,0,43.0,15,2,0,legit_on_vpn
0,0,5,74,264.4,False,False,False,False,0,36.6,9,1,0,casual_legit
0,1,3,261,241.5,False,False,False,False,0,24.1,10,2,0,casual_legit
5,1,5,158,236.2,False,True,False,True,0,41.8,8,2,1,careful_human_attacker
0,0,23,0,,True,True,True,False,1,1.3,1,17,1,scraper_bot
0,0,2,228,214.7,False,False,False,False,0,29.3,11,3,0,casual_legit
3,1,14,3,87.9,False,False,False,True,2,6.6,2,3,1,repeat_offender
1,2,9,203,291.3,True,False,False,True,0,39.9,6,5,1,careful_human_attacker
0,0,22,9,133.5,False,False,False,False,2,1.7,1,4,1,repeat_offender
1,0,2,127,315.6,False,False,False,False,0,24.8,5,3,0,casual_legit
0,0,8,135,302.3,True,False,False,False,0,12.8,6,1,0,legit_on_vpn
0,0,3,247,203.2,False,False,False,False,1,95.3,8,4,0,casual_legit
1,0,0,192,220.5,True,False,False,False,0,12.5,12,2,0,legit_on_vpn
3,0,3,23,188.9,False,False,False,False,0,68.9,8,1,0,legit_password_typo
0,0,6,150,261.2,False,False,False,False,0,25.7,8,3,0,casual_legit
0,0,2,28,341.9,False,False,False,False,0,48.8,9,1,0,mobile_legit
0,0,3,5,304.4,False,False,False,False,0,113.2,8,3,0,mobile_legit
0,0,2,35,261.7,False,False,False,False,0,50.3,3,4,0,mobile_legit
2,0,4,119,231.0,True,False,False,False,0,107.8,12,3,0,legit_on_vpn
1,0,50,1,44.1,True,False,False,False,0,2.2,0,20,1,scraper_bot
0,0,2,209,200.6,False,False,False,False,0,5.7,13,4,0,casual_legit
1,0,16,0,,True,False,True,True,3,1.9,0,2,1,credential_stuffing_bot
0,0,3,20,,False,False,False,False,0,21.8,5,2,0,mobile_legit
0,0,3,218,195.4,False,False,False,False,0,9.3,10,1,0,casual_legit
1,0,4,201,227.4,False,False,False,False,0,39.6,7,2,0,casual_legit
0,0,2,309,222.6,False,False,False,False,0,87.6,9,1,0,casual_legit
0,0,5,190,204.1,False,False,False,True,0,7.3,10,3,0,casual_legit
0,0,4,266,,False,False,False,False,0,65.9,7,4,0,legit_password_typo
0,0,4,177,310.4,False,False,False,True,0,44.8,17,3,0,legit_password_typo
0,0,3,8,159.4,False,False,False,False,0,50.8,9,2,0,casual_legit
0,0,4,225,233.4,False,False,False,False,0,6.8,6,3,1,casual_legit
2,0,2,140,219.8,True,False,True,False,0,11.5,7,1,0,legit_on_vpn
0,0,0,107,244.2,False,False,False,False,0,89.4,9,7,0,casual_legit
0,0,6,193,88.8,False,False,False,False,0,24.1,8,4,0,casual_legit
0,0,45,0,63.3,True,True,True,False,1,2.4,0,10,1,scraper_bot
0,0,5,63,261.5,False,False,False,False,0,13.9,12,2,0,casual_legit
1,0,22,2,,False,True,False,False,0,1.0,0,17,1,scraper_bot
0,0,4,4,,False,False,False,True,0,76.7,5,1,0,mobile_legit
0,0,0,307,190.6,False,False,False,False,0,86.3,6,3,0,casual_legit
0,0,2,73,201.6,False,False,False,True,0,8.3,10,1,1,casual_legit
2,0,7,7,73.2,False,False,False,False,1,2.6,2,4,1,repeat_offender
1,2,19,9,,True,False,True,True,2,14.3,3,5,1,repeat_offender
1,0,5,239,158.0,True,False,False,False,0,23.4,7,2,0,legit_on_vpn
4,1,17,0,,False,True,False,False,0,2.9,0,1,1,credential_stuffing_bot
0,0,4,185,234.1,False,False,False,False,0,10.0,11,4,0,casual_legit
1,3,10,85,218.4,False,False,True,False,1,39.4,6,3,1,careful_human_attacker
0,0,21,9,78.9,True,False,False,False,3,7.2,1,3,1,repeat_offender
0,0,2,189,203.1,False,False,False,False,0,32.9,4,1,0,casual_legit
0,0,24,1,,False,False,True,False,0,0.8,0,11,1,scraper_bot
0,0,48,0,40.5,False,False,False,False,1,4.0,0,19,1,scraper_bot
4,0,26,0,31.4,True,True,True,False,0,1.2,1,2,1,credential_stuffing_bot
2,0,1,176,306.2,False,False,False,False,0,8.3,6,2,0,legit_password_typo
3,0,40,0,15.4,True,False,True,False,0,2.6,1,2,1,credential_stuffing_bot
0,1,3,5,204.1,False,False,False,False,0,37.5,5,2,0,mobile_legit
6,3,11,221,164.6,True,False,False,True,1,14.0,5,5,1,careful_human_attacker
0,0,3,0,255.5,False,False,False,False,0,12.4,10,1,0,casual_legit
4,3,7,226,127.1,True,False,False,True,0,32.3,9,3,1,careful_human_attacker
0,0,59,0,,False,True,True,False,0,3.3,0,15,1,scraper_bot
0,0,5,247,,False,False,False,False,0,20.2,12,3,0,casual_legit
0,0,2,12,321.9,False,False,False,False,0,91.6,2,2,0,mobile_legit
2,0,4,262,212.9,False,False,False,False,0,26.8,6,1,0,casual_legit
0,0,3,137,233.5,True,False,False,False,0,58.4,6,1,0,legit_on_vpn
0,0,4,237,228.6,True,False,False,False,0,8.3,8,2,0,legit_on_vpn
2,0,8,11,80.3,True,True,False,False,0,1.6,1,5,0,repeat_offender
0,0,4,149,239.4,False,False,False,False,1,78.0,11,2,0,casual_legit
0,0,3,195,256.6,False,False,False,False,0,70.6,13,2,0,casual_legit
2,3,8,107,107.1,False,False,False,False,0,29.4,8,4,1,careful_human_attacker
0,0,4,165,241.4,False,False,False,False,0,39.0,8,4,0,casual_legit
0,0,2,195,213.6,False,False,False,False,0,22.5,6,4,0,casual_legit
4,2,14,190,169.5,True,False,False,False,0,75.5,10,5,1,careful_human_attacker
3,0,39,2,20.5,False,False,True,False,4,2.9,0,1,1,credential_stuffing_bot
0,0,4,168,276.7,True,False,False,False,0,180.2,11,2,0,legit_on_vpn
3,3,7,168,104.3,True,False,False,False,3,15.6,12,1,1,careful_human_attacker
3,3,8,165,215.0,False,False,False,True,0,15.5,5,7,1,careful_human_attacker
1,0,1,160,85.6,False,False,False,False,1,29.2,6,4,0,legit_password_typo
4,0,40,0,15.0,False,True,True,True,1,1.5,0,2,1,credential_stuffing_bot
1,1,6,135,215.4,False,False,False,False,0,36.5,11,1,0,legit_password_typo
2,0,28,0,,False,True,False,False,0,0.3,0,2,1,credential_stuffing_bot
4,2,17,0,43.7,True,True,False,False,1,4.2,0,1,1,credential_stuffing_bot
1,1,7,9,235.8,True,False,False,True,0,26.1,11,5,1,careful_human_attacker
2,3,37,0,15.8,True,False,True,True,0,0.8,0,1,1,credential_stuffing_bot
1,0,4,281,156.0,False,False,False,True,0,45.3,10,2,0,casual_legit
0,0,2,218,274.3,False,False,False,False,0,33.5,12,5,0,casual_legit
0,0,1,28,354.6,False,False,False,False,0,145.0,6,2,0,mobile_legit
0,0,2,289,241.2,True,False,False,False,0,6.3,7,4,0,legit_on_vpn
1,0,4,93,239.9,False,False,False,False,0,33.0,6,2,0,casual_legit
4,4,5,12,185.5,True,False,False,True,2,63.7,5,4,1,careful_human_attacker
4,1,19,0,,True,True,False,False,0,4.3,1,2,1,credential_stuffing_bot
3,2,35,0,15.0,False,False,True,False,3,4.7,0,1,1,credential_stuffing_bot
0,1,2,151,302.2,False,False,False,False,0,21.2,10,2,0,casual_legit
0,0,1,14,337.9,False,False,False,False,0,33.8,5,2,0,mobile_legit
0,0,2,96,263.1,False,False,False,False,0,42.7,11,2,0,casual_legit
0,0,17,1,,True,True,True,False,0,1.2,1,10,1,scraper_bot
0,0,4,27,186.2,False,False,False,False,0,40.6,9,3,0,casual_legit
0,0,0,196,275.1,False,False,False,False,0,16.8,7,1,0,casual_legit
3,3,30,0,34.2,False,False,False,True,1,1.1,0,2,1,credential_stuffing_bot
0,0,3,157,222.8,False,False,False,False,0,71.6,13,4,0,casual_legit
2,0,1,47,225.9,False,True,False,True,0,15.2,8,5,1,careful_human_attacker
6,0,16,0,22.9,True,True,True,False,0,0.6,1,2,1,credential_stuffing_bot
0,0,2,209,290.1,True,False,False,False,0,45.4,16,4,0,legit_on_vpn
4,3,9,91,173.6,False,True,False,False,0,4.2,8,6,1,careful_human_attacker
0,0,4,139,174.9,False,False,False,False,0,33.6,5,2,0,casual_legit
0,0,1,26,334.5,False,False,False,True,1,45.2,5,1,0,mobile_legit
0,0,2,130,215.9,False,False,False,False,0,9.2,6,3,0,casual_legit
1,2,20,15,83.7,False,False,False,False,2,10.6,2,4,1,repeat_offender
3,2,9,152,177.0,False,False,False,True,0,53.6,9,2,1,careful_human_attacker
0,0,2,190,225.8,False,False,False,False,0,19.9,7,2,0,casual_legit
0,0,18,0,,False,False,True,True,1,1.8,0,17,0,scraper_bot
4,0,29,0,29.5,True,False,False,False,0,1.2,1,1,1,credential_stuffing_bot
4,1,26,0,,True,True,True,True,2,1.3,0,1,1,credential_stuffing_bot
0,0,12,0,81.2,False,True,True,False,0,2.2,2,8,1,scraper_bot
0,0,66,0,,False,False,True,False,0,2.0,1,15,1,scraper_bot
0,0,5,7,340.6,False,False,False,False,0,35.5,4,2,0,mobile_legit
7,1,29,1,15.0,True,False,True,False,0,0.8,0,2,1,credential_stuffing_bot
1,0,5,106,250.3,False,False,False,False,0,26.0,14,2,0,legit_password_typo
6,1,36,0,,False,False,True,True,3,3.0,0,1,1,credential_stuffing_bot
1,0,5,15,394.0,False,False,False,False,0,6.1,5,1,0,mobile_legit
0,0,5,51,266.0,False,False,False,False,0,33.4,7,3,0,casual_legit
0,0,0,39,383.0,False,False,False,False,0,4.8,7,1,0,mobile_legit
7,0,3,144,207.6,False,False,False,False,0,19.0,4,5,1,careful_human_attacker
1,3,4,236,265.3,False,False,False,False,0,10.3,9,2,1,careful_human_attacker
3,2,2,29,222.6,False,False,True,False,1,14.4,3,3,1,careful_human_attacker
2,0,29,0,,True,True,False,False,0,1.7,0,3,1,credential_stuffing_bot
1,0,5,124,257.9,False,False,False,False,0,30.0,11,2,0,casual_legit
5,1,14,0,46.2,True,False,False,False,2,2.5,0,1,1,credential_stuffing_bot
0,0,5,124,237.6,True,False,False,False,0,50.6,10,2,0,legit_on_vpn
0,0,5,203,251.0,False,False,False,False,0,71.7,7,4,0,casual_legit
0,0,0,22,286.4,False,False,False,False,0,77.3,6,1,0,mobile_legit
2,0,5,221,163.1,False,False,False,False,0,38.7,6,3,0,casual_legit
5,1,32,0,45.3,True,False,False,False,1,0.5,1,2,1,credential_stuffing_bot
0,0,3,12,404.3,False,False,False,False,0,59.4,6,2,0,mobile_legit
1,0,0,0,221.8,False,False,False,False,0,95.2,10,3,0,mobile_legit
1,0,3,326,230.4,False,False,False,False,0,31.7,10,1,0,casual_legit
3,0,12,0,,False,True,False,True,0,0.2,0,1,1,credential_stuffing_bot
0,0,3,242,240.8,False,False,False,False,0,21.4,13,1,0,casual_legit
0,0,2,15,207.6,True,False,False,True,0,15.2,6,1,0,mobile_legit
0,0,4,24,,False,False,False,False,0,36.1,5,2,0,mobile_legit
1,0,3,2,406.4,False,False,False,False,0,56.1,8,4,0,mobile_legit
0,0,2,242,216.7,False,False,False,False,0,53.1,10,1,0,casual_legit
0,0,4,42,,False,False,False,False,0,23.1,4,2,0,mobile_legit
2,2,5,173,251.2,True,False,False,False,0,14.3,7,3,1,careful_human_attacker
5,0,28,0,15.0,False,True,True,False,1,0.6,1,1,1,credential_stuffing_bot
5,0,22,1,64.5,True,False,True,False,1,1.5,0,4,1,credential_stuffing_bot
1,0,1,8,247.1,False,False,False,False,0,8.0,1,5,0,mobile_legit
0,0,2,171,205.6,False,False,False,True,0,89.1,8,3,0,casual_legit
0,0,12,0,42.1,True,False,False,False,0,2.5,0,16,1,scraper_bot
0,0,5,22,223.9,False,False,False,False,0,24.1,7,2,0,mobile_legit
4,1,29,0,26.6,True,False,False,False,2,0.4,1,1,1,credential_stuffing_bot
4,0,32,0,,True,True,True,True,0,1.2,0,2,1,credential_stuffing_bot
0,0,2,254,244.0,False,False,False,False,0,56.1,8,1,0,casual_legit
3,1,19,0,,True,False,False,False,1,0.4,0,2,1,credential_stuffing_bot
2,0,22,0,33.4,False,True,False,True,0,4.1,1,2,1,credential_stuffing_bot
1,3,8,6,,False,False,False,False,0,14.7,3,7,1,repeat_offender
1,0,5,79,157.3,False,False,False,False,0,53.7,10,2,0,legit_password_typo
0,0,3,0,,False,False,False,False,0,13.5,9,4,0,mobile_legit
1,0,1,36,384.4,False,False,False,False,0,97.2,9,2,0,mobile_legit
0,0,3,166,196.5,False,False,False,False,0,35.0,3,5,0,legit_password_typo
3,1,0,1,,False,False,False,False,1,2.0,0,1,1,credential_stuffing_bot
2,2,2,0,,False,False,True,True,0,3.2,1,1,1,credential_stuffing_bot
0,0,3,230,220.6,False,False,False,False,0,12.8,7,2,0,casual_legit
0,0,39,2,46.8,False,True,True,True,0,0.7,1,16,1,scraper_bot
3,3,8,114,153.9,False,False,False,False,1,12.0,7,5,1,careful_human_attacker
1,0,20,9,,False,True,False,False,2,2.3,1,6,1,repeat_offender
2,0,13,9,64.1,True,True,True,True,1,29.7,2,7,1,repeat_offender
0,0,4,265,292.2,False,False,False,False,0,37.8,5,3,0,casual_legit
0,0,1,200,238.8,False,False,False,False,0,63.2,4,1,0,casual_legit
2,0,0,0,,True,True,True,True,0,2.9,1,2,1,credential_stuffing_bot
2,1,17,0,73.1,True,True,True,False,1,0.7,0,2,1,credential_stuffing_bot
0,0,3,153,211.0,False,False,False,False,0,12.1,7,1,0,casual_legit
0,0,4,113,195.5,False,False,False,False,0,5.2,14,2,0,casual_legit
2,1,5,160,176.7,True,False,False,False,0,5.2,8,3,1,careful_human_attacker
0,0,5,151,225.9,False,False,False,False,0,27.7,8,2,0,casual_legit
0,0,4,0,282.2,False,False,False,False,0,26.6,10,3,0,casual_legit
0,0,4,288,264.7,False,False,False,False,0,22.3,7,2,0,casual_legit
2,0,4,141,146.0,False,False,False,False,0,74.4,10,3,0,legit_password_typo
0,0,34,1,,False,True,False,False,1,0.9,0,19,1,scraper_bot
0,0,2,106,,False,False,False,False,0,39.7,15,1,0,casual_legit
0,0,36,0,24.8,False,False,True,False,1,0.5,0,16,1,scraper_bot
1,0,2,13,241.4,False,False,False,True,0,21.8,7,2,0,mobile_legit
1,0,5,131,,False,False,False,False,0,20.2,7,1,1,casual_legit
0,1,3,69,187.9,False,False,False,False,0,17.6,9,6,0,casual_legit
0,0,3,161,220.1,False,False,False,False,0,7.3,8,2,0,casual_legit
4,0,11,0,,True,True,False,False,0,1.7,0,1,0,credential_stuffing_bot
0,0,1,184,245.8,False,False,False,False,0,16.3,9,2,0,casual_legit
0,0,33,0,,False,True,True,True,1,1.0,0,13,1,scraper_bot
6,0,33,0,,False,True,True,True,1,1.9,0,2,1,credential_stuffing_bot
1,0,22,8,,True,False,False,True,1,24.1,3,3,1,repeat_offender
1,0,4,18,321.1,False,False,False,False,0,29.5,5,3,0,mobile_legit
1,1,15,97,183.8,True,False,False,True,0,7.9,7,3,1,careful_human_attacker
6,1,33,1,,False,False,True,False,0,3.4,1,1,1,credential_stuffing_bot
0,0,2,275,308.9,True,False,False,False,0,54.8,6,4,0,legit_on_vpn
1,0,0,132,160.4,False,False,False,True,0,21.6,8,3,0,legit_password_typo
0,0,4,34,334.5,False,False,False,True,0,34.2,6,1,0,mobile_legit
3,1,4,79,,False,False,False,False,0,89.8,10,2,0,legit_password_typo
1,0,3,0,263.2,False,False,False,False,0,24.5,5,2,0,mobile_legit
1,1,16,2,,True,True,False,True,3,5.8,0,2,1,repeat_offender
1,0,2,276,190.9,False,False,False,True,0,32.5,16,1,0,casual_legit
0,0,2,145,244.8,False,False,False,False,0,53.8,12,2,0,legit_password_typo
1,0,4,49,254.8,False,False,False,False,0,51.1,15,3,0,casual_legit
6,0,29,1,27.5,False,False,False,True,0,2.8,0,3,1,credential_stuffing_bot
0,0,4,22,273.3,False,False,False,False,0,7.7,10,2,0,mobile_legit
5,2,12,286,177.6,True,False,False,True,1,5.8,8,3,1,careful_human_attacker
0,0,4,110,256.7,False,False,False,True,0,18.2,6,3,0,casual_legit
0,0,3,0,250.3,False,False,False,False,0,72.1,7,2,0,mobile_legit
1,0,3,34,241.2,False,False,False,False,0,21.3,8,2,0,mobile_legit
1,0,3,260,237.5,False,False,False,False,0,49.4,6,2,0,casual_legit
0,0,2,153,189.9,False,False,False,False,0,35.5,8,1,0,casual_legit
0,0,4,241,240.1,False,False,False,True,0,24.9,6,3,0,casual_legit
0,0,2,206,283.2,True,False,False,False,0,46.7,9,4,0,legit_password_typo
0,0,0,302,186.2,False,False,False,False,0,9.6,7,1,0,casual_legit
0,0,4,259,189.8,False,False,False,False,0,15.1,4,2,0,casual_legit
0,1,3,230,246.2,False,False,False,False,0,36.2,12,2,0,casual_legit
2,2,13,160,228.8,False,False,False,True,1,42.2,9,5,1,careful_human_attacker
1,0,3,198,159.4,False,False,False,False,0,19.3,8,3,0,casual_legit
0,0,5,257,265.6,False,False,False,True,0,18.6,14,4,0,casual_legit
7,0,27,2,56.5,True,True,False,True,0,0.7,0,1,1,credential_stuffing_bot
0,0,2,14,249.9,False,False,False,False,0,62.7,6,3,0,mobile_legit
0,0,1,150,195.4,False,False,False,False,0,26.3,4,4,0,casual_legit
5,1,32,1,47.2,False,True,True,False,1,1.6,0,1,1,credential_stuffing_bot
1,0,4,24,309.3,False,False,False,False,0,11.2,3,2,0,mobile_legit
0,0,49,2,,True,True,True,True,0,3.0,1,28,1,scraper_bot
0,0,4,164,176.3,False,False,False,False,0,41.6,12,5,0,casual_legit
1,0,3,186,174.2,False,False,False,False,0,5.9,8,2,0,casual_legit
0,0,3,30,351.8,False,False,False,True,0,65.8,3,1,0,mobile_legit
1,0,22,11,106.3,False,True,False,False,2,2.5,1,3,1,repeat_offender
0,0,2,36,221.3,False,False,False,True,0,68.2,6,3,0,mobile_legit
4,0,37,0,28.2,False,False,False,False,1,0.5,0,1,1,credential_stuffing_bot
0,0,38,1,,False,True,False,False,0,1.3,0,13,1,scraper_bot
0,0,3,61,234.4,False,False,False,True,0,68.5,7,4,0,casual_legit
1,0,25,1,,False,False,False,True,1,4.0,0,1,1,credential_stuffing_bot
3,2,20,1,17.6,True,True,True,False,2,1.5,0,1,1,credential_stuffing_bot
0,0,3,215,239.1,False,False,False,False,0,54.2,10,1,0,casual_legit
0,0,2,14,298.4,False,False,False,True,0,52.6,6,2,0,mobile_legit
0,0,2,17,,False,False,False,False,0,26.0,4,3,0,mobile_legit
3,1,8,234,,False,False,False,True,1,6.6,7,2,1,careful_human_attacker
0,0,4,150,216.2,False,False,False,False,0,9.6,13,1,1,casual_legit
0,0,6,120,186.8,False,False,False,False,0,18.7,7,1,0,casual_legit
4,2,4,190,159.9,False,False,False,False,0,13.9,9,3,1,careful_human_attacker
2,0,4,256,179.9,False,False,False,False,2,54.2,7,3,1,careful_human_attacker
5,1,17,1,,True,True,False,True,1,0.6,0,2,1,credential_stuffing_bot
5,4,4,190,80.7,False,False,False,True,1,34.0,7,4,1,careful_human_attacker
1,0,4,94,189.7,False,False,False,False,0,47.1,4,4,0,legit_password_typo
0,0,3,257,288.3,False,False,False,False,0,12.0,9,2,0,casual_legit
3,1,16,4,,True,True,False,True,2,8.1,1,3,1,repeat_offender
0,0,3,219,229.0,False,False,False,True,0,66.5,9,3,0,casual_legit
5,5,8,143,172.7,False,False,False,True,0,16.7,7,2,1,careful_human_attacker
1,1,4,0,266.6,False,False,False,False,0,16.5,9,3,0,mobile_legit
0,0,7,1,,False,True,True,True,1,1.3,0,15,1,scraper_bot
0,0,4,9,338.3,False,False,False,False,0,25.5,5,3,0,mobile_legit
5,1,30,1,16.9,True,True,True,False,0,3.3,0,1,1,credential_stuffing_bot
7,0,15,1,46.4,False,False,False,False,2,0.8,0,1,1,credential_stuffing_bot
0,0,1,196,173.5,False,False,False,True,0,53.8,7,1,0,casual_legit
0,0,1,137,162.6,False,False,False,True,0,73.8,6,2,0,casual_legit
0,0,2,259,265.4,False,False,False,False,0,52.0,4,2,0,casual_legit
0,0,2,131,287.2,False,False,True,False,0,38.4,11,1,0,casual_legit
1,0,4,12,241.9,False,False,False,False,0,52.3,7,2,0,mobile_legit
1,0,4,4,210.6,False,False,False,True,0,60.3,3,1,0,mobile_legit
4,0,41,0,31.5,True,True,True,True,2,0.5,2,2,1,credential_stuffing_bot
0,0,8,26,237.5,False,False,False,False,0,12.7,5,3,0,mobile_legit
1,2,10,86,228.7,False,False,False,True,0,43.2,10,9,1,careful_human_attacker
5,2,9,33,153.8,False,False,False,True,1,33.1,8,4,1,careful_human_attacker
0,0,2,258,289.2,True,False,False,False,0,33.0,11,1,0,legit_on_vpn
0,0,3,21,236.3,True,False,False,True,0,35.0,14,3,0,mobile_legit
5,0,41,0,35.2,False,True,True,True,0,0.4,0,1,1,credential_stuffing_bot
0,0,3,226,237.6,False,False,False,True,0,19.4,9,2,0,casual_legit
3,1,1,8,38.5,True,False,False,False,1,5.5,0,6,1,repeat_offender
0,0,1,7,,False,False,False,False,0,43.1,5,2,0,mobile_legit
3,0,12,1,28.9,False,False,False,False,0,0.2,1,3,1,credential_stuffing_bot
0,0,3,12,327.6,False,False,False,False,0,41.6,8,3,0,mobile_legit
1,0,4,139,233.1,True,False,False,False,0,11.2,11,2,0,casual_legit
0,1,5,114,236.0,True,False,False,False,0,9.3,7,2,1,casual_legit
0,0,4,143,276.7,False,False,False,False,0,12.0,10,5,0,casual_legit
0,0,7,242,224.7,False,False,True,False,0,66.6,9,1,0,legit_password_typo
2,1,2,157,250.5,False,False,False,False,0,58.2,12,1,0,legit_password_typo
0,0,31,2,,False,True,False,False,1,0.9,0,15,1,scraper_bot
0,1,2,256,180.9,False,False,False,False,0,40.2,10,4,0,casual_legit
3,0,14,0,,False,True,False,True,1,0.7,0,2,1,credential_stuffing_bot
1,0,39,1,,True,True,True,True,0,0.6,1,14,0,scraper_bot
5,1,13,225,164.2,False,False,False,True,1,74.0,10,3,1,careful_human_attacker
4,1,10,9,,True,False,True,False,0,5.0,1,3,1,repeat_offender
1,0,2,245,228.7,True,False,False,False,0,11.4,7,2,0,legit_on_vpn
0,0,5,130,169.9,False,False,False,False,0,5.1,12,1,0,casual_legit
3,1,11,156,129.2,False,False,False,False,2,11.9,8,2,1,careful_human_attacker
0,0,2,0,,True,True,True,False,1,0.4,0,15,1,scraper_bot
1,0,1,238,229.4,False,False,False,False,0,15.9,5,2,0,casual_legit
0,0,32,1,29.0,False,True,True,False,0,1.5,2,19,1,scraper_bot
0,1,4,232,279.6,False,False,False,False,0,46.9,10,3,0,legit_password_typo
4,0,31,0,24.1,False,True,False,False,0,1.2,0,2,1,credential_stuffing_bot
3,1,24,0,25.9,True,True,True,True,1,3.9,0,1,1,credential_stuffing_bot
4,1,39,0,,True,False,True,False,2,0.4,1,1,1,credential_stuffing_bot
0,0,3,39,349.8,False,False,False,False,0,31.2,6,4,0,mobile_legit
1,1,22,8,119.1,True,False,True,False,2,3.0,2,4,1,repeat_offender
0,0,3,170,249.7,False,False,False,False,0,51.1,8,2,0,casual_legit
4,3,32,0,,False,True,False,False,1,2.4,1,2,1,credential_stuffing_bot
0,0,3,20,231.3,False,False,False,False,0,12.3,5,3,0,mobile_legit
0,1,5,16,287.2,False,False,True,False,0,39.5,9,4,0,mobile_legit
2,0,7,249,208.3,False,False,False,False,0,26.5,5,2,0,legit_password_typo
0,0,8,197,167.3,False,False,False,False,0,40.3,10,1,0,legit_password_typo
2,5,9,198,266.8,False,False,False,True,2,17.9,3,2,1,careful_human_attacker
5,1,10,214,213.1,False,False,True,False,0,32.0,6,5,1,careful_human_attacker
1,0,1,129,156.9,False,False,False,False,0,20.7,14,3,0,casual_legit
5,3,2,135,213.3,True,False,False,True,0,14.7,10,5,1,careful_human_attacker
7,1,29,0,,False,False,False,False,2,4.8,0,2,1,credential_stuffing_bot
0,0,1,224,186.1,False,False,False,False,0,5.3,8,3,0,casual_legit
0,0,1,173,,False,False,False,False,1,52.6,4,2,0,legit_password_typo
2,0,5,229,222.5,False,False,False,False,0,116.2,9,4,0,casual_legit
0,0,3,8,261.2,False,False,False,False,0,14.6,4,2,0,mobile_legit
0,0,26,0,,False,True,True,False,0,2.7,1,17,1,scraper_bot
0,0,3,0,368.4,False,False,False,False,0,33.2,3,1,0,mobile_legit
0,0,5,98,266.2,False,False,False,False,0,34.8,9,3,0,casual_legit
0,0,49,0,50.0,True,True,False,False,1,2.8,1,17,1,scraper_bot
0,0,5,13,,False,False,False,True,0,21.2,7,1,0,mobile_legit
0,0,4,184,274.2,False,False,False,False,0,31.2,10,4,0,casual_legit
0,0,3,52,,False,True,False,False,0,47.1,6,2,0,mobile_legit
2,2,13,56,167.1,True,False,False,False,1,23.5,7,4,1,careful_human_attacker
0,0,1,15,402.1,False,False,False,False,0,5.8,5,1,0,mobile_legit
0,0,4,225,211.1,False,False,False,False,0,43.1,5,2,0,casual_legit
0,0,3,186,273.6,False,False,False,False,0,14.3,10,3,0,casual_legit
0,0,3,41,320.0,False,False,False,False,0,7.3,2,1,0,mobile_legit
1,0,3,179,253.6,False,False,False,False,0,14.2,11,2,0,casual_legit
3,0,9,0,,True,True,False,True,0,2.6,0,1,1,credential_stuffing_bot
0,0,3,144,218.8,False,False,False,False,0,44.9,6,4,0,casual_legit
0,0,2,15,305.1,False,False,False,False,0,16.5,3,1,0,mobile_legit
2,0,5,172,120.9,False,False,False,True,0,24.5,7,3,0,legit_password_typo
0,0,6,215,204.7,False,False,False,False,0,184.7,7,4,0,casual_legit
0,0,4,160,304.9,False,False,False,False,0,23.0,7,4,0,casual_legit
0,0,6,271,170.2,False,False,False,False,0,67.8,11,1,0,casual_legit
0,0,2,25,344.1,False,False,True,False,0,18.5,8,2,0,mobile_legit
0,0,2,157,160.1,False,False,False,False,0,39.9,7,3,0,casual_legit
2,1,4,137,154.3,False,False,True,False,1,7.0,9,6,1,careful_human_attacker
7,2,9,71,163.5,True,True,False,True,0,5.3,4,6,1,careful_human_attacker
2,1,20,7,105.8,True,False,True,False,6,1.4,1,3,1,repeat_offender
0,0,3,164,249.9,False,False,False,False,0,47.5,10,1,0,legit_password_typo
0,0,4,16,349.3,False,False,False,True,0,49.2,6,1,0,mobile_legit
0,0,17,8,65.8,True,False,True,True,2,3.3,7,5,1,repeat_offender
0,0,4,303,328.0,False,False,False,False,0,6.7,3,3,0,casual_legit
1,0,0,209,192.1,False,False,False,False,0,16.8,8,3,0,casual_legit
0,0,3,200,280.1,False,False,False,False,0,16.2,8,2,0,casual_legit
3,0,6,93,199.6,False,False,False,False,0,120.0,7,1,0,legit_password_typo
0,0,4,13,,False,False,False,False,0,57.8,4,1,0,mobile_legit
4,0,21,0,31.2,False,False,True,False,1,0.2,0,1,1,credential_stuffing_bot
1,0,4,177,163.0,False,False,False,True,0,94.5,10,2,1,legit_password_typo
1,0,0,182,249.7,False,False,False,False,0,21.1,16,2,1,casual_legit
0,0,7,267,103.4,False,False,False,False,1,19.3,11,4,0,legit_password_typo
0,0,3,267,268.4,False,False,False,False,1,5.2,9,3,0,casual_legit
0,0,0,174,174.6,False,False,False,True,0,108.5,5,2,0,legit_password_typo
5,1,26,0,48.5,False,False,True,False,1,1.9,0,2,1,credential_stuffing_bot
4,0,16,0,,True,False,True,False,0,0.4,0,1,1,credential_stuffing_bot
5,1,22,0,38.7,False,True,True,False,0,1.8,0,5,1,credential_stuffing_bot
2,1,14,0,54.9,True,False,True,False,0,3.5,0,2,1,credential_stuffing_bot
0,0,6,25,311.3,False,False,False,True,0,10.6,7,1,0,mobile_legit
0,0,3,46,347.3,False,False,False,False,0,31.1,10,2,0,mobile_legit
3,1,48,0,,True,True,True,False,0,1.1,1,2,1,credential_stuffing_bot
0,1,7,68,166.6,False,False,False,False,0,17.5,10,3,0,legit_password_typo
0,0,4,102,231.6,False,False,False,False,0,8.6,7,3,0,casual_legit
1,0,4,107,287.3,False,False,False,False,0,18.7,14,3,0,casual_legit
0,0,3,1,355.3,False,False,False,False,0,36.2,7,3,0,mobile_legit
4,2,17,110,177.9,True,False,False,False,1,39.5,9,4,0,careful_human_attacker
3,6,4,92,194.5,False,False,False,True,1,46.1,9,3,1,careful_human_attacker
0,0,4,227,,False,False,False,False,0,14.5,17,2,0,casual_legit
1,0,4,110,210.9,False,False,False,False,0,20.2,9,6,0,casual_legit
0,0,5,13,306.4,False,False,False,False,0,54.8,2,2,0,mobile_legit
0,0,29,0,15.5,True,False,True,True,0,2.8,1,18,1,scraper_bot
1,0,4,90,152.5,False,False,False,False,0,33.5,13,3,0,casual_legit
0,0,7,178,259.7,True,True,False,False,0,14.4,10,3,0,legit_on_vpn
0,0,44,2,24.3,False,True,True,False,0,2.2,0,9,1,scraper_bot
5,1,26,0,29.2,False,True,True,False,1,1.1,0,2,1,credential_stuffing_bot
0,1,3,194,301.2,False,False,False,True,0,114.6,7,5,0,casual_legit
0,0,3,0,274.3,False,False,False,False,0,11.3,4,1,0,mobile_legit
1,1,3,28,,False,False,False,False,0,20.9,3,1,0,mobile_legit
0,0,6,219,210.0,False,False,False,False,0,22.1,9,1,0,legit_on_vpn
0,0,3,216,308.2,False,False,False,False,0,77.4,6,2,0,casual_legit
0,0,3,145,232.3,False,False,False,True,0,145.8,13,2,0,casual_legit
0,0,5,20,289.0,False,False,False,False,0,34.3,6,2,0,mobile_legit
0,0,3,163,236.6,False,False,False,True,0,36.0,9,1,0,casual_legit
1,0,4,230,125.1,False,False,False,False,1,14.5,8,5,0,casual_legit
0,0,4,2,123.1,False,False,False,True,0,47.4,7,2,0,mobile_legit
4,2,8,240,131.7,False,False,False,True,0,5.5,6,3,1,careful_human_attacker
1,0,2,11,,False,False,False,True,0,15.7,4,3,0,mobile_legit
5,5,3,82,,True,False,False,False,1,30.9,4,3,1,careful_human_attacker
3,0,7,202,242.0,False,False,False,True,0,4.2,10,2,1,careful_human_attacker
2,1,42,0,,True,False,False,False,3,4.1,0,1,1,credential_stuffing_bot
0,0,39,0,15.0,False,True,True,False,0,2.5,0,13,1,scraper_bot
3,1,35,1,36.9,False,True,True,False,2,0.3,0,1,1,credential_stuffing_bot
0,0,3,131,238.5,False,False,False,False,0,15.2,5,2,0,casual_legit
0,0,4,152,233.5,True,False,False,False,0,15.8,9,2,0,legit_on_vpn
0,0,14,7,61.5,True,False,False,False,2,1.2,0,5,1,repeat_offender
4,0,0,0,,False,False,True,False,0,2.0,0,2,1,credential_stuffing_bot
0,0,3,177,296.0,False,False,False,False,0,44.6,12,3,0,casual_legit
1,0,1,147,226.1,True,False,False,False,0,29.3,9,4,0,legit_on_vpn
0,0,18,2,,False,False,True,True,0,2.4,1,14,1,scraper_bot
0,0,4,102,224.9,True,False,False,False,0,42.5,13,1,0,casual_legit
1,1,34,1,,False,True,True,True,1,0.9,0,8,1,scraper_bot
0,0,3,169,281.2,False,False,False,False,0,39.0,7,2,0,casual_legit
0,0,2,16,197.5,False,False,False,False,0,15.9,5,1,0,mobile_legit
4,0,9,1,,False,True,True,False,1,0.3,0,2,1,credential_stuffing_bot
1,1,24,7,,True,False,True,True,2,9.0,3,3,1,repeat_offender
0,0,1,33,252.7,False,False,False,False,0,16.9,5,4,0,mobile_legit
2,1,27,1,31.9,False,True,True,True,2,1.0,1,1,1,credential_stuffing_bot
3,0,29,0,22.7,False,False,True,True,2,1.1,1,2,1,credential_stuffing_bot
0,0,3,68,236.6,False,False,False,False,0,74.1,8,3,0,casual_legit
4,0,22,1,28.8,False,False,True,True,0,0.5,0,2,1,credential_stuffing_bot
0,0,5,15,331.6,False,False,False,False,0,15.8,7,2,0,mobile_legit
7,1,55,0,15.0,False,True,False,True,0,0.4,0,1,1,credential_stuffing_bot
0,0,1,7,147.5,True,True,True,False,4,9.0,3,9,1,repeat_offender
1,0,1,191,190.9,False,False,False,False,0,26.0,3,3,0,legit_password_typo
0,0,3,3,345.6,False,False,False,False,0,113.8,2,3,0,mobile_legit
0,0,3,39,297.7,False,False,False,False,0,31.2,6,4,0,mobile_legit
6,2,12,58,227.9,False,False,True,False,1,42.9,8,2,1,careful_human_attacker
7,0,22,0,,False,False,False,True,0,0.6,1,3,1,credential_stuffing_bot
1,0,5,31,318.3,False,False,False,True,0,14.6,6,2,0,mobile_legit
0,0,1,97,251.5,True,False,False,False,0,76.5,15,5,0,casual_legit
0,0,2,186,135.2,False,False,False,False,0,157.0,15,3,0,legit_password_typo
0,0,4,22,347.3,False,False,False,False,0,31.9,5,1,0,mobile_legit
0,0,0,128,189.4,False,False,False,False,0,67.2,11,2,0,casual_legit
4,4,4,162,270.3,True,False,False,False,0,87.6,6,5,1,careful_human_attacker
4,1,7,153,181.9,True,False,False,False,0,38.7,6,5,1,careful_human_attacker
0,0,3,175,206.5,False,False,False,False,0,22.2,7,4,0,casual_legit
0,0,3,257,193.3,False,False,False,False,0,60.2,6,1,0,casual_legit
0,0,3,149,190.1,True,False,False,False,0,24.2,8,1,0,legit_on_vpn
1,0,9,200,206.0,False,False,False,False,0,8.5,14,4,0,legit_password_typo
3,1,13,0,,False,True,True,True,1,0.6,0,1,1,credential_stuffing_bot
0,0,2,13,228.8,False,False,False,False,0,45.5,7,1,0,mobile_legit
3,2,49,0,,False,False,False,True,0,0.9,0,1,1,credential_stuffing_bot
1,0,5,106,262.3,True,False,False,False,0,11.0,15,2,0,legit_on_vpn
1,0,4,10,164.6,False,False,False,False,0,34.0,6,5,0,mobile_legit
0,0,5,279,228.4,False,False,False,False,0,29.8,8,3,0,casual_legit
3,0,14,0,29.4,False,False,False,False,0,0.3,1,2,1,credential_stuffing_bot
5,2,32,0,,False,False,False,True,0,1.3,0,1,1,credential_stuffing_bot
1,0,1,20,234.8,True,False,False,False,0,5.7,0,3,0,mobile_legit
1,0,1,215,180.1,False,False,False,False,0,11.4,4,3,0,casual_legit
0,0,5,144,200.4,True,False,False,True,0,23.0,9,3,0,legit_on_vpn
0,0,2,198,258.5,False,False,False,True,0,38.4,10,1,0,casual_legit
0,0,5,164,233.0,False,False,False,False,0,30.3,19,3,1,casual_legit
0,0,0,164,216.5,False,False,False,True,0,97.6,7,3,0,casual_legit
0,0,3,233,295.1,False,False,False,False,0,48.6,5,4,0,casual_legit
0,0,2,161,228.3,False,False,False,False,0,13.6,9,1,0,casual_legit
1,0,1,4,308.4,False,False,False,False,0,20.4,10,4,0,mobile_legit
1,0,45,0,,False,False,True,False,0,3.0,0,14,1,scraper_bot
0,0,3,168,259.3,False,False,False,False,0,20.8,6,2,0,casual_legit
0,0,1,260,223.0,False,False,False,False,0,8.1,8,2,0,casual_legit
1,2,5,5,,True,False,False,True,5,9.5,1,5,1,repeat_offender
1,0,27,0,,False,True,False,False,0,5.1,0,20,1,scraper_bot
3,0,14,0,40.6,False,True,True,False,0,1.2,0,1,1,credential_stuffing_bot
1,0,3,2,,False,False,False,False,0,12.0,6,2,0,mobile_legit
3,0,34,0,,True,True,True,False,1,0.2,0,1,1,credential_stuffing_bot
1,0,2,127,272.5,False,False,False,False,0,45.3,14,1,0,casual_legit
0,0,3,199,176.6,False,False,False,True,0,32.1,13,2,0,casual_legit
1,0,3,36,246.4,True,False,False,False,0,89.7,10,3,0,legit_on_vpn
3,2,25,6,75.8,False,True,True,False,1,9.7,2,4,1,repeat_offender
3,4,16,3,73.9,True,False,False,True,2,4.4,2,3,1,repeat_offender
5,1,11,3,,True,True,False,False,2,11.3,0,6,1,repeat_offender
0,0,1,73,250.5,False,False,False,False,0,138.1,9,1,0,casual_legit
0,0,3,108,253.7,True,False,False,False,0,90.3,7,1,0,legit_on_vpn
1,0,4,123,196.1,False,False,True,False,0,29.3,13,4,0,legit_password_typo
6,3,4,176,240.9,True,False,False,True,0,8.2,6,4,1,careful_human_attacker
4,3,5,138,174.5,False,False,False,False,0,27.2,8,8,1,careful_human_attacker
5,3,14,173,258.0,False,False,False,True,0,25.5,8,5,1,careful_human_attacker
4,1,16,90,255.7,False,False,False,False,0,50.2,8,6,1,careful_human_attacker
2,0,6,138,230.6,False,False,False,False,0,58.7,10,4,0,legit_password_typo
3,2,4,148,220.0,True,False,False,True,0,52.7,2,2,1,careful_human_attacker
0,0,2,71,199.4,False,False,False,False,0,24.9,12,4,0,casual_legit
0,0,1,257,293.8,False,False,False,True,0,38.2,6,3,0,casual_legit
7,2,9,1,,False,False,True,False,0,3.7,0,2,1,credential_stuffing_bot
6,0,24,0,15.0,True,False,False,False,0,0.3,0,1,1,credential_stuffing_bot
6,1,41,0,49.8,False,False,True,False,2,5.5,0,1,1,credential_stuffing_bot
0,1,3,214,269.9,False,False,False,False,0,52.9,7,4,0,casual_legit
0,0,2,25,310.7,False,False,False,False,0,8.6,6,3,0,mobile_legit
1,0,25,1,,True,False,True,False,1,5.2,0,1,1,credential_stuffing_bot
0,0,2,0,273.0,False,False,False,False,0,42.0,4,2,1,mobile_legit
0,0,54,0,38.8,False,True,True,False,0,0.5,0,8,1,scraper_bot
4,3,7,104,342.8,True,False,False,False,0,36.9,2,4,1,careful_human_attacker
0,0,3,0,285.9,False,False,False,False,0,9.4,6,3,0,mobile_legit
0,0,2,185,198.8,False,False,False,False,0,47.4,9,3,0,casual_legit
3,1,9,138,197.0,True,True,False,False,0,8.8,5,2,1,careful_human_attacker
4,0,25,0,,True,True,False,True,0,1.7,0,2,1,credential_stuffing_bot
2,0,4,99,251.2,False,False,False,False,0,46.4,17,3,0,legit_password_typo
4,0,24,0,18.0,True,True,False,False,3,0.2,0,2,1,credential_stuffing_bot
0,0,5,195,,True,False,False,False,0,73.2,9,2,0,legit_on_vpn
0,0,1,192,,False,False,False,False,0,9.6,5,3,0,casual_legit
0,0,45,0,,True,True,True,True,0,4.0,0,9,1,scraper_bot
0,0,22,0,,False,True,True,True,1,5.9,1,17,1,scraper_bot
0,0,28,2,,False,False,True,False,0,1.4,0,10,1,scraper_bot
0,0,62,0,15.4,False,False,True,True,1,0.6,0,13,1,scraper_bot
0,0,2,122,152.8,False,False,False,False,0,38.9,6,3,0,casual_legit
0,1,2,21,,False,False,False,False,0,32.0,3,3,0,mobile_legit
1,0,3,113,227.6,False,False,False,False,0,12.7,5,3,0,casual_legit
1,0,3,14,255.2,False,False,False,False,1,77.9,4,4,0,mobile_legit
0,0,3,15,316.1,False,False,False,False,0,7.5,5,2,0,mobile_legit
2,2,4,174,232.0,False,False,False,False,0,30.6,12,1,0,legit_password_typo
0,0,0,211,165.4,False,False,False,False,0,11.5,11,3,0,casual_legit
0,0,2,153,272.6,False,False,False,False,0,10.2,6,1,0,casual_legit
0,0,1,7,308.9,False,False,False,False,0,14.8,2,2,0,mobile_legit
4,0,0,1,28.9,False,False,False,False,0,1.1,0,1,1,credential_stuffing_bot
1,1,23,0,,True,True,False,True,1,0.5,0,1,1,credential_stuffing_bot
3,0,28,0,,True,True,False,False,0,2.2,0,2,1,credential_stuffing_bot
0,0,0,89,225.4,False,False,False,False,0,30.5,12,1,0,casual_legit
1,0,34,0,15.0,False,False,True,True,0,1.1,1,16,1,scraper_bot
0,0,36,0,,True,False,True,False,0,0.7,0,20,1,scraper_bot
0,0,2,125,,False,False,False,True,0,62.7,8,3,0,casual_legit
0,0,5,12,277.3,False,False,False,False,0,22.2,2,2,0,mobile_legit
0,0,2,248,286.7,True,False,False,False,0,35.3,9,5,0,legit_on_vpn
1,0,46,1,43.7,True,True,True,True,0,1.0,2,13,1,scraper_bot
1,0,5,240,127.1,False,False,False,True,0,34.0,13,3,0,legit_password_typo
0,0,3,252,261.7,False,False,False,False,0,8.0,17,3,0,casual_legit
1,0,0,75,302.5,False,False,False,False,0,71.4,7,5,0,legit_password_typo
0,0,9,179,242.8,False,False,False,False,0,24.5,10,2,0,legit_on_vpn
2,0,6,175,227.7,False,False,False,False,0,40.0,6,3,0,legit_password_typo
1,0,2,8,314.6,False,False,False,True,0,12.0,3,3,0,mobile_legit
4,0,25,0,15.0,True,False,False,False,1,0.6,0,1,1,credential_stuffing_bot
3,2,10,113,209.5,False,False,False,False,0,15.8,2,3,1,careful_human_attacker
1,0,1,106,174.8,False,False,False,True,0,18.4,10,2,0,casual_legit
0,0,4,224,124.5,False,False,False,True,0,16.5,7,4,0,casual_legit
5,1,21,0,,False,True,True,False,1,0.3,1,1,1,credential_stuffing_bot
0,0,2,193,336.8,False,False,False,False,0,11.7,9,2,0,casual_legit
0,0,26,1,,False,True,True,False,0,3.1,0,13,1,scraper_bot
0,0,2,82,230.5,False,False,False,False,1,12.6,10,5,0,casual_legit
0,0,4,7,,False,False,False,False,1,33.4,5,2,0,mobile_legit
3,0,20,2,,True,False,True,True,1,2.5,0,1,1,credential_stuffing_bot
3,3,37,0,,False,True,True,True,0,2.5,0,1,1,credential_stuffing_bot
4,1,9,155,166.4,False,True,False,False,0,60.1,11,7,1,careful_human_attacker
6,2,5,282,165.9,False,False,True,False,0,7.7,9,5,1,careful_human_attacker
1,0,1,192,206.2,False,False,False,False,0,17.1,8,2,0,legit_password_typo
1,0,1,0,348.0,False,False,False,False,0,18.9,3,1,0,mobile_legit
0,0,6,202,109.4,False,False,False,False,0,62.5,8,4,0,casual_legit
2,0,3,178,198.9,False,False,False,False,0,12.5,13,2,0,legit_password_typo
0,0,3,71,171.6,False,False,False,False,0,9.3,7,2,0,casual_legit
0,0,1,207,187.6,False,False,False,False,0,76.1,6,3,0,casual_legit
0,0,2,201,235.4,False,False,False,False,0,95.9,6,2,0,casual_legit
0,0,3,1,222.9,False,False,False,False,0,35.8,4,2,0,mobile_legit
0,0,2,200,,False,False,True,False,0,11.5,14,4,0,casual_legit
0,0,0,18,416.3,False,False,False,False,0,19.0,7,2,0,mobile_legit
4,1,18,12,82.9,False,False,True,True,3,6.9,1,4,1,repeat_offender
0,1,0,10,,False,True,False,True,3,2.4,2,5,1,repeat_offender
0,0,0,128,166.9,False,False,False,False,0,86.4,10,1,0,legit_on_vpn
1,0,1,250,144.0,False,False,False,False,0,97.0,11,4,0,legit_password_typo
0,0,2,8,209.6,True,False,False,False,0,151.7,5,2,0,mobile_legit
0,0,3,237,200.8,False,False,False,False,0,15.2,11,2,0,casual_legit
2,1,28,0,,False,True,True,True,0,3.8,0,1,1,credential_stuffing_bot
0,0,3,274,,False,False,False,False,0,36.6,8,3,0,casual_legit
1,0,25,0,,False,True,True,True,1,1.6,0,20,0,scraper_bot
3,0,5,0,,False,False,False,False,0,0.4,0,1,1,credential_stuffing_bot
1,0,3,148,173.7,False,False,False,True,0,53.0,17,1,0,casual_legit
0,0,3,183,255.5,False,False,False,False,0,7.7,7,4,0,casual_legit
0,0,2,292,319.6,False,False,False,False,0,207.6,3,3,0,casual_legit
0,0,6,12,347.0,False,False,False,False,0,6.1,7,2,0,mobile_legit
1,0,0,19,263.9,True,False,True,True,0,4.7,6,2,0,mobile_legit
1,0,6,10,,True,True,False,True,0,16.0,1,1,1,repeat_offender
0,0,30,1,,False,True,False,False,1,0.4,0,17,1,scraper_bot
1,0,2,6,312.9,False,False,False,False,0,26.2,7,3,0,mobile_legit
0,0,3,92,184.5,False,False,False,False,0,60.5,8,2,0,casual_legit
1,0,1,106,,False,False,False,False,0,29.2,11,1,0,casual_legit
0,0,5,314,155.9,False,False,False,False,0,23.1,10,3,1,casual_legit
0,0,2,174,208.4,False,False,False,False,0,63.4,8,3,0,casual_legit
4,1,44,0,34.2,True,True,True,False,0,4.2,0,2,1,credential_stuffing_bot
0,0,5,187,244.1,False,False,False,False,0,12.9,5,4,0,casual_legit
0,2,44,7,202.1,False,False,False,False,2,15.2,5,2,1,repeat_offender
0,0,5,50,258.1,False,False,False,False,0,8.1,14,4,0,casual_legit
5,1,4,64,241.4,False,False,False,False,0,108.5,6,3,0,legit_password_typo
0,0,6,144,227.8,False,False,False,False,0,86.9,12,2,0,casual_legit
0,0,35,0,58.0,True,True,True,True,1,1.5,1,27,1,scraper_bot
0,0,1,26,261.1,False,False,False,False,0,30.9,9,3,0,mobile_legit
3,0,16,9,31.6,True,True,False,False,2,4.0,1,5,1,repeat_offender
0,0,5,143,227.7,False,False,False,False,0,5.6,10,1,0,casual_legit
1,0,20,14,,False,False,False,True,4,4.6,1,4,1,repeat_offender
2,2,12,6,91.6,False,False,False,False,2,2.6,4,5,1,repeat_offender
0,1,4,227,192.9,False,False,False,False,0,26.3,10,2,0,casual_legit
2,0,10,12,,True,False,False,True,0,11.6,0,4,0,repeat_offender
1,0,4,228,226.3,False,False,False,False,0,21.1,14,2,0,casual_legit
0,0,1,142,256.7,False,False,False,False,0,39.5,11,2,0,casual_legit
0,0,3,192,,False,False,False,False,0,130.6,11,2,0,casual_legit
0,0,2,144,292.5,False,False,False,False,0,129.5,4,1,0,casual_legit
6,5,3,79,280.0,False,False,True,False,0,25.2,5,2,0,careful_human_attacker
0,0,4,22,227.2,False,False,False,False,0,53.8,7,1,0,casual_legit
0,0,2,3,343.7,False,True,False,False,0,44.4,9,3,0,mobile_legit
1,1,7,3,128.1,True,False,False,False,4,4.6,2,4,1,repeat_offender
1,0,4,141,227.5,True,True,True,True,0,52.2,13,3,0,legit_on_vpn
1,0,4,258,230.5,True,False,False,False,0,18.0,13,3,0,legit_on_vpn
0,0,3,94,244.8,False,False,False,False,0,66.1,10,2,0,casual_legit
0,0,3,13,302.5,True,False,False,False,0,47.2,6,2,0,mobile_legit
3,3,19,5,59.0,True,False,False,False,5,9.6,0,4,1,repeat_offender
4,0,20,1,,True,True,True,False,1,0.4,0,1,1,credential_stuffing_bot
0,0,3,217,274.0,False,False,False,True,0,48.0,8,2,0,casual_legit
5,4,10,64,184.5,False,False,False,True,0,46.3,7,4,1,careful_human_attacker
0,0,37,0,,False,True,True,False,0,3.8,0,11,1,scraper_bot
4,0,17,0,35.9,True,False,True,False,1,0.3,1,1,1,credential_stuffing_bot
2,1,13,5,84.0,True,False,False,False,2,8.6,1,2,1,repeat_offender
0,0,4,177,164.3,False,False,False,False,0,55.5,13,1,0,casual_legit
0,0,47,0,70.6,True,True,True,True,0,0.8,1,14,1,scraper_bot
0,0,3,16,313.9,False,False,False,False,0,59.4,10,2,0,mobile_legit
2,1,30,2,,False,False,True,True,3,2.5,0,1,1,credential_stuffing_bot
0,0,3,154,205.8,False,False,False,False,0,69.9,11,3,0,casual_legit
0,1,4,106,,False,False,False,True,0,14.4,10,2,0,casual_legit
0,0,4,15,302.1,False,False,False,False,0,69.8,5,3,0,mobile_legit
0,0,18,3,,True,True,True,False,0,3.6,0,17,1,scraper_bot
0,0,40,0,,False,True,True,False,0,0.4,1,17,1,scraper_bot
0,0,3,139,242.4,False,False,False,True,0,7.4,11,2,0,casual_legit
3,1,13,234,232.6,False,False,False,False,1,16.7,10,1,1,careful_human_attacker
0,0,2,130,238.7,False,False,False,False,0,23.1,10,2,0,casual_legit
0,0,3,30,,False,False,False,False,0,93.9,5,1,0,mobile_legit
0,0,3,139,248.3,True,False,False,True,0,112.7,6,2,0,legit_on_vpn
0,0,4,98,213.2,False,False,False,False,0,20.8,10,2,1,casual_legit
2,0,22,2,,False,False,True,False,1,5.8,3,3,0,repeat_offender
0,0,3,0,313.4,False,False,False,False,0,85.9,3,1,0,mobile_legit
3,2,19,7,89.5,True,False,False,True,2,12.9,3,2,1,repeat_offender
0,0,1,139,,True,False,False,False,0,11.2,10,1,0,legit_on_vpn
1,1,2,3,52.5,False,True,False,False,3,8.7,3,4,1,repeat_offender
0,0,3,154,259.7,False,False,False,False,0,7.5,16,3,0,casual_legit
7,0,26,1,43.0,False,False,False,False,1,9.1,0,2,1,credential_stuffing_bot
4,0,17,0,20.4,False,False,True,False,2,0.6,0,1,1,credential_stuffing_bot
3,0,11,2,,True,False,False,False,1,6.6,1,4,1,repeat_offender
1,0,2,87,258.0,False,False,False,False,0,55.0,7,3,0,casual_legit
0,0,5,87,,False,False,False,True,0,13.2,8,1,1,legit_password_typo
2,1,8,11,99.5,True,True,False,False,3,2.6,3,5,1,repeat_offender
0,0,6,223,286.4,False,False,False,False,0,5.5,10,3,0,casual_legit
4,0,2,10,,False,True,False,False,3,7.4,5,6,1,repeat_offender
5,0,7,206,154.6,False,False,True,False,0,20.5,12,5,1,careful_human_attacker
4,1,41,0,35.6,True,False,False,False,1,1.6,1,2,1,credential_stuffing_bot
0,0,1,189,218.3,False,False,False,True,0,22.1,5,2,0,casual_legit
0,1,4,125,172.1,False,False,False,False,0,17.2,7,2,0,legit_password_typo
6,1,20,0,53.3,False,False,True,True,1,1.0,0,1,1,credential_stuffing_bot
0,0,3,233,228.1,False,False,False,False,0,12.2,14,2,0,casual_legit
0,0,0,16,,False,False,False,False,0,15.7,5,3,0,mobile_legit
0,0,1,0,362.2,False,False,True,False,0,25.0,12,2,0,mobile_legit
1,0,4,14,310.5,False,False,False,True,0,21.6,6,4,0,mobile_legit
0,0,4,5,207.9,False,False,False,True,0,18.0,4,1,0,mobile_legit
0,0,2,135,275.0,True,False,False,False,0,48.2,9,3,0,legit_on_vpn
6,3,31,0,,False,True,True,True,1,1.0,0,1,1,credential_stuffing_bot
1,0,42,0,,False,False,True,False,1,0.4,0,9,1,scraper_bot
0,0,4,20,368.2,False,False,False,False,0,46.0,5,2,0,mobile_legit
0,0,36,0,15.0,False,True,True,True,0,1.2,0,13,0,scraper_bot
0,0,1,164,305.6,False,False,False,False,0,8.8,11,2,0,casual_legit
0,0,0,230,225.1,False,False,False,False,0,33.7,9,1,0,casual_legit
1,0,5,11,94.6,True,True,False,False,2,5.0,2,3,0,repeat_offender
1,0,4,106,260.0,False,False,False,False,0,8.1,9,2,0,casual_legit
0,0,2,16,295.5,False,False,False,False,0,5.6,7,2,0,mobile_legit
5,2,10,124,198.4,True,False,False,False,1,56.7,12,2,1,careful_human_attacker
0,0,4,268,205.2,False,False,False,False,0,8.6,8,1,0,casual_legit
3,0,3,134,202.9,False,False,False,False,0,156.3,12,2,0,legit_password_typo
0,0,6,176,159.6,False,False,False,False,0,56.8,11,2,0,legit_password_typo
1,0,4,74,278.3,False,False,False,False,0,10.1,6,2,0,casual_legit
3,1,36,0,59.6,False,True,True,True,0,1.1,0,1,1,credential_stuffing_bot
0,0,3,151,285.3,False,False,False,False,0,19.1,8,3,0,casual_legit
0,0,4,66,260.3,True,False,False,False,0,45.5,10,2,0,legit_on_vpn
0,0,2,124,236.3,False,False,False,False,0,33.8,9,4,0,legit_on_vpn
1,0,5,224,237.5,True,False,False,False,0,9.2,10,4,0,legit_password_typo
0,0,2,186,215.0,False,False,False,False,0,47.2,11,2,0,casual_legit
0,0,3,0,282.6,False,False,False,False,0,36.6,3,4,0,mobile_legit
0,1,47,0,,False,False,False,False,0,3.0,0,15,1,scraper_bot
0,0,35,1,48.0,False,True,True,False,0,0.8,0,19,1,scraper_bot
0,0,6,186,236.7,False,False,False,False,0,38.8,15,4,0,legit_on_vpn
0,0,3,224,287.6,True,False,False,False,0,17.4,9,4,0,casual_legit
0,0,2,240,150.0,False,False,False,False,0,10.3,10,3,1,casual_legit
4,3,8,178,138.8,False,True,False,False,0,10.0,5,3,1,careful_human_attacker
0,0,3,180,,False,False,False,False,0,59.6,10,2,0,casual_legit
0,0,6,11,307.7,False,False,False,False,0,62.8,5,1,0,mobile_legit
2,0,7,165,159.0,False,False,False,False,0,15.6,12,3,1,careful_human_attacker
0,0,5,174,215.7,False,False,False,False,0,22.7,14,2,0,casual_legit
3,0,7,168,209.4,True,False,False,False,1,16.3,5,5,1,careful_human_attacker
0,1,1,196,249.4,False,False,False,False,0,19.8,14,2,0,legit_password_typo
3,0,18,3,214.5,False,True,False,False,7,2.3,1,1,1,repeat_offender
0,0,3,21,206.1,False,False,False,False,0,7.8,4,2,1,mobile_legit
0,0,1,184,216.5,True,False,False,False,0,14.2,8,2,0,legit_on_vpn
0,0,1,0,369.1,False,False,False,False,0,4.8,10,3,0,mobile_legit
0,0,47,0,,True,False,True,False,0,3.0,0,8,1,scraper_bot
1,3,13,1,16.8,False,False,True,True,0,0.4,0,1,1,credential_stuffing_bot
5,2,3,149,212.6,False,True,False,True,0,9.9,4,6,0,careful_human_attacker
0,0,2,129,239.7,False,False,False,False,0,14.3,9,2,0,casual_legit
2,0,27,1,,False,True,True,False,2,1.6,0,1,1,credential_stuffing_bot
0,0,3,0,339.2,False,False,False,False,0,94.8,9,4,0,mobile_legit
1,1,14,7,74.9,False,False,False,False,5,2.1,4,4,1,repeat_offender
0,0,3,104,209.4,False,False,True,False,0,34.1,8,3,0,casual_legit
0,0,31,1,,False,True,True,False,0,3.6,0,15,1,scraper_bot
0,1,25,9,,False,False,False,False,1,7.9,3,4,1,repeat_offender
4,0,23,1,42.1,True,True,False,True,0,0.4,0,1,1,credential_stuffing_bot
0,0,1,194,173.1,False,False,False,False,0,9.5,10,2,0,casual_legit
4,0,35,1,,True,False,False,False,1,1.1,1,2,1,credential_stuffing_bot
1,0,3,29,275.5,True,False,False,False,0,57.7,9,2,0,mobile_legit
1,0,5,180,218.0,False,False,False,False,0,9.3,9,2,0,legit_password_typo
8,0,15,0,,True,False,True,True,2,0.2,1,2,1,credential_stuffing_bot
0,0,11,0,,False,True,True,True,2,1.5,0,11,1,scraper_bot
0,0,41,0,,False,False,False,False,1,1.0,1,14,1,scraper_bot
0,1,45,3,,True,True,True,True,0,0.8,1,18,1,scraper_bot
0,0,2,68,184.2,False,False,False,False,0,5.6,13,3,0,casual_legit
0,0,2,250,214.3,True,False,False,False,0,12.0,9,2,1,legit_on_vpn
3,3,10,4,126.1,True,False,False,False,3,17.5,1,3,1,repeat_offender
0,0,0,85,255.3,False,False,False,True,0,50.2,6,3,0,casual_legit
1,0,49,0,,False,True,True,True,0,3.6,0,11,1,scraper_bot
6,0,29,1,15.0,False,False,False,False,1,1.7,0,1,1,credential_stuffing_bot
0,0,4,89,210.7,False,False,False,False,0,9.2,5,2,0,casual_legit
0,1,1,0,235.6,False,False,False,False,0,37.1,10,5,0,mobile_legit
0,0,5,157,256.3,False,False,False,False,0,43.8,10,1,0,casual_legit
0,0,3,187,152.7,False,False,False,False,0,10.0,13,3,1,casual_legit
0,0,3,75,,False,False,False,True,0,27.6,15,3,0,casual_legit
0,0,5,18,330.6,False,False,False,False,0,230.0,7,1,0,mobile_legit
0,0,2,21,,False,False,False,False,0,18.1,2,5,0,mobile_legit
0,0,3,227,192.2,False,False,False,False,0,58.5,9,1,0,casual_legit
6,1,29,0,,True,False,True,False,2,0.9,0,2,1,credential_stuffing_bot
0,0,5,212,151.6,False,False,False,False,0,48.4,14,2,0,casual_legit
0,0,3,107,280.0,False,False,False,False,0,5.4,9,4,0,casual_legit
1,0,37,0,49.0,False,True,True,False,1,2.9,1,23,1,scraper_bot
0,0,42,1,36.7,False,False,True,False,0,0.7,0,26,1,scraper_bot
1,1,7,220,166.4,False,False,True,False,1,15.0,7,3,1,careful_human_attacker
0,0,2,45,297.4,False,False,False,False,0,81.0,10,3,0,mobile_legit
0,0,1,166,229.5,False,False,False,False,0,20.7,4,2,0,casual_legit
0,0,4,185,154.7,False,False,False,False,0,98.0,13,2,0,casual_legit
3,0,14,6,106.2,True,False,False,False,2,28.5,2,2,1,repeat_offender
0,0,2,171,277.0,False,False,False,True,0,15.2,10,3,0,casual_legit
0,0,3,22,197.7,False,False,False,False,0,19.6,6,1,0,mobile_legit
1,0,8,92,253.1,False,False,False,False,0,71.9,13,2,0,legit_password_typo
0,0,4,126,168.0,False,False,False,False,0,10.1,8,1,0,casual_legit
0,0,2,1,,True,False,False,False,0,5.7,8,2,0,mobile_legit
1,0,3,58,,False,False,False,True,0,151.5,10,3,0,casual_legit
0,0,50,1,,False,True,False,False,0,1.1,0,18,1,scraper_bot
4,0,5,235,189.9,True,True,False,True,0,28.6,7,2,1,careful_human_attacker
0,0,2,0,302.9,False,False,False,False,0,34.3,3,2,0,mobile_legit
0,0,5,185,310.1,False,False,False,False,0,41.2,18,3,0,casual_legit
4,1,11,106,213.8,True,False,False,False,1,5.2,12,3,1,careful_human_attacker
0,0,5,277,321.0,False,False,False,False,0,24.7,6,3,0,casual_legit
0,0,3,11,188.9,False,False,False,False,0,33.1,7,2,0,mobile_legit
0,0,3,103,237.9,False,False,False,False,0,21.1,10,8,0,casual_legit
3,0,5,185,247.3,False,False,False,False,0,9.4,6,2,0,legit_password_typo
1,1,1,278,195.2,False,False,False,False,0,32.8,6,4,0,casual_legit
0,0,0,96,244.8,True,False,False,True,0,6.8,10,1,0,legit_on_vpn
0,0,2,191,214.8,False,False,False,False,0,237.2,6,6,0,legit_password_typo
0,0,5,9,329.8,False,False,False,True,0,8.6,3,2,0,mobile_legit
0,0,4,86,301.3,False,False,False,False,0,65.6,4,2,0,casual_legit
0,0,3,0,292.7,False,False,False,True,0,61.3,5,1,0,mobile_legit
4,0,38,0,21.9,False,False,True,True,1,1.9,1,1,1,credential_stuffing_bot
1,0,48,0,44.3,True,False,True,False,0,2.2,0,17,1,scraper_bot
2,0,11,0,43.3,True,False,True,False,1,1.3,0,1,0,credential_stuffing_bot
0,0,1,131,204.2,False,False,False,False,0,15.8,9,2,0,casual_legit
4,0,37,1,,True,True,True,False,1,0.4,0,1,1,credential_stuffing_bot
1,1,3,44,350.4,False,False,False,False,0,35.9,4,1,0,mobile_legit
0,0,5,70,193.5,False,False,False,False,0,82.1,8,2,0,casual_legit
2,0,3,0,,True,False,True,True,2,1.5,0,1,1,credential_stuffing_bot
9,0,39,1,22.6,True,True,True,True,0,0.2,2,2,1,credential_stuffing_bot
2,1,24,0,20.8,False,False,True,False,1,1.4,0,1,1,credential_stuffing_bot
0,0,3,14,221.8,False,False,True,False,0,69.3,10,3,0,mobile_legit
0,0,55,0,80.2,True,True,True,False,0,0.7,1,18,1,scraper_bot
2,3,1,6,,True,False,True,True,1,10.4,3,1,1,repeat_offender
3,1,45,0,,False,True,False,False,1,0.6,0,1,1,credential_stuffing_bot
0,0,1,193,260.0,False,False,False,True,0,76.7,7,1,1,casual_legit
7,1,31,0,,True,False,True,True,2,0.9,0,1,1,credential_stuffing_bot
0,0,25,0,,False,False,True,False,0,4.5,0,11,1,scraper_bot
0,0,4,192,243.3,True,False,False,False,0,10.8,11,2,0,legit_on_vpn
1,0,2,207,283.6,False,False,False,False,0,49.7,9,1,0,legit_password_typo
1,0,5,147,,False,False,False,False,0,5.9,6,2,0,casual_legit
0,0,2,187,231.6,False,False,False,False,0,9.8,15,2,0,casual_legit
2,0,25,9,77.0,True,False,True,True,2,6.6,1,3,1,repeat_offender
0,0,1,12,363.1,False,False,False,False,0,7.9,10,2,0,mobile_legit
0,0,4,26,331.6,False,False,False,False,0,80.6,3,3,0,mobile_legit
0,0,3,231,212.8,False,False,False,False,0,29.6,11,4,0,casual_legit
4,1,6,220,151.1,True,False,False,False,1,13.6,6,4,1,careful_human_attacker
0,0,24,9,53.6,True,False,False,True,1,6.5,2,3,1,repeat_offender
1,0,3,10,288.1,True,False,False,True,0,63.3,4,1,1,mobile_legit
0,0,5,6,331.4,False,False,False,False,0,24.6,7,2,0,mobile_legit
0,0,5,211,274.1,False,False,False,False,0,109.4,7,4,0,casual_legit
0,0,3,170,252.7,False,False,False,True,0,24.9,9,1,1,legit_on_vpn
0,0,41,1,63.1,False,True,True,False,2,4.9,0,19,1,scraper_bot
3,0,40,0,,False,True,False,False,1,0.4,0,1,1,credential_stuffing_bot
0,0,5,194,244.6,False,False,False,False,0,17.5,4,3,0,casual_legit
6,2,46,0,,True,False,True,True,1,0.4,0,2,1,credential_stuffing_bot
0,0,2,7,269.6,False,False,False,True,0,54.6,4,4,0,mobile_legit
0,0,3,16,312.6,False,False,False,False,0,11.0,6,3,0,mobile_legit
2,2,17,6,24.2,False,False,True,True,2,8.8,1,3,1,repeat_offender
8,1,24,1,16.8,True,True,True,True,2,1.7,0,2,1,credential_stuffing_bot
0,0,2,16,289.3,False,False,False,False,0,56.3,4,2,0,mobile_legit
0,0,3,30,259.3,False,False,False,False,0,57.5,5,1,0,mobile_legit
0,0,3,164,155.1,False,False,False,False,0,13.1,7,2,0,casual_legit
0,0,3,303,197.1,False,False,False,False,1,7.6,5,4,0,casual_legit
0,0,2,168,290.6,True,False,False,False,0,171.3,10,4,0,legit_on_vpn
5,0,29,0,35.2,True,False,True,True,2,1.2,1,1,1,credential_stuffing_bot
2,0,11,6,65.8,True,True,False,False,1,4.4,2,5,1,repeat_offender
0,0,3,19,295.0,False,False,False,True,0,57.5,6,2,0,mobile_legit
1,0,7,197,270.1,False,False,False,False,0,67.3,12,4,0,legit_password_typo
0,0,4,166,266.5,True,False,False,False,1,36.3,10,2,0,legit_on_vpn
2,1,12,2,38.5,True,False,True,False,0,0.4,0,1,1,credential_stuffing_bot
5,0,39,0,32.3,True,True,False,True,0,0.4,1,2,1,credential_stuffing_bot
0,1,4,281,168.9,False,False,False,False,0,54.5,13,2,0,casual_legit
1,0,4,8,97.9,True,True,True,True,3,2.6,2,4,1,repeat_offender
0,0,4,82,197.6,False,False,False,False,0,53.5,4,3,0,casual_legit
4,0,23,1,,True,True,True,True,2,3.5,0,2,1,credential_stuffing_bot
2,1,4,1,,True,True,True,True,0,0.4,0,1,1,credential_stuffing_bot
0,0,3,0,310.7,False,False,False,False,0,59.8,7,2,0,mobile_legit
4,3,10,145,283.7,True,False,False,False,0,61.0,7,2,1,careful_human_attacker
3,1,3,97,139.5,False,False,False,False,0,44.6,13,4,0,legit_password_typo
0,0,1,244,267.7,False,False,False,False,0,11.7,9,4,0,casual_legit
5,2,13,1,15.0,True,True,True,False,1,6.0,0,1,1,credential_stuffing_bot
1,0,45,0,34.1,True,False,False,False,0,1.8,0,1,1,credential_stuffing_bot
3,3,7,126,177.2,False,False,False,False,1,65.0,9,4,1,careful_human_attacker
0,0,3,154,211.0,False,False,False,False,0,15.5,12,4,0,casual_legit
0,1,3,26,242.1,False,False,False,False,0,102.8,7,1,0,mobile_legit
3,0,16,0,49.6,True,False,True,False,1,4.6,0,2,1,credential_stuffing_bot
1,1,1,11,173.6,False,False,False,False,4,2.0,5,5,1,repeat_offender
0,0,4,91,176.2,False,False,False,False,0,10.8,10,1,0,casual_legit
0,1,2,157,204.0,False,False,False,False,0,55.5,11,2,0,casual_legit
1,1,5,174,209.8,False,False,False,False,0,10.6,3,4,0,casual_legit
4,0,28,1,,True,True,True,True,0,1.0,0,1,1,credential_stuffing_bot
3,0,10,10,,True,False,False,True,3,8.0,4,6,1,repeat_offender
4,1,17,6,107.8,False,False,False,False,2,8.1,2,4,1,repeat_offender
0,0,5,0,273.4,False,False,False,True,0,10.5,8,3,0,mobile_legit
2,0,32,0,,True,True,True,False,1,2.2,1,3,1,credential_stuffing_bot
3,0,11,0,29.1,True,False,False,True,1,0.8,0,1,1,credential_stuffing_bot
3,0,13,0,43.8,False,False,True,False,0,0.3,0,1,1,credential_stuffing_bot
0,0,3,15,294.8,False,False,False,False,0,82.0,6,3,0,mobile_legit
0,0,3,11,231.0,False,False,False,False,0,25.9,6,2,0,mobile_legit
0,0,5,279,247.6,False,False,False,False,0,7.6,10,4,0,casual_legit
0,0,16,0,,False,False,True,False,1,1.9,0,15,1,scraper_bot
0,1,5,12,258.6,False,False,False,False,0,36.8,3,2,0,mobile_legit
0,0,1,202,238.6,False,False,False,False,0,30.7,5,2,0,casual_legit
1,1,26,0,,False,True,False,False,0,1.4,0,1,1,credential_stuffing_bot
0,0,4,7,396.8,False,False,False,False,0,9.5,5,1,0,mobile_legit
1,0,3,23,,False,False,False,True,0,29.2,5,1,0,mobile_legit
1,0,2,145,294.5,False,False,False,False,0,87.9,6,1,0,casual_legit
5,1,20,0,,True,False,False,False,0,3.2,1,1,1,credential_stuffing_bot
1,0,51,2,45.0,False,False,True,False,1,0.4,1,14,1,scraper_bot
0,0,5,157,211.1,False,False,False,False,0,38.9,11,2,0,casual_legit
0,0,9,157,318.3,True,False,False,False,0,31.5,0,2,0,legit_on_vpn
1,0,3,24,287.6,False,False,False,False,0,57.5,1,1,0,mobile_legit
0,0,1,112,209.1,False,False,False,True,0,121.1,8,2,0,casual_legit
1,2,13,180,171.4,False,True,False,False,0,31.6,8,2,1,careful_human_attacker
2,0,16,2,49.1,False,False,True,False,0,3.7,2,13,1,scraper_bot
0,0,23,12,143.5,False,False,True,True,4,6.2,4,5,1,repeat_offender
1,0,42,1,47.3,False,True,True,False,0,1.3,0,13,1,scraper_bot
0,0,3,127,140.1,False,False,False,False,0,12.1,12,2,0,casual_legit
0,0,44,0,,False,False,False,False,0,4.3,1,11,1,scraper_bot
1,0,5,78,187.6,False,False,False,False,0,12.3,14,3,1,legit_password_typo
3,1,22,0,29.6,True,False,True,False,2,0.4,0,1,1,credential_stuffing_bot
1,0,3,313,242.0,False,False,False,False,0,28.8,8,3,0,casual_legit
2,2,9,120,149.7,True,False,False,False,1,12.1,6,3,1,careful_human_attacker
0,0,1,27,150.2,False,False,True,True,0,14.1,6,1,0,mobile_legit
0,0,3,288,236.2,True,False,False,False,0,31.5,3,2,0,casual_legit
2,0,15,6,59.5,False,False,False,False,1,1.9,2,4,1,repeat_offender
0,0,2,190,232.7,False,False,False,False,0,112.9,8,3,0,casual_legit
3,2,8,18,158.2,False,False,False,False,0,5.7,5,2,1,careful_human_attacker
2,1,17,6,,True,False,False,False,0,5.0,5,5,1,repeat_offender
0,1,37,1,,False,True,False,True,0,2.2,0,13,1,scraper_bot
3,0,25,0,34.8,False,True,True,False,1,3.2,1,3,1,credential_stuffing_bot
0,0,5,84,229.6,False,False,False,False,0,37.2,7,6,0,casual_legit
0,0,4,174,217.2,True,False,False,False,0,55.6,6,2,0,legit_on_vpn
3,4,7,107,248.6,False,False,False,True,1,13.9,5,5,1,careful_human_attacker
0,0,3,171,,False,False,False,False,0,92.4,9,3,0,casual_legit
0,0,2,68,187.0,True,False,False,False,0,91.3,10,4,0,legit_on_vpn
2,2,7,70,120.4,False,False,False,False,0,28.0,3,5,1,careful_human_attacker
0,0,2,157,,False,False,False,False,0,25.4,8,2,0,casual_legit
7,1,1,161,222.1,True,False,False,False,0,45.7,9,5,1,careful_human_attacker
0,0,6,190,232.2,True,False,False,False,0,74.4,12,2,0,casual_legit
3,0,3,191,260.1,False,False,False,False,0,34.3,8,4,0,legit_password_typo
1,0,1,27,227.9,False,False,False,False,0,36.5,8,1,0,mobile_legit
3,0,34,0,44.4,True,True,True,False,1,1.1,0,1,1,credential_stuffing_bot
3,3,5,130,240.8,False,False,False,True,0,44.0,2,7,1,careful_human_attacker
5,1,26,1,51.3,True,False,False,False,0,0.9,0,3,1,credential_stuffing_bot
0,0,5,195,248.8,False,False,False,False,0,51.9,21,2,0,casual_legit
0,0,2,10,,True,False,False,True,0,25.7,6,2,0,mobile_legit
0,0,41,0,,False,True,True,True,0,0.4,1,17,1,scraper_bot
0,0,2,14,337.1,False,False,False,False,0,56.9,3,2,0,mobile_legit
1,0,52,1,33.8,True,True,True,False,0,0.5,0,8,1,scraper_bot
0,1,1,207,238.1,False,False,False,False,0,66.5,12,6,0,casual_legit
2,0,41,0,26.4,True,True,True,False,0,0.6,0,1,1,credential_stuffing_bot
2,0,1,12,306.0,True,False,False,True,0,70.0,12,3,0,mobile_legit
0,0,2,142,177.0,False,False,False,False,0,6.5,12,4,0,casual_legit
0,0,2,219,247.0,True,False,False,False,0,22.0,4,2,0,legit_on_vpn
6,0,11,241,211.4,False,False,False,False,1,12.1,3,1,1,careful_human_attacker
0,0,3,24,,False,False,False,False,0,107.7,7,1,0,mobile_legit
4,4,4,194,92.6,True,False,False,False,0,29.0,6,3,1,careful_human_attacker
2,0,29,0,,False,False,True,False,2,4.8,0,1,1,credential_stuffing_bot
1,0,50,0,35.0,False,False,False,False,0,0.9,0,15,1,scraper_bot
1,0,5,194,217.9,False,False,False,True,0,11.5,12,1,0,casual_legit
0,0,49,0,47.7,True,False,True,True,0,1.2,1,13,1,scraper_bot
0,0,5,42,,False,False,False,False,0,14.7,7,1,0,mobile_legit
0,0,44,0,52.6,True,True,True,False,0,0.9,0,13,1,scraper_bot
3,1,16,127,177.7,False,True,True,True,0,13.3,6,4,1,careful_human_attacker
0,0,4,187,211.3,False,False,False,False,0,133.6,12,1,0,casual_legit
0,0,2,12,246.7,False,False,False,False,0,65.5,6,2,0,mobile_legit
2,1,18,0,,False,True,True,False,0,5.0,0,1,1,credential_stuffing_bot
0,0,5,251,232.4,True,False,False,False,0,32.0,9,2,0,legit_on_vpn
0,0,34,0,,False,True,True,False,0,0.8,0,14,1,scraper_bot
0,0,5,183,261.2,True,False,False,False,0,25.9,8,2,0,legit_on_vpn
6,1,25,1,16.7,False,False,False,True,1,0.3,0,1,1,credential_stuffing_bot
0,0,1,170,265.0,False,False,False,False,0,32.8,6,2,0,casual_legit
3,3,9,54,305.9,True,False,True,True,0,56.7,2,2,1,careful_human_attacker
4,4,12,0,33.3,True,False,True,False,0,0.8,1,1,1,credential_stuffing_bot
6,1,28,0,26.4,True,False,True,False,0,1.7,1,1,1,credential_stuffing_bot
1,1,14,173,247.6,False,False,False,False,0,16.2,4,2,1,careful_human_attacker
0,0,3,218,235.9,False,False,False,False,0,43.6,14,1,0,casual_legit
0,0,3,17,302.8,False,False,False,False,0,20.3,5,4,0,mobile_legit
0,0,3,131,243.7,False,False,False,False,1,47.7,9,2,0,casual_legit
2,0,17,1,,False,True,True,False,0,0.5,1,2,1,credential_stuffing_bot
2,1,24,1,15.0,True,False,False,False,0,0.5,0,1,1,credential_stuffing_bot
0,0,3,58,257.7,False,False,True,False,0,12.4,11,2,0,casual_legit
0,0,3,179,185.3,False,False,False,False,0,73.9,6,3,0,casual_legit
2,0,4,127,142.6,False,False,False,False,0,181.6,7,3,0,legit_password_typo
0,0,0,189,199.7,False,False,False,False,0,35.4,6,3,0,casual_legit
4,0,43,0,15.0,False,True,True,True,0,1.2,0,1,1,credential_stuffing_bot
2,1,8,222,176.8,False,False,False,False,0,5.4,9,2,1,careful_human_attacker
0,0,3,203,276.7,False,False,False,False,0,6.9,9,2,0,casual_legit
0,0,6,190,144.0,False,False,False,False,0,48.9,9,1,0,casual_legit
0,0,38,0,44.7,True,True,False,True,0,7.6,0,17,1,scraper_bot
3,1,19,0,42.2,False,False,False,False,0,4.0,0,2,1,credential_stuffing_bot
0,0,17,2,,True,False,False,False,0,1.8,0,14,1,scraper_bot
1,0,3,192,192.4,False,False,False,False,0,88.1,13,1,0,legit_password_typo
4,1,29,0,,True,True,True,True,2,1.0,0,1,1,credential_stuffing_bot
0,0,5,169,144.5,False,False,False,False,0,152.4,7,1,0,casual_legit
0,0,2,245,244.2,True,False,False,False,0,60.0,10,3,0,casual_legit
0,0,3,196,239.9,False,False,False,False,0,65.8,12,3,0,casual_legit
1,0,4,211,,False,True,False,True,0,127.1,8,1,1,careful_human_attacker
0,0,33,0,,False,True,True,True,0,1.9,0,16,1,scraper_bot
1,1,8,8,139.2,False,True,True,False,1,3.7,6,5,1,repeat_offender
1,0,2,143,204.2,False,False,False,False,0,34.9,8,3,0,casual_legit
1,0,2,222,204.7,False,False,False,False,0,12.5,5,2,0,casual_legit
0,0,1,8,360.8,True,False,False,True,0,25.9,5,4,0,mobile_legit
2,0,18,11,,False,True,True,False,1,2.1,0,3,1,repeat_offender
0,0,7,223,168.2,True,False,False,False,0,84.7,7,1,1,legit_on_vpn
0,0,4,6,313.5,False,False,False,False,0,5.7,5,2,0,mobile_legit
3,2,25,0,,False,True,False,True,0,0.6,0,1,1,credential_stuffing_bot
0,0,23,2,46.5,False,False,True,False,1,1.9,2,12,1,scraper_bot
0,0,2,180,204.2,False,False,False,True,0,48.9,4,3,0,casual_legit
0,0,1,142,179.5,False,False,False,False,0,23.1,12,2,0,casual_legit
0,0,3,209,,False,False,False,False,0,23.9,11,2,0,legit_password_typo
2,0,3,93,197.0,False,False,False,False,0,12.3,11,3,0,casual_legit
5,1,32,0,42.3,True,True,True,False,2,0.5,0,2,1,credential_stuffing_bot
3,1,10,204,244.1,False,False,False,False,0,8.2,8,5,1,careful_human_attacker
1,1,36,1,,True,True,True,False,1,6.7,2,16,1,scraper_bot
0,0,1,152,260.6,True,False,False,True,0,88.6,11,1,0,legit_on_vpn
0,0,3,93,246.8,False,False,False,False,0,49.4,8,2,0,casual_legit
0,0,0,149,209.1,False,False,False,True,0,49.4,14,3,0,legit_password_typo
7,0,30,0,,False,False,True,False,0,2.5,1,2,1,credential_stuffing_bot
1,0,5,253,316.6,False,False,False,False,0,162.6,12,1,0,casual_legit
0,0,1,31,271.4,False,False,False,False,0,42.6,4,3,0,mobile_legit
0,0,1,88,283.7,False,False,False,False,0,119.3,5,1,0,casual_legit
0,0,2,16,337.3,False,False,False,False,0,5.2,4,4,0,mobile_legit
1,2,13,7,128.1,False,True,False,True,2,3.9,3,4,1,repeat_offender
2,0,7,198,183.5,False,False,False,False,0,46.9,13,2,0,legit_password_typo
1,0,1,143,214.2,False,False,False,False,0,38.2,11,1,0,casual_legit
0,0,5,169,243.6,False,False,False,False,0,51.7,3,5,0,casual_legit
0,0,2,20,355.2,False,False,False,True,0,56.4,5,2,0,mobile_legit
1,0,36,1,,True,True,False,True,0,1.1,0,18,1,scraper_bot
0,0,7,175,271.7,False,False,False,False,0,14.9,7,2,0,casual_legit
2,0,4,201,281.5,False,False,False,False,0,71.3,11,2,0,legit_password_typo
0,0,4,110,195.6,False,False,False,False,0,34.7,6,3,0,casual_legit
0,0,1,222,208.2,False,False,False,False,0,91.4,7,1,0,casual_legit
0,0,3,4,55.7,False,True,False,False,0,7.2,4,3,1,repeat_offender
1,0,4,61,233.0,False,False,False,False,0,11.4,8,1,0,casual_legit
2,2,5,112,191.4,True,False,False,False,1,10.2,11,4,1,careful_human_attacker
5,0,56,0,,True,False,False,True,3,3.2,0,2,1,credential_stuffing_bot
0,0,18,0,51.2,True,False,True,False,1,2.2,1,17,1,scraper_bot
0,0,3,144,231.0,False,False,False,False,0,31.0,8,2,0,casual_legit
4,1,9,103,184.4,False,False,False,False,0,49.8,4,6,1,careful_human_attacker
0,0,4,217,181.4,False,False,False,False,0,43.4,4,3,0,casual_legit
1,1,11,2,73.9,True,False,True,True,4,5.8,1,4,1,repeat_offender
0,0,4,34,236.1,False,False,False,True,0,18.2,4,1,0,mobile_legit
0,0,0,283,294.6,False,False,False,False,0,27.1,13,3,0,casual_legit
0,1,3,163,239.8,False,False,False,False,0,180.4,12,1,0,casual_legit
0,0,4,124,264.5,False,False,False,False,0,20.2,7,4,0,casual_legit
0,0,2,142,178.7,False,False,False,True,0,31.9,10,4,0,casual_legit
0,0,4,81,270.4,False,False,False,False,0,110.1,6,1,0,casual_legit
0,0,3,190,260.8,False,False,False,True,0,23.2,4,2,0,casual_legit
2,0,15,0,16.9,True,False,False,False,0,0.7,1,1,1,credential_stuffing_bot
1,0,47,1,,False,True,True,True,2,6.2,1,16,1,scraper_bot
0,0,2,24,273.7,False,False,False,True,0,108.2,5,4,0,mobile_legit
1,0,26,0,,False,True,True,False,1,2.1,0,12,1,scraper_bot
0,0,2,156,189.3,False,False,False,False,0,6.0,9,3,0,casual_legit
0,0,3,42,178.1,True,False,False,False,0,116.1,9,2,0,legit_password_typo
0,0,3,8,,False,False,False,False,0,71.3,8,2,0,mobile_legit
0,0,5,7,291.3,False,False,False,True,0,11.3,7,2,0,mobile_legit
0,0,2,155,255.6,False,False,False,True,0,38.3,5,3,0,casual_legit
4,0,8,186,197.0,True,False,False,False,0,8.6,4,5,1,careful_human_attacker
0,0,2,221,187.5,False,False,False,False,0,11.3,8,2,0,casual_legit
1,0,8,3,71.7,True,True,False,False,0,5.5,4,3,1,repeat_offender
0,0,4,106,172.1,False,False,False,True,0,7.8,9,2,0,casual_legit
0,0,4,215,160.2,True,True,False,False,0,88.1,17,4,0,legit_on_vpn
0,0,4,15,296.9,False,False,False,True,0,17.0,6,2,0,mobile_legit
1,0,4,14,329.1,False,False,False,True,0,12.8,9,2,0,mobile_legit
2,0,10,124,204.4,False,False,False,True,0,47.3,9,2,1,careful_human_attacker
0,0,5,198,150.4,False,False,False,False,0,10.9,13,5,0,casual_legit
0,0,4,92,229.9,True,False,False,False,0,12.6,7,4,0,casual_legit
0,0,2,168,206.5,False,False,False,False,0,82.4,7,2,0,casual_legit
0,0,2,11,279.9,False,False,False,False,0,62.6,4,3,0,mobile_legit
2,0,27,7,,True,False,False,False,2,7.2,5,4,1,repeat_offender
1,0,2,295,208.2,False,False,False,False,0,215.8,13,2,0,casual_legit
2,1,7,7,,True,False,True,True,1,15.5,1,6,1,repeat_offender
0,0,4,203,246.7,False,False,False,False,0,60.4,12,4,0,casual_legit
0,0,5,187,273.0,False,False,False,False,0,47.5,10,1,0,casual_legit
0,0,3,68,270.0,False,False,False,True,0,11.8,5,2,0,casual_legit
0,1,6,9,144.8,False,False,True,True,2,10.8,0,6,1,repeat_offender
0,0,1,15,333.2,False,False,False,False,0,45.8,7,1,0,mobile_legit
1,1,13,0,47.2,True,True,True,True,1,1.4,0,1,1,credential_stuffing_bot
0,0,55,1,,False,True,True,False,0,2.8,0,22,1,scraper_bot
0,0,8,135,216.6,False,False,False,False,0,66.2,11,4,0,legit_password_typo
1,0,1,23,278.1,False,False,False,True,0,33.5,6,1,0,mobile_legit
0,0,3,99,222.1,True,False,False,False,0,41.3,6,1,0,legit_on_vpn
0,0,4,214,228.7,False,False,False,False,0,6.2,9,2,0,casual_legit
0,0,41,0,,False,True,False,False,1,1.7,1,10,0,scraper_bot
3,1,13,0,15.0,True,True,False,True,0,2.0,0,2,1,credential_stuffing_bot
7,0,34,0,,True,False,True,False,0,2.1,0,1,1,credential_stuffing_bot
0,0,1,297,280.5,True,False,False,True,0,26.0,13,4,0,casual_legit
4,1,13,76,195.9,True,False,True,True,0,19.2,5,8,1,careful_human_attacker
0,1,24,9,,True,True,True,False,3,2.6,1,3,1,repeat_offender
5,0,25,1,,False,False,False,True,1,1.0,1,1,1,credential_stuffing_bot
0,0,3,227,267.0,False,False,False,False,0,51.1,5,2,0,casual_legit
0,0,2,234,221.1,False,False,False,False,0,25.4,16,1,0,casual_legit
1,2,26,7,,False,True,False,True,3,9.3,3,8,1,repeat_offender
0,0,5,232,249.9,False,False,False,False,0,97.1,12,1,0,casual_legit
0,0,3,194,207.4,False,False,False,False,0,34.9,8,1,0,casual_legit
0,1,27,11,152.3,True,False,False,False,2,14.5,3,3,1,repeat_offender
0,0,2,22,362.7,False,False,False,False,0,18.3,9,2,0,mobile_legit
0,0,4,16,164.3,False,False,False,False,0,25.8,4,2,0,mobile_legit
0,0,2,28,314.3,False,False,False,False,0,24.3,6,2,0,mobile_legit
0,0,17,0,,False,True,True,False,0,1.3,0,14,1,scraper_bot
2,0,19,0,36.2,False,True,True,True,1,3.5,0,1,1,credential_stuffing_bot
1,0,6,159,128.4,True,False,False,False,0,43.5,12,3,0,legit_on_vpn
3,0,24,0,28.8,True,True,True,True,0,3.1,0,1,1,credential_stuffing_bot
0,0,4,189,177.2,True,False,False,False,0,48.7,6,3,0,casual_legit
0,0,19,1,,True,False,True,False,0,1.3,0,11,1,scraper_bot
4,3,32,0,,False,False,False,True,0,2.6,0,1,1,credential_stuffing_bot
1,0,4,0,,False,False,False,False,0,14.8,6,3,0,mobile_legit
0,0,2,28,262.9,False,False,False,False,0,14.6,8,2,0,mobile_legit
9,2,26,0,45.8,False,False,True,False,1,0.4,1,2,1,credential_stuffing_bot
3,0,19,0,,True,False,True,True,0,0.8,1,1,1,credential_stuffing_bot
4,0,33,0,,False,True,False,False,0,0.7,0,1,1,credential_stuffing_bot
0,0,4,252,176.3,False,False,False,False,0,11.7,6,2,0,casual_legit
2,3,24,6,102.8,False,False,False,False,6,13.3,3,3,1,repeat_offender
3,1,10,92,161.8,True,False,False,False,0,46.1,5,4,1,careful_human_attacker
